"資料集識別碼","資料集名稱","資料提供屬性","服務分類","品質檢測","檔案格式","資料下載網址","編碼格式","資資料集上架方式","資料集描述","主要欄位說明","提供機關","更新頻率","授權方式","相關網址","計費方式","提供機關聯絡人姓名","提供機關聯絡人電話","上架日期","詮釋資料更新時間","備註","資料量"
"178595","原住民族語言能力認證測驗-高級應考指南","檔案資料","求學及進修","無(未做品檢)","JSON;XML;CSV","https://data.cip.gov.tw/API/v1/dump/datastore/A53000000A-115009-001;https://data.cip.gov.tw/API/v1/dump/datastore/A53000000A-115009-002;https://data.cip.gov.tw/API/v1/dump/datastore/A53000000A-115009-003","UTF-8;UTF-8;UTF-8","系統介接程式","內容系統化解析聽力、口說、閱讀、寫作等核心題型與計分邏輯，彙整歷年高級測驗的試題範例、難度分布與答題技巧，並羅列高級字彙庫與評分準則，協助考生精準對接《原住民族語言發展法》下的專職族語工作或升學加分資格。","Seq(序號);DateListed(資料日期);西元年;名稱;描述;關鍵字;網址","原住民族委員會","不定期更新","政府資料開放授權條款-第1版","","免費","蔡淑慧 先生","(02)89953087","2026-09-12 00:00:00","2026-09-12 10:06:34","","1;1;1"
"83902","臺中市樂齡學習中心資訊","檔案資料","求學及進修","白金","CSV","https://newdatacenter.taichung.gov.tw/api/v1/no-auth/resource.download?rid=1df69190-fde4-4ba5-9b2d-0dcbb8ff7408","UTF-8","系統介接程式","臺中市29所樂齡學習中心聯絡資訊資料，旨在促進長者終身學習與自我成長。此資料集涵蓋各學習中心的聯絡方式，方便市民查詢並參與多元的學習活動，亦可協助市府規劃更完善的長者福利政策，以滿足不同族群的學習需求。","縣市別;行政區;新辦或續辦中心;承辦單位;樂齡中心名稱;樂齡學習中心電話;樂齡學習中心地址;樂齡中心聯絡人;機關代碼;縣市別代碼","臺中市政府教育局","不定期更新","政府資料開放授權條款-第1版","","免費","郭瓊儒","22289111-54522","2018-05-28 12:00:00","2026-09-11 09:02:13","臺中市政府OAS標準之API說明文件:https://datacenter.taichung.gov.tw/swagger/yaml/387040000E ，Swagger 產生API說明頁面網址。https://datacenter.taichung.gov.tw/swagger/api-docs/","29"
"18799","中央警察大學歷屆考題","檔案資料","求學及進修","白金","CSV","https://opdadm.moi.gov.tw/api/v1/no-auth/resource/api/dataset/04B497D4-C8D0-4A8B-9F86-4A645945B298/resource/F12D50D1-FA7E-43DF-8401-DEE8D86EAE04/download","UTF-8","系統介接程式","中央警察大學各班期近年招生入學考試考題：包括研究所博碩士班入學及甄試考題、學士班二年制技術系考題、警正班考題、警佐班考題、消佐班考題、海佐班考題等","SeqNo(序號);name(名稱);URL(網址);description(描述);theme(主題);FileExtension(檔案副檔名);Year(資料更新西元年)","中央警察大學","不定期更新","政府資料開放授權條款-第1版","","免費","詹培萱","03-3282321#4229","2015-08-06 15:15:07","2026-09-10 15:14:04","","1"
"137165","國防大學招生、考選簡章","檔案資料","求學及進修","白金","CSV","https://www.mnd.gov.tw/NewUpload/202609/國防大學招生、考選簡章_221786.csv","UTF-8","原始資料","提供國防大學深造、基礎教育及博碩士班等招生考選相關資訊等相關資料","SeqNo;DataName;Units;Date;Object;Start;End;Update;URL","國防大學","不定期更新","政府資料開放授權條款-第1版","","免費","杜先生","03-3801110#303120","2021-02-25 00:00:00","2026-09-10 09:33:23","OAS標準之API文件:https://www.mnd.gov.tw/api/swagger/ui/index#/22283384502282323416253072998332771369843177731456","5"
"155624","110至111年CITES許可文件資料","檔案資料","求學及進修","白金","CSV","https://www.trade.gov.tw/OpenData/getOpenData.aspx?oid=FE213FBF9529D0C0","UTF-8","原始資料","為履行瀕臨絕種野生動植物國際貿易公約（以下簡稱CITES，華盛頓公約），確保野生動植物之國際貿易不會危害到物種的生存，我國制定「瀕臨絕種動植物及其產製品輸出入管理辦法」，公告列管物種範圍，並依該辦法規定進出口人輸出入公告列管之物種，應檢附出口國核發CITES許可文件。本資料集提供我國110~111年核發之CITES許可文件，包括核發年度、證書號碼、物種學名、進出口別、出口國家、進口國家、數量、數量單位資料。","核發年度;證書號碼;物種學名;進出口別;出口國家;出口國家別;進口國家;進口國家別;數量;數量單位","經濟部國際貿易署","不定期更新","政府資料開放授權條款-第1版","","免費","曾佩瑜","02-23977366","2022-06-07 00:00:00","2026-09-09 17:47:59","","1000"
"163164","中央警察大學鑑識學報出版期數一覽表","檔案資料","求學及進修","金","CSV;CSV","https://opdadm.moi.gov.tw/api/v1/no-auth/resource/api/dataset/A2A62D40-6A64-4320-BF80-91C7A88027DC/resource/A561E5B4-7968-4FB1-9733-7CB2CD3B9BF7/download;https://opdadm.moi.gov.tw/api/v1/no-auth/resource/api/dataset/A2A62D40-6A64-4320-BF80-91C7A88027DC/resource/492CF070-A979-486A-8482-B3545382312A/download","UTF-8;UTF-8","系統介接程式","鑑識科學學系出版之鑑識學報出版期數資訊","Journal_Name;Volume;Year;Original_Articles;Case_Report;Publisher","中央警察大學","不定期更新","政府資料開放授權條款-第1版","https://fsjournal.cpu.edu.tw/","免費","郭佳青","03-3282321#5041","2023-06-30 10:15:54","2026-09-09 15:14:03","","0;0"
"8661","中央警察大學年度各班期報考人數統計表","檔案資料","求學及進修","無(白名單)","CSV","https://opdadm.moi.gov.tw/api/v1/no-auth/resource/api/dataset/D27A45A5-F69E-4D60-B7B5-12C86997A47B/resource/F43A9858-361D-48FF-B8D8-54911D77F27C/download","UTF-8","系統介接程式","中央警察大學各項入學及招生考試報名人數、錄取人數及錄取率等統計資料，更新詳情請洽本校官網
https://www.cpu.edu.tw/","序號/編號 (3位);統計期_民國年（Time Period_YYY ROC）;分類（CategoryName）;招生名額（人／Person）;報考人數（人／Person）;錄取率（百分比／Percent）;連結網址（URL）","中央警察大學","不定期更新","政府資料開放授權條款-第1版","","免費","陳晏祥","03-3282321-4134","2014-07-29 15:45:23","2026-09-09 15:10:20","","0"
"8662","中央警察大學年度招生考試複試體檢指定醫院","檔案資料","求學及進修","無(白名單)","CSV","https://opdadm.moi.gov.tw/api/v1/no-auth/resource/api/dataset/69B08D7A-9924-4F2E-BD62-3E4EC7B2BCA7/resource/1AFEA73D-6F55-4CF2-A6B7-F29927593300/download","UTF-8","系統介接程式","115年中央警察大學各項入學及招生考試考生體格檢查指定醫院，資訊內容包含醫院名稱、電話、住址。若有更新請至本校https://www.cpu.edu.tw/
招生最新公告查詢。","序號/編號 (3位);民國年（YYY(ROC);醫事機構名稱（HOSP_NAME）;縣市名稱（CountyName）;縣市別代碼（CountyCode）;郵遞區號(3碼);地址（ADDRESS）","中央警察大學","不定期更新","政府資料開放授權條款-第1版","","免費","陳晏祥","03-3282321-4144","2014-07-29 15:45:28","2026-09-09 15:08:17","","0"
"157843","臺北市身心障礙學生教育補助人數","檔案資料","求學及進修","白金","CSV","https://tsis.dbas.gov.taipei/statis/webMain.aspx?sys=220&ymf=9800&kind=21&type=0&funid=a02900901&cycle=4&outmode=12&compmode=0&outkind=3&deflst=2&nzo=1","UTF-8","系統介接程式","臺北市身心障礙學生教育補助人數時間數列統計資料
","統計期;身心障礙學生教育補助人數[人] /總計;身心障礙學生教育補助人數[人] /男;身心障礙學生教育補助人數[人] /女;身心障礙學生教育補助人數增減率[%] /總計;身心障礙學生教育補助人數增減率[%] /男;身心障礙學生教育補助人數增減率[%] /女","臺北市政府主計處","不定期更新","政府資料開放授權條款-第1版","","免費","吳蔓麗","02-27287626","2022-09-12 00:00:00","2026-09-09 14:17:24","","17"
"149282","桃園市政府人事機構終身學習時數統計表","檔案資料","求學及進修","金","CSV;CSV;CSV;CSV","https://opendata.tycg.gov.tw/api/dataset/fb771785-2216-42ca-8f49-b16ec0869e5f/resource/97fcc04f-b093-411e-aed3-fe6e6a52c187/download;https://opendata.tycg.gov.tw/api/dataset/fb771785-2216-42ca-8f49-b16ec0869e5f/resource/d487f052-4b8c-4848-b90d-cc5110c9ba3c/download;https://opendata.tycg.gov.tw/api/dataset/fb771785-2216-42ca-8f49-b16ec0869e5f/resource/27b5a1cc-7084-4970-b540-dc18f29839b9/download;https://opendata.tycg.gov.tw/api/dataset/fb771785-2216-42ca-8f49-b16ec0869e5f/resource/590fc3b4-e9a3-40d2-a452-423528aed377/download","BIG5;BIG5;BIG5;BIG5","系統介接程式","統計114年桃園市政府人事機構人事人員終身學習時數","機關(機關);人數(人數);總時數(總時數);平均時數(平均時數)","桃園市政府人事處","每1年","政府資料開放授權條款-第1版","","免費","朱芳逸","03-3322101#7313","2022-02-18 09:51:18","2026-09-09 10:25:49","桃園市政府資料開放平台OAS標準之API說明文件：https://data.tycg.gov.tw/v2/api-docs
Swagger產生API說明頁面網址：https://data.tycg.gov.tw/opendata/api-docs",""
"26048","桃園市國民小學學區資訊","檔案資料","求學及進修","金","CSV","https://opendata.tycg.gov.tw/api/dataset/dc7bf1b9-fa11-4bf3-8d89-c917c07d97c0/resource/f858cc3d-d2d7-4b8c-98e9-24303ddaa512/download","UTF-8","系統介接程式","桃園市國民小學學區","行政區(行政區);學校名稱(學校名稱);學區(學區);聯絡電話(聯絡電話)","桃園市政府教育局","不定期更新","政府資料開放授權條款-第1版","","免費","林先生","03-3322101#7416","2015-12-24 06:24:52","2026-09-09 10:22:50","桃園市政府資料開放平台OAS標準之API說明文件：https://data.tycg.gov.tw/v2/api-docs
Swagger產生API說明頁面網址：https://data.tycg.gov.tw/opendata/api-docs",""
"152659","桃園市身心障礙學生教育補助人數每年統計","檔案資料","求學及進修","白金","CSV","https://opendata.tycg.gov.tw/api/dataset/cf2d9cca-4840-47e4-bd36-22340ad182e4/resource/97c756f9-4fbc-43f9-aec2-f085e34e9fee/download","UTF-8","系統介接程式","提供桃園市身心障礙學生教育補助人數
","學年別(學年別);男性(男性);女性(女性)","桃園市政府主計處","不定期更新","政府資料開放授權條款-第1版","","免費","王以琳","(03)332-2101#5549","2022-05-06 12:28:13","2026-09-09 10:21:18","定義：依相關規定接受教育補助之領有身心障礙手冊或證明之學生人數。

資料來源：教育部
單位：人


桃園市政府資料開放平台OAS標準之API說明文件：https://data.tycg.gov.tw/v2/api-docs
Swagger產生API說明頁面網址：https://data.tycg.gov.tw/opendata/api-docs
",""
"76834","桃園市政府所屬一級機關公務人員終身學習時數","檔案資料","求學及進修","金","CSV;CSV;CSV;CSV;CSV;CSV;CSV;CSV;CSV;CSV","https://opendata.tycg.gov.tw/api/dataset/ce7edae2-319c-4ee7-93c2-2a8fa1bfc8c8/resource/bbb589cc-90a7-4c09-ab57-d2b24aa80a77/download;https://opendata.tycg.gov.tw/api/dataset/ce7edae2-319c-4ee7-93c2-2a8fa1bfc8c8/resource/303ee592-bbed-4c70-acd1-bc5116cce136/download;https://opendata.tycg.gov.tw/api/dataset/ce7edae2-319c-4ee7-93c2-2a8fa1bfc8c8/resource/c61324d7-ffae-408e-85f2-25030b47085b/download;https://opendata.tycg.gov.tw/api/dataset/ce7edae2-319c-4ee7-93c2-2a8fa1bfc8c8/resource/0ab394af-ba96-41f1-b966-d2642d191e08/download;https://opendata.tycg.gov.tw/api/dataset/ce7edae2-319c-4ee7-93c2-2a8fa1bfc8c8/resource/0ed0bcdd-ee3f-4d65-8b0f-b1251a29a28d/download;https://opendata.tycg.gov.tw/api/dataset/ce7edae2-319c-4ee7-93c2-2a8fa1bfc8c8/resource/8134cc1e-20cb-4638-804c-baf64e2f5a09/download;https://opendata.tycg.gov.tw/api/dataset/ce7edae2-319c-4ee7-93c2-2a8fa1bfc8c8/resource/181ce8f7-404b-4fa6-b115-468a19f01a1c/download;https://opendata.tycg.gov.tw/api/dataset/ce7edae2-319c-4ee7-93c2-2a8fa1bfc8c8/resource/4bf2a134-4cce-4032-9513-0fdb1689edf2/download;https://opendata.tycg.gov.tw/api/dataset/ce7edae2-319c-4ee7-93c2-2a8fa1bfc8c8/resource/d707616c-0563-45b6-bae5-503e0bf1f57f/download;https://opendata.tycg.gov.tw/api/dataset/ce7edae2-319c-4ee7-93c2-2a8fa1bfc8c8/resource/1cf7f8b1-dea2-4007-b7c9-38ab5b3ecf12/download","BIG5;BIG5;BIG5;BIG5;BIG5;BIG5;BIG5;BIG5;BIG5;BIG5","系統介接程式","公務統計報表-桃園市政府所屬一級機關公務人員終身學習時數","機關名稱(機關名稱);加入終身學習網站總人數(加入終身學習網站總人數);總時數合計(總時數合計);總數位學習時數(總數位學習時數);總實體學習時數(總實體學習時數);平均學習時數(平均學習時數);平均數位學習時數(平均數位學習時數);平均實體學習時數(平均實體學習時數)","桃園市政府人事處","每1年","政府資料開放授權條款-第1版","","免費","洪珮華","03-3322-101#7336","2017-11-13 14:01:33","2026-09-09 10:21:15","桃園市政府資料開放平台OAS標準之API說明文件：https://data.tycg.gov.tw/v2/api-docs
Swagger產生API說明頁面網址：https://data.tycg.gov.tw/opendata/api-docs",""
"148195","桃園市大專校院環境相關科系(所)在學學生人數每年統計","檔案資料","求學及進修","金","CSV","https://opendata.tycg.gov.tw/api/dataset/c514348d-ab58-40d4-accc-3183323cd241/resource/bdbf3cb5-9379-493b-9bee-6f7e57a811db/download","UTF-8","系統介接程式","提供桃園市大專校院環境相關科系(所)在學學生人數","學年別(學年別);男性(男性);女性(女性)","桃園市政府主計處","不定期更新","政府資料開放授權條款-第1版","","免費","王以琳","(03)332-2101#5549","2022-02-07 15:43:14","2026-09-09 10:20:30","定義：各公私立大專校院環境相關科系(所)之在學學生人數。

資料來源：教育部
單位：人

桃園市政府資料開放平台OAS標準之API說明文件：https://data.tycg.gov.tw/v2/api-docs
Swagger產生API說明頁面網址：https://data.tycg.gov.tw/opendata/api-docs
",""
"76737","桃園市國民小學學生裸視視力檢查","檔案資料","求學及進修","白金","CSV;CSV;CSV;CSV;CSV;CSV","https://opendata.tycg.gov.tw/api/dataset/be7efc44-dbb6-4731-abed-61ea7e045f91/resource/9af7d804-4771-4fb6-bc0b-dd8b781ccc9c/download;https://opendata.tycg.gov.tw/api/dataset/be7efc44-dbb6-4731-abed-61ea7e045f91/resource/fd471cf3-47f1-42c3-8058-1d80c768689f/download;https://opendata.tycg.gov.tw/api/dataset/be7efc44-dbb6-4731-abed-61ea7e045f91/resource/fdcc1f22-63e6-4026-b867-44f6486df3c9/download;https://opendata.tycg.gov.tw/api/dataset/be7efc44-dbb6-4731-abed-61ea7e045f91/resource/cef89864-d6b9-4575-adfd-4fde874d03b2/download;https://opendata.tycg.gov.tw/api/dataset/be7efc44-dbb6-4731-abed-61ea7e045f91/resource/afd1c240-d0bf-468e-8748-cde7d6239f58/download;https://opendata.tycg.gov.tw/api/dataset/be7efc44-dbb6-4731-abed-61ea7e045f91/resource/1c6e734f-8fa6-4776-9646-ac0bc4b720e1/download","BIG5;BIG5;BIG5;BIG5;BIG5;BIG5","系統介接程式","提供桃園市國民小學學生裸視視力檢查","年級別(年級別);性別(性別);公立檢查人數1(公立檢查人數1);公立視力不良人數1(公立視力不良人數1);公立視力不良率1(公立視力不良率1);公立檢查人數2(公立檢查人數2);公立視力不良人數2(公立視力不良人數2);公立視力不良率2(公立視力不良率2);私立檢查人數(私立檢查人數);私立視力不良人數(私立視力不良人數);私立視力不良率(私立視力不良率)","桃園市政府教育局","不定期更新","政府資料開放授權條款-第1版","","免費","陳靜宜","03-3322101分機7452","2017-10-10 14:39:41","2026-09-09 10:19:59","桃園市政府資料開放平台OAS標準之API說明文件：https://data.tycg.gov.tw/v2/api-docs
Swagger產生API說明頁面網址：https://data.tycg.gov.tw/opendata/api-docs",""
"150600","桃園市政府及所屬各機關學校代碼表","檔案資料","求學及進修","白金","CSV","https://opendata.tycg.gov.tw/api/dataset/8360a359-5413-4ba9-854e-72374c83f523/resource/4834873b-9d7e-4f57-bcbb-840bbb8939c0/download","UTF-8","系統介接程式","桃園市政府及所屬各機關學校之代碼表","機關代碼(機關代碼);機關名稱(機關名稱)","桃園市政府人事處","每1年","政府資料開放授權條款-第1版","","免費","黃榮春","03-3322101#7356","2022-03-02 14:02:19","2026-09-09 10:13:58","桃園市政府資料開放平台OAS標準之API說明文件：https://data.tycg.gov.tw/v2/api-docs
Swagger產生API說明頁面網址：https://data.tycg.gov.tw/opendata/api-docs",""
"148188","桃園市大專校院環境相關科系(所)畢業學生人數每年統計","檔案資料","求學及進修","金","CSV","https://opendata.tycg.gov.tw/api/dataset/8242d333-f5fd-473d-9a7a-a352486ba58b/resource/faf30977-9f9c-441f-bd95-95e4c7ca015d/download","UTF-8","系統介接程式","提供桃園市大專校院環境相關科系(所)畢業學生人數","學年別(學年別);男性(男性);女性(女性)","桃園市政府主計處","不定期更新","政府資料開放授權條款-第1版","","免費","王以琳","(03)332-2101#5549","2022-02-07 15:41:55","2026-09-09 10:13:51","定義：各公私立大專校院環境相關科系(所)之畢業生人數。

資料來源：教育部
單位：人

桃園市政府資料開放平台OAS標準之API說明文件：https://data.tycg.gov.tw/v2/api-docs
Swagger產生API說明頁面網址：https://data.tycg.gov.tw/opendata/api-docs
",""
"25884","桃園市102及103年學年度幼兒園基礎評鑑通過名單","檔案資料","求學及進修","白金","CSV;CSV","https://opendata.tycg.gov.tw/api/dataset/75a9831e-b4ab-4cc1-84b6-1efd6f23c6e5/resource/29ee5df5-28ca-4380-9694-a5a92a2df630/download;https://opendata.tycg.gov.tw/api/dataset/75a9831e-b4ab-4cc1-84b6-1efd6f23c6e5/resource/053832da-05ea-446c-82ca-2d9389f1266b/download","UTF-8;UTF-8","系統介接程式","提供桃園市102及103年學年度通過幼兒園基礎評鑑名單","序號(序號);區(區);幼兒園(幼兒園);設立別(設立別);評鑑完成日(評鑑完成日)","桃園市政府教育局","不定期更新","政府資料開放授權條款-第1版","","免費","林庭律","(03)3322101分機7586","2015-12-24 07:23:18","2026-09-09 10:12:36","桃園市政府資料開放平台OAS標準之API說明文件：https://data.tycg.gov.tw/v2/api-docs
Swagger產生API說明頁面網址：https://data.tycg.gov.tw/opendata/api-docs",""
"149521","113年桃園市政府勞動局委託辦理勞工學苑課程相關資訊","檔案資料","求學及進修","白金","CSV","https://opendata.tycg.gov.tw/api/dataset/7194e8db-9a4a-45de-b65b-4b36399af125/resource/de7c776b-0d47-46a7-955c-06391bbde7c9/download","BIG5","系統介接程式","113年桃園市政府勞動局委託辦理勞工學苑課程相關資訊。","班別(班別);結業人數(結業人數);時數(時數);上課期間(上課期間);開課單位(開課單位)","桃園市政府勞動局","不定期更新","政府資料開放授權條款-第1版","","免費","王治能","3366075","2022-02-24 11:26:06","2026-09-09 10:12:20","桃園市政府資料開放平台OAS標準之API說明文件：https://data.tycg.gov.tw/v2/api-docs
Swagger產生API說明頁面網址：https://data.tycg.gov.tw/opendata/api-docs",""
"75219","桃園市國民中學學生裸視視力檢查","檔案資料","求學及進修","金","CSV;CSV;CSV;CSV;CSV;CSV;CSV","https://opendata.tycg.gov.tw/api/dataset/5f478a64-976e-4a80-8609-728e3e53b650/resource/a83b5ba6-78f5-4a78-85fc-90a4df4ad8c3/download;https://opendata.tycg.gov.tw/api/dataset/5f478a64-976e-4a80-8609-728e3e53b650/resource/9f28e50c-b0c6-4359-96c4-5f32a3410711/download;https://opendata.tycg.gov.tw/api/dataset/5f478a64-976e-4a80-8609-728e3e53b650/resource/ec871b1e-12c5-4010-a985-22000ab8be85/download;https://opendata.tycg.gov.tw/api/dataset/5f478a64-976e-4a80-8609-728e3e53b650/resource/5ea9c2ee-de8c-479b-82e3-d7e3881a65a2/download;https://opendata.tycg.gov.tw/api/dataset/5f478a64-976e-4a80-8609-728e3e53b650/resource/5b4bfeee-60c3-406b-949c-8f0ff4cd62e8/download;https://opendata.tycg.gov.tw/api/dataset/5f478a64-976e-4a80-8609-728e3e53b650/resource/58453db2-8fd8-4aa1-9947-a26b4aa173e0/download;https://opendata.tycg.gov.tw/api/dataset/5f478a64-976e-4a80-8609-728e3e53b650/resource/2d2d88af-9854-4afc-bcda-a5a0e8b49ff6/download","BIG5;BIG5;BIG5;BIG5;BIG5;BIG5;BIG5","系統介接程式","提供桃園市國民中學學生裸視視力檢查","年級別(年級別);性別(性別);公立檢查人數1(公立檢查人數1);公立視力不良人數1(公立視力不良人數1);公立視力不良率1(公立視力不良率1);公立檢查人數2(公立檢查人數2);公立視力不良人數2(公立視力不良人數2);公立視力不良率2(公立視力不良率2);私立檢查人數(私立檢查人數);私立視力不良人數(私立視力不良人數);私立視力不良率(私立視力不良率)","桃園市政府教育局","不定期更新","政府資料開放授權條款-第1版","","免費","陳靜宜","03-3322101分機7452","2017-10-10 14:39:25","2026-09-09 10:10:27","桃園市政府資料開放平台OAS標準之API說明文件：https://data.tycg.gov.tw/v2/api-docs
Swagger產生API說明頁面網址：https://data.tycg.gov.tw/opendata/api-docs",""
"148181","桃園市大專校院環境相關科系(所)教師人數每年統計","檔案資料","求學及進修","金","CSV","https://opendata.tycg.gov.tw/api/dataset/570f36d5-f76c-4e65-b77c-508dd762da99/resource/a4b7ce6d-ec0f-4832-9bdb-d80134e07af9/download","UTF-8","系統介接程式","提供桃園市大專校院環境相關科系(所)教師人數","學年別(學年別);男性(男性);女性(女性)","桃園市政府主計處","不定期更新","政府資料開放授權條款-第1版","","免費","王以琳","(03)332-2101#5549","2022-02-07 15:43:59","2026-09-09 10:09:33","定義：各公私立大專校院環境相關科系(所)之教師人數。

資料來源：教育部
單位：人

桃園市政府資料開放平台OAS標準之API說明文件：https://data.tycg.gov.tw/v2/api-docs
Swagger產生API說明頁面網址：https://data.tycg.gov.tw/opendata/api-docs",""
"76830","桃園市政府所屬機關學校數","檔案資料","求學及進修","金","CSV;CSV;CSV;CSV;CSV;CSV;CSV;CSV;CSV;CSV","https://opendata.tycg.gov.tw/api/dataset/34485f2a-3008-46b3-b766-ac4e1db20e07/resource/23a20086-c968-4deb-bc2e-246d57307400/download;https://opendata.tycg.gov.tw/api/dataset/34485f2a-3008-46b3-b766-ac4e1db20e07/resource/4dc0a229-5f13-417b-bf5b-a3f219dc8569/download;https://opendata.tycg.gov.tw/api/dataset/34485f2a-3008-46b3-b766-ac4e1db20e07/resource/48040826-c338-49e5-bb16-6fc6d6b877af/download;https://opendata.tycg.gov.tw/api/dataset/34485f2a-3008-46b3-b766-ac4e1db20e07/resource/2eb64b28-045e-430e-baa3-7f650d0ac917/download;https://opendata.tycg.gov.tw/api/dataset/34485f2a-3008-46b3-b766-ac4e1db20e07/resource/41f11709-84ad-4f95-a999-769b96d3ffa2/download;https://opendata.tycg.gov.tw/api/dataset/34485f2a-3008-46b3-b766-ac4e1db20e07/resource/bee5e1e0-011d-456b-b18b-1f77559f7b4e/download;https://opendata.tycg.gov.tw/api/dataset/34485f2a-3008-46b3-b766-ac4e1db20e07/resource/92d36b32-7913-4477-9df0-495ca36314c6/download;https://opendata.tycg.gov.tw/api/dataset/34485f2a-3008-46b3-b766-ac4e1db20e07/resource/c896fe20-8767-490b-83e1-a15310eba652/download;https://opendata.tycg.gov.tw/api/dataset/34485f2a-3008-46b3-b766-ac4e1db20e07/resource/86c21d17-edd6-4390-ad17-d09bf5c94419/download;https://opendata.tycg.gov.tw/api/dataset/34485f2a-3008-46b3-b766-ac4e1db20e07/resource/2e4b59fc-95a9-4139-a67c-b22de66530ee/download","BIG5;BIG5;BIG5;BIG5;BIG5;BIG5;BIG5;BIG5;BIG5;BIG5","系統介接程式","公務統計報表-桃園市政府所屬機關學校數","年底別(年底別);總計(總計);行政機關(行政機關);各級公立學校(各級公立學校)","桃園市政府人事處","每1年","政府資料開放授權條款-第1版","","免費","蔡郁琳","(03)3322101#7316","2017-11-13 14:00:02","2026-09-09 10:05:45","桃園市政府資料開放平台OAS標準之API說明文件：https://data.tycg.gov.tw/v2/api-docs
Swagger產生API說明頁面網址：https://data.tycg.gov.tw/opendata/api-docs",""
"25958","桃園市立案公私立幼兒園名冊","檔案資料","求學及進修","金","CSV","https://opendata.tycg.gov.tw/api/dataset/3179560b-4802-4923-bbe5-471460a649c8/resource/8542f748-4966-4af9-9a08-fbc69224fdd4/download","UTF-8","系統介接程式","提供桃園市立案公私立幼兒園名冊","編碼(編碼);行政區(行政區);園名(幼兒園全名);園址(園址);電話(電話);核可招收人數(核可招收人數);備註(備註)","桃園市政府教育局","不定期更新","政府資料開放授權條款-第1版","","免費","游雅齡","(03)3322101#7584","2015-12-23 11:16:01","2026-09-09 10:05:22","桃園市政府資料開放平台OAS標準之API說明文件：https://data.tycg.gov.tw/v2/api-docs
Swagger產生API說明頁面網址：https://data.tycg.gov.tw/opendata/api-docs",""
"74843","桃園市原住民族學生清寒獎助金及優秀獎學金獎勵情形","檔案資料","求學及進修","白金","CSV","https://opendata.tycg.gov.tw/api/dataset/26f55a84-9f8e-4aed-8fce-636955bcbc65/resource/d47eecea-c913-43b2-afa1-6a03d097ec51/download","UTF-8","系統介接程式","依桃園市清寒、優秀原住民族子女獎(助)學金計畫核發之學業優秀獎學金。","就學單位(就學單位);獎補助人數(獎補助人數);獎學金總額(獎學金總額)","桃園市政府原住民族行政局","每1年","政府資料開放授權條款-第1版","","免費","黃竹筠","3322101#6692","2017-10-12 15:06:00","2026-09-09 10:04:23","桃園市政府資料開放平台OAS標準之API說明文件：https://data.tycg.gov.tw/v2/api-docs
Swagger產生API說明頁面網址：https://data.tycg.gov.tw/opendata/api-docs",""
"25926","桃園市撤銷及廢止立案幼兒園名冊","檔案資料","求學及進修","金","CSV","https://opendata.tycg.gov.tw/api/dataset/250bf414-56b7-4045-97eb-6496b141b364/resource/63ad282f-8836-418b-9677-1db1083726ce/download","UTF-8","系統介接程式","提供桃園市撤銷及廢止立案幼兒園名冊","編碼(編碼);行政區(行政區);園名(園名);園址(園址);電話(電話);核可招收人數(核可招收人數);備註(備註)","桃園市政府教育局","不定期更新","政府資料開放授權條款-第1版","","免費","游雅齡","(03)3322101#7584","2015-12-23 11:11:40","2026-09-09 10:04:10","桃園市政府資料開放平台OAS標準之API說明文件：https://data.tycg.gov.tw/v2/api-docs
Swagger產生API說明頁面網址：https://data.tycg.gov.tw/opendata/api-docs",""
"25995","環境教育機構(桃園市)","檔案資料","求學及進修","金","CSV","https://opendata.tycg.gov.tw/api/dataset/2333468c-499e-4f78-b2dc-c00ba695cce5/resource/167d5a4e-a0b7-478c-b8b0-ad2a79599164/download","UTF-8","系統介接程式","桃園市轄內取得環保署認證之環境教育機構,
請參閱資料集及相關說明網址:https://neecs.moenv.gov.tw/Home/AgencyQry","序號(序號);機構名稱(機構名稱);申請許可事項(申請許可事項);電子郵遞地址(電子郵遞地址);縣市別(縣市別);證書狀態(證書狀態);檢視(檢視)","桃園市政府環境保護局","不定期更新","政府資料開放授權條款-第1版","","免費","楊靜如","(03)3386021#1118","2015-12-25 03:54:01","2026-09-09 10:03:54","桃園市政府資料開放平台OAS標準之API說明文件：https://data.tycg.gov.tw/v2/api-docs
Swagger產生API說明頁面網址：https://data.tycg.gov.tw/opendata/api-docs",""
"152620","桃園市兒童課後照顧服務中心服務人員每年統計","檔案資料","求學及進修","金","CSV","https://opendata.tycg.gov.tw/api/dataset/1b8a181d-2438-40e3-bd42-b160ae21416a/resource/03a79d87-33c4-43b6-80a6-185ea81dcc83/download","UTF-8","系統介接程式","提供桃園市兒童課後照顧服務中心服務人員
","年別(年別);男性(男性);女性(女性)","桃園市政府主計處","不定期更新","政府資料開放授權條款-第1版","","免費","王以琳","(03)332-2101#5549","2022-05-06 12:05:19","2026-09-09 10:03:17","定義：由鄉（鎮、市、區）公所、私人（包括自然人或法人）或團體設立，辦理兒童課後照顧服務之機構。

資料來源：教育部
單位：人

桃園市政府資料開放平台OAS標準之API說明文件：https://data.tycg.gov.tw/v2/api-docs
Swagger產生API說明頁面網址：https://data.tycg.gov.tw/opendata/api-docs",""
"22092","國家圖書館客家研究文獻書目資訊","檔案資料","求學及進修","白金","CSV","https://gaz.ncl.edu.tw/opendata/hakkalib_39048.csv","UTF-8","原始資料","客家研究文獻資源","題名;著者;出版者;出版年;頁數;刊名;卷期;資料類型;語文;市話;分機;機關代碼;網址;營利事業暨扣繳單位統一編號","國家圖書館","不定期更新","政府資料開放授權條款-第1版","","免費","張博士","0223619132#213","2015-10-22 00:00:00","2026-09-09 09:33:21","授權說明網址: http://data.gov.tw/license","1000"
"178560","中央警察大學學生總隊各年度學生人數","檔案資料","求學及進修","無(未做品檢)","CSV","https://opdadm.moi.gov.tw/api/v1/no-auth/resource/api/dataset/CEE8BBD6-FD40-4A6F-A577-6502AF9A1E1A/resource/638043FD-7E7B-482A-AE53-F9C92198E482/download","UTF-8","系統介接程式","提供中央警察大學學生總隊各年度學生人數","SeqNo;Year;Person;Time Period_YYYYMM;Notes","中央警察大學","不定期更新","政府資料開放授權條款-第1版","","免費","陳俊廷","03-3282321#4667","2026-09-04 00:00:00","2026-09-08 15:48:03","","0"
"178559","中央警察大學外籍生統計表","檔案資料","求學及進修","無(未做品檢)","CSV","https://opdadm.moi.gov.tw/api/v1/no-auth/resource/api/dataset/ABAB8B6C-C550-42B3-89C2-F109F65FFC2F/resource/38243B4D-0848-4FED-925D-41BDCD20D3D6/download","UTF-8","系統介接程式","依年度統計中央警察大學外籍生之國家及人數","項次編號（SEQNO）;年度（Year）;洲別（Continent）;國別（Country）;國家代碼（CountryCode）;學生人數（人／Person）;男性人數（人／Person）;女性人數（人／Person）","中央警察大學","不定期更新","政府資料開放授權條款-第1版","","免費","陳晏祥","03-3282321#4134","2026-09-08 14:48:40","2026-09-08 15:33:03","","0"
"127461","中央警察大學學生總隊實習總隊幹部聯絡一覽表","檔案資料","求學及進修","白金","CSV","https://opdadm.moi.gov.tw/api/v1/no-auth/resource/api/dataset/B7D3A113-6E25-4622-A94B-259DA9FEFCC3/resource/27A33CF8-E9ED-4213-A230-6468443D4B1A/download","UTF-8","系統介接程式","提供中央警察大學學生總隊實習總隊幹部聯絡資料","SeqNo;Position;Name;LocalCall Service;Extension","中央警察大學","不定期更新","政府資料開放授權條款-第1版","","免費","陳俊廷","03-3282321#4667","2020-05-15 13:21:34","2026-09-08 14:22:03","","0"
"168288","學生總隊隊職人員編制及聯絡電話","檔案資料","求學及進修","白金","CSV","https://opdadm.moi.gov.tw/api/v1/no-auth/resource/api/dataset/39B7E2BD-779F-411B-9437-EA3AEE5C955B/resource/74AD532C-EB1E-4563-AE5F-04345F2EDF22/download","UTF-8","系統介接程式","提供學生總隊各中隊編制與個人聯絡資訊","Name(姓名);Sex(性別);Position(職稱);Unit(服務單位);Extension(分機)","中央警察大學","不定期更新","政府資料開放授權條款-第1版","","免費","陳俊廷","03-3282321#4667","2024-04-17 15:55:24","2026-09-08 14:04:03","","0"
"174717","中央警察大學學生總隊行政法規總覽","檔案資料","求學及進修","金","CSV","https://opdadm.moi.gov.tw/api/v1/no-auth/resource/api/dataset/5E2135C4-FF6C-4984-9FB4-2443A83D43FA/resource/1520A542-38E3-47FC-9294-078C90B25814/download","UTF-8","系統介接程式","學生總隊各行政法規中英文名稱、生效及異動日期","StatName(法規名稱);EngStatName(英文法規名稱);StatLevel(法規位階);StatEffectiveDate(生效日期);StatModifiedDate(法規異動日期)","中央警察大學","不定期更新","政府資料開放授權條款-第1版","","免費","陳俊廷","03-3282321#4667","2025-09-01 19:07:03","2026-09-08 14:00:13","","0"
"42694","各年度參加對外華語教學認證考試報名及取證人數性別統計表","檔案資料","求學及進修","白金","CSV","https://ws.moe.edu.tw/Download.ashx?u=LzAwMS9VcGxvYWQvNy9yZWxmaWxlLzg0MjYvMTA3MDk1L2VlYzYyZDRlLTc5ZDgtNDFhZS04MDgzLWFlOTM5YzY0YjEwYy5jc3Y%3d&n=5ZCE5bm05bqm5bCN5aSW6I%2bv6Kqe5pWZ5a246KqN6K2J6ICD6Kmm5aCx5ZCN5Y%2bK5Y%2bW6K2J5Lq65pW457Wx6KiI6KGoLmNzdg%3d%3d&icon=..csv","UTF-8","原始資料","統計各年度參加對外華語教學認證考試各性別報名人數及取得證書人數","年度;女性報考人數;男性報考人數;女性獲證人數;男性獲證人數","教育部國際及兩岸教育司","每1年","政府資料開放授權條款-第1版","https://ws.moe.edu.tw/Download.ashx?u=LzAwMS9VcGxvYWQvNy9yZWxmaWxlLzg0MjYvMTA3MDk1L2VlYzYyZDRlLTc5ZDgtNDFhZS04MDgzLWFlOTM5YzY0YjEwYy5jc3Y%3d&n=5ZCE5bm05bqm5bCN5aSW6I%2bv6Kqe5pWZ5a246KqN6K2J6ICD6Kmm5aCx5ZCN5Y%2bK5Y%2bW6K2J5Lq65pW457Wx6KiI6KGoLmNzdg%3d%3d&icon=..csv","免費","戴小姐","02-77366314","2017-01-25 00:00:00","2026-09-08 13:51:24","授權說明網址: http://data.gov.tw/license","17"
"178553","中央警察大學學員生返鄉專車路線規劃","檔案資料","求學及進修","銀","CSV","https://opdadm.moi.gov.tw/api/v1/no-auth/resource/api/dataset/033A0424-97FA-47BB-83B0-671049EAFD6C/resource/9B770672-FBBF-4A60-8303-8548B7E0A8AE/download","UTF-8","系統介接程式","提供中央警察大學週末學員生返鄉專車線別、下車站點及返校發車時間之資訊","SeqNo(編號);routename(路線名稱);CountyCode(縣市別代碼);Domain Name1(第1站點網址);Domain Name2(第2站點網址);Domain Name3(第3站點網址);Domain Name4(第4站點網址);Domain Name5(第5站點網址);Domain Name6(第6站點網址);Back Time(返校發車時間)","中央警察大學","不定期更新","政府資料開放授權條款-第1版","","免費","陳俊廷","03-3282321#4667","2026-09-04 00:00:00","2026-09-08 13:41:03","","0"
"42700","各年度教育部補助海外華語教師人數一覽表","檔案資料","求學及進修","白金","CSV","https://ws.moe.edu.tw/Download.ashx?u=LzAwMS9VcGxvYWQvNy9yZWxmaWxlLzg0MjYvOTQ2MTMvOTk5Y2IwMDQtZWJmZi00Y2UxLWFiZjQtYTY1MjNmNWVhYjIwLmNzdg%3d%3d&n=5ZCE5bm05bqm5pWZ6IKy6YOo6KOc5Yqp5rW35aSW6I%2bv6Kqe5pWZ5bir5Lq65pW45LiA6Ka96KGoLmNzdg%3d%3d&icon=..csv","UTF-8","原始資料","統計教育部補助我國華語教師赴國外各級學校教授華語人數","任教國家;人數;學校類型;年份","教育部國際及兩岸教育司","每1年","政府資料開放授權條款-第1版","https://ws.moe.edu.tw/Download.ashx?u=LzAwMS9VcGxvYWQvNy9yZWxmaWxlLzg0MjYvOTQ2MTMvOTk5Y2IwMDQtZWJmZi00Y2UxLWFiZjQtYTY1MjNmNWVhYjIwLmNzdg%3d%3d&n=5ZCE5bm05bqm5pWZ6IKy6YOo6KOc5Yqp5rW35aSW6I%2bv6Kqe5pWZ5bir5Lq65pW45LiA6Ka96KGoLmNzdg%3d%3d&icon=..csv","免費","林小姐","0277365765","2017-01-24 00:00:00","2026-09-08 12:03:34","授權說明網址: http://data.gov.tw/license","324"
"42321","各學年度東協10國南亞6國及紐澳華語獎學金新生核配名額統計表","檔案資料","求學及進修","白金","CSV","https://ws.moe.edu.tw/Download.ashx?u=LzAwMS9VcGxvYWQvNy9yZWxmaWxlLzg0MjYvMTA3MDg5LzZkMzc0Y2UwLTE0ZDEtNDQ0Ny05NjY2LWY0NDI1ZWFjYzJhMy5jc3Y%3d&n=5ZCE5a245bm05bqm5p2x5Y2UMTDlnIvljZfkup425ZyL5Y%2bK57SQ5r6z6I%2bv6Kqe542O5a246YeR5paw55Sf5qC46YWN5ZCN6aGN57Wx6KiI6KGoLmNzdg%3d%3d&icon=..csv","UTF-8","原始資料","提供東協、南亞、紐澳等共18國華語獎學金各學年度核配名額數","國家;學年度;人數","教育部國際及兩岸教育司","每1年","政府資料開放授權條款-第1版","https://ws.moe.edu.tw/Download.ashx?u=LzAwMS9VcGxvYWQvNy9yZWxmaWxlLzg0MjYvMTA3MDg5LzZkMzc0Y2UwLTE0ZDEtNDQ0Ny05NjY2LWY0NDI1ZWFjYzJhMy5jc3Y%3d&n=5ZCE5a245bm05bqm5p2x5Y2UMTDlnIvljZfkup425ZyL5Y%2bK57SQ5r6z6I%2bv6Kqe542O5a246YeR5paw55Sf5qC46YWN5ZCN6aGN57Wx6KiI6KGoLmNzdg%3d%3d&icon=..csv","免費","闕小姐","02-77365634","2017-01-17 00:00:00","2026-09-08 11:58:50","授權說明網址: http://data.gov.tw/license","109"
"163130","中央警察大學出版教科書一覽表","檔案資料","求學及進修","金","CSV","https://opdadm.moi.gov.tw/api/v1/no-auth/resource/api/dataset/606ECE62-5304-4A00-B1ED-DB4DDDEF0C37/resource/C225EA50-D733-46CE-B35A-0BDE9CE1C902/download","UTF-8","系統介接程式","中央警察大學出版之教科書名稱、類別、作者、日期、價格。","項次編號（SEQNO）;書名（Title）;作者／編者（PersonName）;出版年月（Year）;定價（Amount）;備註（Note）;網址（URL）","中央警察大學","不定期更新","政府資料開放授權條款-第1版","","免費","陳晏祥","03-3282321#4134","2023-06-28 14:27:04","2026-09-08 11:42:04","","0"
"6318","國家教育研究院愛學網","檔案資料","求學及進修","無(白名單)","CSV","https://opendata.naer.edu.tw/stvlist20251226.csv","UTF-8","原始資料","提供國家教育研究院「愛學網」之影音資源清單；愛學網提供豐富多元之國中小課程、高中職MOOCs、名人講堂等媒體影音及十二年國教課程地圖、教學模組等教學資源，為學生自主學習與教師教學輔助重要工具。參考資源網址：https://stv.naer.edu.tw","NO;標題;影片長度;製作者;類型;製作年份;描述說明;關鍵字;點讚;點閱次數;下載次數;學習領域;學習階段;學習內容;學習表現;議題;核心素養;授權方式;影片網址","國家教育研究院","不定期更新","政府資料開放授權條款-第1版","","免費","馬小姐","02-77407877","2013-09-25 00:00:00","2026-09-08 08:27:15","更新頻率說明: 每年不定期
授權說明網址: http://data.gov.tw/license","1000"
"129831","臺南市公私立幼兒園使用中之車輛清冊","檔案資料","求學及進修","白金","JSON;CSV;JSON;CSV","https://soa.tainan.gov.tw/Api/Service/Get/14c86e96-46f9-4ca0-bbe7-7de9947d8b6b;https://data.tainan.gov.tw/File/ResourceCsvDownload/14c86e96-46f9-4ca0-bbe7-7de9947d8b6b;https://soa.tainan.gov.tw/Api/Service/Get/891504c7-edfa-4107-956e-adc0634ea58e;https://data.tainan.gov.tw/File/ResourceCsvDownload/891504c7-edfa-4107-956e-adc0634ea58e","UTF-8;UTF-8;UTF-8;UTF-8","系統介接程式","編號、縣市、鄉鎮市、公私立、園名、車牌號碼、廠牌型號、出廠年月、使用年限","縣市別代碼;行政區域代碼;公私立;園名;審核狀態;車牌號碼;廠牌型號;引擎號碼;出廠年月;幼兒園電話;核定招生數;幼兒園地址;查察結果;查察日期","臺南市政府教育局","不定期更新","政府資料開放授權條款-第1版","https://data.tainan.gov.tw/DataSet/Detail/4b055a89-fd53-4e63-ae62-1c76e53bbc77","免費","辛龍香","(06)2991111","2020-09-01 07:41:54","2026-09-07 09:52:55","","0;0;1;1"
"90179","10490-90-01-2 臺中市立國民小學開辦兒童課後照顧情形","檔案資料","求學及進修","白金","JSON;JSON;JSON;JSON;JSON;JSON;JSON;JSON;JSON;JSON;JSON;JSON;JSON;JSON;JSON;JSON","https://newdatacenter.taichung.gov.tw/api/v1/no-auth/resource.download?rid=82b14009-a07e-41bb-a9e9-87ac231e6402;https://newdatacenter.taichung.gov.tw/api/v1/no-auth/resource.download?rid=b687169b-3885-4ce0-81a2-459a3f4d3677;https://newdatacenter.taichung.gov.tw/api/v1/no-auth/resource.download?rid=9d5f7119-11a4-49aa-9033-f5a819f99a37;https://newdatacenter.taichung.gov.tw/api/v1/no-auth/resource.download?rid=3ad035ff-f650-49f4-a041-56f2e05cc4a8;https://newdatacenter.taichung.gov.tw/api/v1/no-auth/resource.download?rid=685352f8-91e4-4adb-b69c-a5eeb3f25b05;https://newdatacenter.taichung.gov.tw/api/v1/no-auth/resource.download?rid=383d4dd1-abf3-4cdd-813b-5f21f3fbc170;https://newdatacenter.taichung.gov.tw/api/v1/no-auth/resource.download?rid=f1828aef-f331-43a3-99d4-efe00802fe64;https://newdatacenter.taichung.gov.tw/api/v1/no-auth/resource.download?rid=57a8d5c7-e5a2-4314-940c-4b51c1105bac;https://newdatacenter.taichung.gov.tw/api/v1/no-auth/resource.download?rid=5d63bfe7-95a2-491c-945a-8a3e2303854c;https://newdatacenter.taichung.gov.tw/api/v1/no-auth/resource.download?rid=0d3d3c6d-b246-4975-a1dd-020502cc5446;https://newdatacenter.taichung.gov.tw/api/v1/no-auth/resource.download?rid=7cc5b87c-9e68-4a3c-b4ef-60f39372846d;https://newdatacenter.taichung.gov.tw/api/v1/no-auth/resource.download?rid=4d6cd1ed-2bdd-4cde-aa91-40bda3c3b65a;https://newdatacenter.taichung.gov.tw/api/v1/no-auth/resource.download?rid=e6264188-2806-4462-a7f3-f530c2057e8e;https://newdatacenter.taichung.gov.tw/api/v1/no-auth/resource.download?rid=f3d3a5dd-b90e-4c65-a1fb-3e9f70aba4b5;https://newdatacenter.taichung.gov.tw/api/v1/no-auth/resource.download?rid=880cafa6-2ae4-47a1-92a3-1b7c2c80f87d;https://newdatacenter.taichung.gov.tw/api/v1/no-auth/resource.download?rid=f6839d1a-b1ef-4597-abb7-43a80fb4db50","UTF-8;UTF-8;UTF-8;UTF-8;UTF-8;UTF-8;UTF-8;UTF-8;UTF-8;UTF-8;UTF-8;UTF-8;UTF-8;UTF-8;UTF-8;UTF-8","系統介接程式","臺中市立國民小學開辦兒童課後照顧情形","地區;項目;欄位名稱;數值;資料時間日期;資料週期;郵遞區號;機關代碼;電子郵件;行動電話;市話;縣市別代碼;行政區域代碼","臺中市政府教育局","每6月","政府資料開放授權條款-第1版","http://opendata.taichung.gov.tw/licenseTerms","免費","王慧琳","04-22289111#55835","2018-08-27 13:31:43","2026-09-06 03:36:10","臺中市政府OAS標準之API說明文件:https://datacenter.taichung.gov.tw/swagger/yaml/387040000E ，Swagger 產生API說明頁面網址。https://datacenter.taichung.gov.tw/swagger/api-docs/","14;14;12;12;12;12;12;12;12;12;12;12;12;12;12;12"
"169098","中央警察大學安全系教師資料","檔案資料","求學及進修","白金","CSV","https://opdadm.moi.gov.tw/api/v1/no-auth/resource/api/dataset/AF2C3359-05C0-42F5-B242-8C28FA2F3A2B/resource/F5AB566C-2205-4B3D-A8DC-B314D3B4E5B9/download","UTF-8","系統介接程式","中央警察大學安全系師資專長及聯絡資訊","Name(姓名);Position(職稱);Specialty(專長);Room(研究室);ContactNumber(電話);Email(電子信箱)","中央警察大學","不定期更新","政府資料開放授權條款-第1版","","免費","劉鳶翎","03-3282321#4266","2024-06-21 15:58:26","2026-09-04 17:16:03","","0"
"178539","中央警察大學學士班四年制原住民優待錄取生概況","檔案資料","求學及進修","無(未做品檢)","CSV","https://opdadm.moi.gov.tw/api/v1/no-auth/resource/api/dataset/0B38762F-9C80-4A1F-B2A1-A317E869CF4B/resource/10FF8390-AC4F-48B5-AE46-48B7A329BD5D/download","UTF-8","系統介接程式","中央警察大學學士班四年制原住民優待錄取生概況、各年度錄取人數、畢業人數","項次編號（SEQNO）;年度（Year）;入學總人數（人／Person）;原住民優待錄取生入學人數（人／Person）;錄取率（百分比／Percent）;參考網址（URL）","中央警察大學","不定期更新","政府資料開放授權條款-第1版","","免費","陳晏祥","03-3282321#4134","2026-09-04 16:36:39","2026-09-04 16:40:03","","0"
"163139","中央警察大學安全系師資表","檔案資料","求學及進修","白金","CSV","https://opdadm.moi.gov.tw/api/v1/no-auth/resource/api/dataset/0EA4FA11-B24D-4DC5-BC72-7E108C4FA353/resource/31D6B09B-1A0B-4832-A3D5-2BA7AACB8E35/download","UTF-8","系統介接程式","中央警察大學安全系師資專長及聯絡資料","Name;Position;Specialty;Room;ContactNumber;Email","中央警察大學","不定期更新","政府資料開放授權條款-第1版","","免費","劉鳶翎","03-3282321#4266","2023-06-28 18:29:52","2026-09-04 15:50:03","","0"
"178534","學生總隊基本教練操作手冊","檔案資料","求學及進修","無(未做品檢)","PDF","https://opdadm.moi.gov.tw/api/v1/no-auth/resource/api/dataset/FE7C4C9C-0959-4552-94F8-4A6940631805/resource/6BA7355C-F5A3-4F52-BE73-C3B5FF4D8D0D/download","UTF-8","系統介接程式","學生總隊基本教練操作各項要領及口令等說明","文本語料","中央警察大學","不定期更新","政府資料開放授權條款-第1版","","免費","陳俊廷","03-3282321#4667","2026-09-04 15:00:19","2026-09-04 15:01:03","",""
"118542","客家委員會兒童客家課程表(歷史資料)","檔案資料","求學及進修","金","CSV;JSON;XML","https://cloud.hakka.gov.tw/Pub/Opendata/DTST20200300004.csv;https://cloud.hakka.gov.tw/Pub/Opendata/DTST20200300004.json;https://cloud.hakka.gov.tw/Pub/Opendata/DTST20200300004.xml","UTF-8;UTF-8;UTF-8","系統介接程式","透過客家特有的童玩遊戲及童詩創作等互動學習方式，讓兒童自然而然產生學習的動機。在本主題裡，有「客語童詩寫作」、「客家童玩」等課程，讓小朋友玩在客語、寫在客語、說在客語！","course_name(課程名稱);teacher(開課教師/製作單位);source(著作來源);course_series(課程系列);course_outline(課程大綱);course_description(課程簡介);subject_keyword(科目關鍵字);subject_properties(科目屬性);hours(上課時數)","客家委員會","不定期更新","政府資料開放授權條款-第1版","","免費","邱慧珠","02-89956988","2020-03-06 15:40:30","2026-09-04 03:03:27","客家委員會政府資料開放平台OAS標準之API說明文件：https://data.hakka.gov.tw/opendata/v2/swagger.json　Swagger產生API說明頁面網址：https://data.hakka.gov.tw/opendata/","0;0;0"
"114406","客家委員會客家音樂課程表(歷史資料)","檔案資料","求學及進修","金","CSV;JSON;XML","https://cloud.hakka.gov.tw/Pub/Opendata/DTST20200100063.csv;https://cloud.hakka.gov.tw/Pub/Opendata/DTST20200100063.json;https://cloud.hakka.gov.tw/Pub/Opendata/DTST20200100063.xml","UTF-8;UTF-8;UTF-8","系統介接程式","從傳統到現代，從原始到創新，在客家音樂主題裡有「客家歌謠選集」及「談臺灣客家民謠」等課程，讓您我一起穿梭在客家音樂的現在與未來之時光隧道中！","course_name(課程名稱);teacher(開課教師製作單位);source(著作來源);course_series(課程系列);course_outline(課程大綱);course_description(課程簡介);subject_keyword(科目關鍵字);subject_properties(科目屬性);hours(上課時數)","客家委員會","不定期更新","政府資料開放授權條款-第1版","","免費","邱慧珠","02-89956988","2020-01-10 16:32:35","2026-09-04 03:03:26","客家委員會政府資料開放平台OAS標準之API說明文件：https://data.hakka.gov.tw/opendata/v2/swagger.json　Swagger產生API說明頁面網址：https://data.hakka.gov.tw/opendata/","0;0;0"
"114405","客家委員會客家民俗歷史課程表(歷史資料)","檔案資料","求學及進修","金","CSV;JSON;XML","https://cloud.hakka.gov.tw/Pub/Opendata/DTST20200100062.csv;https://cloud.hakka.gov.tw/Pub/Opendata/DTST20200100062.json;https://cloud.hakka.gov.tw/Pub/Opendata/DTST20200100062.xml","UTF-8;UTF-8;UTF-8","系統介接程式","想深入客家文化，可以從客家建築及各地客家庄風采等細細探討，您將會發現每個小地方，都充滿著濃厚客家人文色彩！在本主題課程裡，包含「客家族群與社會記憶」及「三山國王信仰」等課程，邀您一同感受豐富的客家風情！","course_name(課程名稱);teacher(開課教師/製作單位);source(著作來源);course_series(課程系列);course_outline(課程大綱);course_description(課程簡介);subject_keyword(科目關鍵字);subject_properties(科目屬性);hours(上課時數)","客家委員會","不定期更新","政府資料開放授權條款-第1版","","免費","邱慧珠","02-89956988","2020-01-10 16:28:14","2026-09-04 03:03:24","客家委員會政府資料開放平台OAS標準之API說明文件：https://data.hakka.gov.tw/opendata/v2/swagger.json　Swagger產生API說明頁面網址：https://data.hakka.gov.tw/opendata/","0;0;0"
"162998","客家委員會客語百句(歷史資料)","檔案資料","求學及進修","白金","CSV;JSON;XML","https://cloud.hakka.gov.tw/Pub/Opendata/DTST20230600025.csv;https://cloud.hakka.gov.tw/Pub/Opendata/DTST20230600025.json;https://cloud.hakka.gov.tw/Pub/Opendata/DTST20230600025.xml","UTF-8;UTF-8;UTF-8","系統介接程式","為鼓勵初學者輕鬆學習日常生活實用客語，提供「好客100句」線上學習服務，網站上提供了詞彙學習區、電子書專區、行動APP專區、模擬測驗、學習社群等多元學習服務。","accent(腔調);hakka(客語);chinese(華語);phonetic(標音);URL(網址)","客家委員會","不定期更新","政府資料開放授權條款-第1版","","免費","邱慧珠","02-89956988","2023-06-15 00:00:00","2026-09-04 03:03:12","",""
"162980","客家委員會低碳食材暨食育課程表(歷史資料)","檔案資料","求學及進修","白金","CSV;JSON;XML","https://cloud.hakka.gov.tw/Pub/Opendata/DTST20230600024.csv;https://cloud.hakka.gov.tw/Pub/Opendata/DTST20230600024.json;https://cloud.hakka.gov.tw/Pub/Opendata/DTST20230600024.xml","UTF-8;UTF-8;UTF-8","系統介接程式","提供低碳食材暨食育課程表。","CountyCode(縣市別代碼);course_name(課程名稱);teacher(開課教師/製作單位);course_series(課程系列)","客家委員會","不定期更新","政府資料開放授權條款-第1版","","免費","梁秋瑩","02-89956988","2023-06-14 00:00:00","2026-09-04 03:03:11","",""
"155466","中小學客語數位學習教材(來上客)","檔案資料","求學及進修","白金","CSV;JSON;XML","https://cloud.hakka.gov.tw/Pub/Opendata/DTST20220300001.csv;https://cloud.hakka.gov.tw/Pub/Opendata/DTST20220300001.json;https://cloud.hakka.gov.tw/Pub/Opendata/DTST20220300001.xml","UTF-8;UTF-8;UTF-8","系統介接程式","客語6腔調之數位教材（四縣腔、南四縣腔、海陸腔、大埔腔、饒平腔、詔安腔），包括電子書、句型、生詞、動畫及非同步教學影片等，提供多元化的客語學習方式。","kind(分類);course_name(課程名稱);course_description(課程簡介);accent(腔調);grade(年級);url(學習連結);Semester(學期);LessonNum(第幾課)","客家委員會","不定期更新","政府資料開放授權條款-第1版","","免費","洪文淑","02-89956988","2022-03-16 00:00:00","2026-09-04 03:02:52","",""
"118870","客家委員會客語教學課程表(歷史資料)","檔案資料","求學及進修","金","CSV;JSON;XML","https://cloud.hakka.gov.tw/Pub/Opendata/DTST20200300034.csv;https://cloud.hakka.gov.tw/Pub/Opendata/DTST20200300034.json;https://cloud.hakka.gov.tw/Pub/Opendata/DTST20200300034.xml","UTF-8;UTF-8;UTF-8","系統介接程式","想認識更多的客家話，體驗語言之美嗎？想知道自己的客語程度如何嗎？參加客語能力認證考試就知道！在客語教學系列中，有「客語能力認證考試基本詞彙」、「客語拼音教學」及「流行客語輕鬆學」等課程，讓客語的趣味與奧妙透過情境動畫生動呈現！！","course_name(課程名稱);teacher(開課教師/製作單位);source(著作來源);course_series(課程系列);course_outline(課程大綱);course_description(課程簡介);subject_keyword(科目關鍵字);subject_properties(科目屬性);hours(上課時數)","客家委員會","不定期更新","政府資料開放授權條款-第1版","","免費","邱慧珠","02-89956988","2020-03-11 18:04:46","2026-09-04 03:02:42","客家委員會政府資料開放平台OAS標準之API說明文件：https://data.hakka.gov.tw/opendata/v2/swagger.json　Swagger產生API說明頁面網址：https://data.hakka.gov.tw/opendata/","0;0;0"
"118767","客家委員會客語文學課程表(歷史資料)","檔案資料","求學及進修","金","CSV;JSON;XML","https://cloud.hakka.gov.tw/Pub/Opendata/DTST20200300024.csv;https://cloud.hakka.gov.tw/Pub/Opendata/DTST20200300024.json;https://cloud.hakka.gov.tw/Pub/Opendata/DTST20200300024.xml","UTF-8;UTF-8;UTF-8","系統介接程式","客家話已是發展成熟又完整的文學語言，不僅可用來述景談情、寫人事物，也能用詩表達抽象曼妙意象。在此很榮幸邀請到何石松及鍾怡彥等幾位老師，帶領大家一起賞析客家俚語、童謠、打油詩，透過文學的方式，領略客家文化獨特之美。","course_name(課程名稱);teacher(開課教師/製作單位);source(著作來源);course_series(課程系列);course_outline(課程大綱);course_description(課程簡介);subject_keyword(科目關鍵字);subject_properties(科目屬性);hours(上課時數)","客家委員會","不定期更新","政府資料開放授權條款-第1版","","免費","邱慧珠","02-89956988","2020-03-10 15:51:42","2026-09-04 03:02:41","客家委員會政府資料開放平台OAS標準之API說明文件：https://data.hakka.gov.tw/opendata/v2/swagger.json　Swagger產生API說明頁面網址：https://data.hakka.gov.tw/opendata/","0;0;0"
"117629","客家委員會客家文化創意產業課程表(歷史資料)","檔案資料","求學及進修","金","CSV;JSON;XML","https://cloud.hakka.gov.tw/Pub/Opendata/DTST20200200004.csv;https://cloud.hakka.gov.tw/Pub/Opendata/DTST20200200004.json;https://cloud.hakka.gov.tw/Pub/Opendata/DTST20200200004.xml","UTF-8;UTF-8;UTF-8","系統介接程式","當傳統客家民俗，加入創意新奇元素，可以為客家激發出哪些創意火花呢？「食在好客做點心」及「客庄旅遊趣」等課程為您揭曉絕妙好點子！","course_name(課程名稱);teacher(開課教師/製作單位);source(著作來源);course_series(課程系列);course_outline(課程大綱);course_description(課程簡介);subject_keyword(科目關鍵字);subject_properties(科目屬性);hours(上課時數)","客家委員會","不定期更新","政府資料開放授權條款-第1版","","免費","邱慧珠","02-89956988","2020-02-15 16:51:18","2026-09-04 03:02:40","客家委員會政府資料開放平台OAS標準之API說明文件：https://data.hakka.gov.tw/opendata/v2/swagger.json　Swagger產生API說明頁面網址：https://data.hakka.gov.tw/opendata/","0;0;0"
"114449","客家委員會影書選粹課程表(歷史資料)","檔案資料","求學及進修","金","CSV;JSON;XML","https://cloud.hakka.gov.tw/Pub/Opendata/DTST20200100079.csv;https://cloud.hakka.gov.tw/Pub/Opendata/DTST20200100079.json;https://cloud.hakka.gov.tw/Pub/Opendata/DTST20200100079.xml","UTF-8;UTF-8;UTF-8","系統介接程式","想要觀賞優質的客家影集，來到影書選粹準沒錯！不論是優質戲劇「源」或「牽紙鷂的手」、小朋友愛看的「奧林P客」、「客家安可」，在本主題課程中，您可以任意觀賞，不讓您錯過任何精彩節目！","course_name(課程名稱);teacher(開課教師/製作單位);source(著作來源);course_series(課程系列);course_outline(課程大綱);course_description(課程簡介);subject_keyword(科目關鍵字);subject_properties(科目屬性);hours(上課時數)","客家委員會","不定期更新","政府資料開放授權條款-第1版","","免費","邱慧珠","02-89956988","2020-01-13 11:37:27","2026-09-04 03:02:38","客家委員會政府資料開放平台OAS標準之API說明文件：https://data.hakka.gov.tw/opendata/v2/swagger.json　Swagger產生API說明頁面網址：https://data.hakka.gov.tw/opendata/","0;0;0"
"114448","客家委員會資訊課程課程表(歷史資料)","檔案資料","求學及進修","金","CSV;JSON;XML","https://cloud.hakka.gov.tw/Pub/Opendata/DTST20200100078.csv;https://cloud.hakka.gov.tw/Pub/Opendata/DTST20200100078.json;https://cloud.hakka.gov.tw/Pub/Opendata/DTST20200100078.xml","UTF-8;UTF-8;UTF-8","系統介接程式","哈客網路學院提供電腦資訊線上課程(如word、excel、powerpoint..等IT類線上教材)，方便學習者進行資訊課程內容學習。","course_name(課程名稱);teacher(開課教師/製作單位);source(著作來源);course_series(課程系列);course_outline(課程大綱);course_description(課程簡介);subject_keyword(科目關鍵字);subject_properties(科目屬性);hours(上課時數)","客家委員會","不定期更新","政府資料開放授權條款-第1版","","免費","邱慧珠","02-89956988","2020-01-13 11:32:56","2026-09-04 03:02:37","客家委員會政府資料開放平台OAS標準之API說明文件：https://data.hakka.gov.tw/opendata/v2/swagger.json　Swagger產生API說明頁面網址：https://data.hakka.gov.tw/opendata/","0;0;0"
"114367","客家委員會大專校院合作課程表(歷史資料)","檔案資料","求學及進修","金","CSV;JSON;XML","https://cloud.hakka.gov.tw/Pub/Opendata/DTST20200100058.csv;https://cloud.hakka.gov.tw/Pub/Opendata/DTST20200100058.json;https://cloud.hakka.gov.tw/Pub/Opendata/DTST20200100058.xml","UTF-8;UTF-8;UTF-8","系統介接程式","哈客網路學院內容包含「客語教學」、「客家文學」、「兒童客家」、「客家音樂」、「客家民俗歷史」、「客家文化創意產業」、「大專校院合作課程」、「影書選粹」等八大類數位教材。","course_name(課程名稱);teacher(開課教師/製作單位);source(著作來源);course_series(課程系列);course_outline(課程大綱);course_description(課程簡介);subject_keyword(科目關鍵字);subject_properties(科目屬性);hours(上課時數)","客家委員會","不定期更新","政府資料開放授權條款-第1版","","免費","邱慧珠","02-89956988","2020-01-10 15:47:32","2026-09-04 03:02:34","客家委員會政府資料開放平台OAS標準之API說明文件：https://data.hakka.gov.tw/opendata/v2/swagger.json　Swagger產生API說明頁面網址：https://data.hakka.gov.tw/opendata/","0;0;0"
"99837","客家委員會看影片學客語(歷史資料)","檔案資料","求學及進修","金","CSV;JSON;XML","https://cloud.hakka.gov.tw/Pub/Opendata/DTST20190300011.csv;https://cloud.hakka.gov.tw/Pub/Opendata/DTST20190300011.json;https://cloud.hakka.gov.tw/Pub/Opendata/DTST20190300011.xml","UTF-8;UTF-8;UTF-8","系統介接程式","看影片學客語！不論是優質戲劇、電影或是行腳節目，在本主題課程中，您可以任意觀賞，不讓您錯過任何精彩節目！","course_name(課程名稱);teacher(開課教師/製作單位);source(著作來源);course_series(課程系列);course_outline(課程大綱);course_description(課程簡介);subject_keyword(科目關鍵字);subject_properties(科目屬性);hours(上課時數)","客家委員會","不定期更新","政府資料開放授權條款-第1版","","免費","邱慧珠","02-89956988","2019-03-14 08:59:51","2026-09-04 03:02:32","客家委員會政府資料開放平台OAS標準之API說明文件：https://data.hakka.gov.tw/opendata/v2/swagger.json　Swagger產生API說明頁面網址：https://data.hakka.gov.tw/opendata/","0;0;0"
"162947","哈客網路學院-每日一客語","檔案資料","求學及進修","白金","CSV;JSON;XML","https://cloud.hakka.gov.tw/Pub/Opendata/DTST20230600012.csv;https://cloud.hakka.gov.tw/Pub/Opendata/DTST20230600012.json;https://cloud.hakka.gov.tw/Pub/Opendata/DTST20230600012.xml","UTF-8;UTF-8;UTF-8","系統介接程式","哈客網路學院提供每日一客語的服務，內容有趣且多元，適合各年齡層來學習，亦能讓民眾簡單方便地學客語。","code(代號);Date(日期);week(週);context_design(內容設計);form(型式);kind(分類);file_number(檔案編號);context(內容);post_content(發表內容);imageURL(圖片連結);URL(網址)","客家委員會","每1月","政府資料開放授權條款-第1版","","免費","邱慧珠","02-89956988","2023-06-12 00:00:00","2026-09-04 03:02:26","",""
"171677","客家委員會客家文化發展中心線上教學資源(歷史資料)","檔案資料","求學及進修","白金","CSV;JSON;XML","https://cloud.hakka.gov.tw/Pub/Opendata/DTST20241200001.csv;https://cloud.hakka.gov.tw/Pub/Opendata/DTST20241200001.json;https://cloud.hakka.gov.tw/Pub/Opendata/DTST20241200001.xml","UTF-8;UTF-8;UTF-8","系統介接程式","建立客家線上教學主題單元、開發輔助教材。以「遠距學園」概念，配合幼兒園、國小鄉土 相關課綱及依兒童年齡層，設計數位學習教材。","Number(項);title(名稱);category(活動類別);Description(說明/備註);website(網站);object(對象)","客家委員會客家文化發展中心","不定期更新","政府資料開放授權條款-第1版","","免費","張耀中","037-985558","2024-12-04 00:00:00","2026-09-04 03:02:23","",""
"166193","客家委員會客家學術機構","檔案資料","求學及進修","金","CSV;JSON;XML","https://cloud.hakka.gov.tw/Pub/Opendata/DTST20231100002.csv;https://cloud.hakka.gov.tw/Pub/Opendata/DTST20231100002.json;https://cloud.hakka.gov.tw/Pub/Opendata/DTST20231100002.xml","UTF-8;UTF-8;UTF-8","系統介接程式","國內大學校院成立之客家學院系所及客家研究中心資料","no(編號);school_name(校名);agency_name(名稱);found_date(成立時間);URL(網址);Closing_time(停辦時間);Number_of_administration_staff(行政人員數量)","客家委員會","每1年","政府資料開放授權條款-第1版","","免費","張友馨","(02)89956988","2023-11-06 00:00:00","2026-09-04 03:01:16","",""
"162621","客語沉浸式教學計畫","檔案資料","求學及進修","白金","CSV;JSON;XML","https://cloud.hakka.gov.tw/Pub/Opendata/DTST20230500090.csv;https://cloud.hakka.gov.tw/Pub/Opendata/DTST20230500090.json;https://cloud.hakka.gov.tw/Pub/Opendata/DTST20230500090.xml","UTF-8;UTF-8;UTF-8","系統介接程式","客委會歷年補助辦理沉浸式客語教學計畫之校園資料","YYYROC(民國年);county(縣市);township(鄉鎮市區);school_name(校園名稱)","客家委員會","每1年","政府資料開放授權條款-第1版","","免費","雷小燕","02-89956988#547","2023-05-23 00:00:00","2026-09-04 03:01:07","",""
"163039","客語結合十二年國教校訂課程","檔案資料","求學及進修","白金","CSV;JSON;XML","https://cloud.hakka.gov.tw/Pub/Opendata/DTST20230600035.csv;https://cloud.hakka.gov.tw/Pub/Opendata/DTST20230600035.json;https://cloud.hakka.gov.tw/Pub/Opendata/DTST20230600035.xml","UTF-8;UTF-8;UTF-8","系統介接程式","補助辦理客語結合十二年國教校訂課程計畫","serial_number(年度);school_name(校名);CountyCode(縣市別代碼);AreaCode(地址-行政區域代碼);course_name(課程名稱);course_description(課程簡介)","客家委員會","每1年","政府資料開放授權條款-第1版","","免費","黃文仕","02-89956988","2023-06-20 00:00:00","2026-09-04 03:01:03","",""
"145580","Taipeizoo_animal","檔案資料","求學及進修","白金","CSV","https://data.taipei/api/dataset/2e1e7eca-deed-48c2-8c56-5a8b91f36538/resource/a27b1124-b19a-400d-a019-cb3c896c231e/download","UTF-8","系統介接程式","About Taipeizoo_animal Data","A_Name;A_Longitude1;A_Latitude1;A_Longitude2;A_Latitude2;A_Longitude3;A_Latitude3;A_Longitude4;A_Latitude4;A_Location;A_Name_Latin;A_Phylum;A_Class;A_Order;A_Family;A_Conservation;A_Distribution;A_Habitat;A_Feature;A_Behavior;A_Diet;A_Crisis;A_Code;A_Pic01_ALT;A_Pic01_URL;A_Pic02_ALT;A_Pic02_URL;A_Pic03_ALT;A_Pic03_URL;A_Pic04_ALT;A_Pic04_URL","臺北市立動物園","每1年","政府資料開放授權條款-第1版","","免費","張珮詩","02-29382300#510","2021-08-26 00:00:00","2026-09-03 15:48:57","",""
"144495","Taipeizoo_DisplayAreas","檔案資料","求學及進修","白金","CSV","https://data.taipei/api/dataset/7afcec65-829f-45aa-9b7c-023a58217541/resource/7a87e031-239c-4367-a88f-de8bafdfe2bc/download","UTF-8","系統介接程式","臺北市立動物園館區介紹","Code;E_Category;E_Name;E_Pic_URL;E_Info;E_Longitude;E_Latitude","臺北市立動物園","每1年","政府資料開放授權條款-第1版","","免費","張珮詩","02-29382300#510","2021-08-26 00:00:00","2026-09-03 15:48:52","",""
"169152","中央警察大學112學年度教師性別統計表","檔案資料","求學及進修","白金","CSV","https://opdadm.moi.gov.tw/api/v1/no-auth/resource/api/dataset/E1B6FF9B-4F5E-4AB3-9929-2FB6A983F7CF/resource/F30CE1F3-96B2-4477-9C26-091295AE8111/download","UTF-8","系統介接程式","中央警察大學112學年度教師性別統計資料，統計教師性別人數。","性別;類別;人數;總人數;百分比","中央警察大學","不定期更新","政府資料開放授權條款-第1版","","免費","林建東","03-3282321#4172","2024-06-26 11:09:37","2026-09-03 15:14:03","","0"
"161601","臺北市終身學習教育資源據點數","檔案資料","求學及進修","白金","CSV","https://data.taipei/api/dataset/dae396a2-bbcf-4aa6-82ec-f944b7b4da3f/resource/d26b7375-69ed-407e-8c08-f7d3934f11f6/download","BIG5","系統介接程式","111至112年臺北市終身學習教育資源據點數","年;終身學習資源【據點】;總數【統計數值】;松山區【統計數值】;信義區【統計數值】;大安區【統計數值】;中山區【統計數值】;中正區【統計數值】;大同區【統計數值】;萬華區【統計數值】;文山區【統計數值】;南港區【統計數值】;內湖區【統計數值】;士林區【統計數值】;北投區【統計數值】","臺北市政府教育局","每1年","政府資料開放授權條款-第1版","","免費","許伃萱","02-27208889#1243","2023-04-11 00:00:00","2026-09-03 14:26:37","",""
"152749","學生總隊各單位電話及位置","檔案資料","求學及進修","金","CSV","https://opdadm.moi.gov.tw/api/v1/no-auth/resource/api/dataset/9ECB56AC-5F16-4111-BD83-30D9DF0D23E7/resource/67DEC2CA-1FCD-4A7E-8D40-CADE2831B610/download","UTF-8","系統介接程式","提供中央警察大學學生總隊各單位電話、網址、駐地位置及開放時間：包括研究生中隊、二技中隊、四年制各期隊及女生隊","SeqNo(編號);Unit Name(單位名稱);URL(網址);LocalCall Service(市話);Office Location(辦公室位置);startTime(開放時間);endTime(關閉時間)","中央警察大學","不定期更新","政府資料開放授權條款-第1版","","免費","陳俊廷","03-3282321#4667","2022-05-12 16:22:09","2026-09-03 11:22:13","","0"
"134645","臺北市各級學校校地校舍概況","檔案資料","求學及進修","白金","CSV","https://data.taipei/api/dataset/47a26bf7-7a66-4f67-9ba6-9176788d9135/resource/9b48e60f-83e1-45c9-bac1-8d5138d67c58/download","UTF-8","系統介接程式","103至114年臺北市各級學校校地校舍概況","序號;民國年;高級中等學校（校地總面積）;高級中等學校（校舍總面積）;國民中學（校地總面積）;國民中學（校舍總面積）;國民小學（校地總面積）;國民小學（校舍總面積）","臺北市政府教育局","每1年","政府資料開放授權條款-第1版","","免費","王宥威","02-27208889#1243","2020-12-02 00:00:00","2026-09-03 10:35:27","",""
"163045","中央警察大學社聯會人數統計表","檔案資料","求學及進修","金","CSV","https://opdadm.moi.gov.tw/api/v1/no-auth/resource/api/dataset/FB7EC78F-515C-4125-9A96-5276D70E1F2A/resource/90077845-4DAE-4285-98F8-8D93AEBCEAD6/download","UTF-8","系統介接程式","中央警察大學學生社團聯合會歷屆人數(含男女比例)統計表，於每年6月進行交接，任期為1年。","Session屆數;male男性_Person;female女性_Person;Person人;grade_1年級別_1;grade_2年級別_2","中央警察大學","不定期更新","政府資料開放授權條款-第1版","","免費","馬若芸","03-3282321#4151","2023-06-21 12:03:17","2026-09-02 11:23:03","","0"
"139675","中央警察大學各學系(所)導師名冊","檔案資料","求學及進修","白金","ZIP","https://opdadm.moi.gov.tw/api/v1/no-auth/resource/api/dataset/0F0798A9-2C54-4E74-883E-BF22867C4753/resource/0CA86E16-7625-40FB-88E0-AD5B1874E774/download","UTF-8","系統介接程式","中央警察大學各學系(所)導師名冊，包含本項博士班、碩士班及學士班(四年制及二年制)。","序號;年度;name;description;file","中央警察大學","不定期更新","政府資料開放授權條款-第1版","","免費","馬若芸","03-3282321#4151","2021-05-24 08:54:59","2026-09-02 10:56:02","","0"
"169029","112年推廣教育訓練中心結訓班期人數表","檔案資料","求學及進修","金","CSV","https://opdadm.moi.gov.tw/api/v1/no-auth/resource/api/dataset/D2115080-ED78-4BF2-8B50-495FF553A9B8/resource/350051A8-BB51-44F0-ABC6-76BCAB5A9D98/download","UTF-8","系統介接程式","112年推廣教育訓練中心各班結訓班期人數的統計資料(包含特考班、警佐班、消佐班及海佐班等)","YYY（ROC）;Class;Person;Training_period;Training Type Code","中央警察大學","不定期更新","政府資料開放授權條款-第1版","","免費","洪國元","03-3282321#4850","2024-06-13 10:27:23","2026-09-02 10:48:03","","0"
"174711","中央警察大學各系所學位名稱中英文一覽表","檔案資料","求學及進修","銀","CSV","https://opdadm.moi.gov.tw/api/v1/no-auth/resource/api/dataset/A4984786-AC15-48BC-ADAF-490EE765563F/resource/F6B7F165-F7B2-4302-AB8F-B3B22E6E892A/download","UTF-8","系統介接程式","中央警察大學之各學系、所中英文名稱對照，及其所對應學位中英文名稱","SeqNo;Chinese_name;English_name;Description;Code;ProductURL","中央警察大學","不定期更新","政府資料開放授權條款-第1版","","免費","陳晏祥","03-3282321#4134","2025-09-01 18:45:27","2026-09-02 10:31:03","","0"
"104322","高雄市原住民部落大學教育參與人次","檔案資料","求學及進修","白金","JSON;CSV","https://openapi.kcg.gov.tw/Api/Service/Get/9560ca26-02d8-4511-bbd2-fa3f0409d9a3;https://data.kcg.gov.tw/File/directDownload/9560ca26-02d8-4511-bbd2-fa3f0409d9a3","UTF-8;UTF-8","系統介接程式","原住民部落大學教育參與人次","Seq(Seq);年別(年別);原住民部落大學教育女性參與人次(原住民部落大學教育女性參與人次);原住民部落大學教育男性參與人次(原住民部落大學教育男性參與人次)","高雄市政府主計處","不定期更新","政府資料開放授權條款-第1版","https://data.kcg.gov.tw/DataSet/Detail/7a4ca3c0-a752-4e08-b620-66d3a751892e","免費","黃怡蓁","(07)3368333","2019-06-13 08:14:13","2026-09-01 21:06:02"," ","12;12"
"162042","中央警察大學推廣教育訓練中心111年結業人數一覽表","檔案資料","求學及進修","白金","CSV","https://opdadm.moi.gov.tw/api/v1/no-auth/resource/api/dataset/4A667267-DC17-40FE-9D16-B36A05E6EF9E/resource/34386CC0-EE6F-4146-901B-786257859DA2/download","UTF-8","系統介接程式","中央警察大學推廣教育訓練中心於111年所辦理的班期結業人數一覽表(其中類別包含警察、消防、海巡及非在職人員的分類)","YYY（ROC）;Class;Person;Training_period;Training Type Code","中央警察大學","不定期更新","政府資料開放授權條款-第1版","","免費","洪國元","03-3282321#4850","2023-05-04 16:29:09","2026-09-01 10:22:03","","0"
"169028","112年推廣教育訓練中心結訓班期性別比例分析表","檔案資料","求學及進修","銀","CSV","https://opdadm.moi.gov.tw/api/v1/no-auth/resource/api/dataset/CE97C591-FB07-4907-9971-DCEEE35AC937/resource/E916AC83-20A0-4AE5-9A2D-61F659F027E9/download","UTF-8","系統介接程式","112年推廣教育訓練中心結訓班期男女人數性別比例概況。","YYY（ROC）;Class;male;female;Person","中央警察大學","不定期更新","政府資料開放授權條款-第1版","","免費","洪國元","03-3282321#4850","2024-06-13 10:25:23","2026-09-01 10:12:03","","0"
"126792","中央警察大學推廣教育訓練中心警職人員進修結訓人數一覽表","檔案資料","求學及進修","白金","CSV","https://opdadm.moi.gov.tw/api/v1/no-auth/resource/api/dataset/FF05BC64-BF83-4951-9DB6-AE9D2D7D8C28/resource/52E018B8-D0E7-460E-9264-425C741F67F1/download","UTF-8","系統介接程式","中央警察大學推廣教育訓練中心歷年所辦理之現職警職人員進修班期，進修人數及結訓人數資料。","YYY（ROC）;Class;Person;Training_period;Training Type Code","中央警察大學","不定期更新","政府資料開放授權條款-第1版","","免費","洪國元","03-3282321#4850","2020-05-15 13:21:04","2026-09-01 09:35:02","","0"
"28591","附設國小部名錄","檔案資料","求學及進修","白金","CSV;CSV;CSV;CSV;CSV;CSV;CSV;CSV;JSON;CSV;JSON;JSON;JSON;JSON;CSV;JSON;CSV;JSON;CSV;JSON","https://stats.moe.gov.tw/files/school/104/ac.csv;https://stats.moe.gov.tw/files/school/105/ac.csv;https://stats.moe.gov.tw/files/school/106/ac.csv;https://stats.moe.gov.tw/files/school/107/ac.csv;https://stats.moe.gov.tw/files/school/108/ac.csv;https://stats.moe.gov.tw/files/school/109/ac.csv;https://stats.moe.gov.tw/files/school/110/ac.csv;https://stats.moe.gov.tw/files/school/111/ac.csv;https://stats.moe.gov.tw/files/school/111/ac.json;https://stats.moe.gov.tw/files/school/112/ac.csv;https://stats.moe.gov.tw/files/school/112/ac.json;https://stats.moe.gov.tw/files/school/110/ac.json;https://stats.moe.gov.tw/files/school/109/ac.json;https://stats.moe.gov.tw/files/school/108/ac.json;https://stats.moe.gov.tw/files/school/113/ac.csv;https://stats.moe.gov.tw/files/school/113/ac.json;https://stats.moe.gov.tw/files/school/114/ac.csv;https://stats.moe.gov.tw/files/school/114/ac.json;https://stats.moe.gov.tw/files/school/115/ac.csv;https://stats.moe.gov.tw/files/school/115/ac.json","UTF-8;UTF-8;UTF-8;UTF-8;UTF-8;UTF-8;UTF-8;UTF-8;UTF-8;UTF-8;UTF-8;UTF-8;UTF-8;UTF-8;UTF-8;UTF-8;UTF-8;UTF-8;UTF-8;UTF-8","原始資料","本資料集係提供自104學年起各附設國小部名錄資訊，包含地址、電話及網址等資料","代碼;學校名稱;縣市名稱;地址;電話;網址","教育部統計處","每1年","政府資料開放授權條款-第1版","","免費","劉小姐","0277366380","2016-04-15 00:00:00","2026-08-31 14:54:14","更新頻率說明: 每學年度
授權說明網址: http://data.gov.tw/license","23;23;26;30;31;32;37;41;41;41;41;37;32;31;42;42;44;44;44;44"
"6087","國民小學名錄","檔案資料","求學及進修","無(白名單)","CSV;CSV;CSV;CSV;CSV;JSON;CSV;JSON;CSV;JSON;CSV;JSON;CSV;JSON;CSV;JSON;CSV;JSON;CSV;JSON","https://stats.moe.gov.tw/files/school/103/e1_new.csv;https://stats.moe.gov.tw/files/school/104/e1_new.csv;https://stats.moe.gov.tw/files/school/105/e1_new.csv;https://stats.moe.gov.tw/files/school/106/e1_new.csv;https://stats.moe.gov.tw/files/school/107/e1_new.csv;https://stats.moe.gov.tw/files/school/107/e1_new.json;https://stats.moe.gov.tw/files/school/108/e1_new.csv;https://stats.moe.gov.tw/files/school/108/e1_new.json;https://stats.moe.gov.tw/files/school/109/e1_new.csv;https://stats.moe.gov.tw/files/school/109/e1_new.json;https://stats.moe.gov.tw/files/school/110/e1_new.csv;https://stats.moe.gov.tw/files/school/110/e1_new.json;https://stats.moe.gov.tw/files/school/111/e1_new.csv;https://stats.moe.gov.tw/files/school/111/e1_new.json;https://stats.moe.gov.tw/files/school/112/e1_new.csv;https://stats.moe.gov.tw/files/school/112/e1_new.json;https://stats.moe.gov.tw/files/school/113/e1_new.csv;https://stats.moe.gov.tw/files/school/113/e1_new.json;https://stats.moe.gov.tw/files/school/114/e1_new.csv;https://stats.moe.gov.tw/files/school/114/e1_new.json","UTF-8;UTF-8;UTF-8;UTF-8;UTF-8;UTF-8;UTF-8;UTF-8;UTF-8;UTF-8;UTF-8;UTF-8;UTF-8;UTF-8;UTF-8;UTF-8;UTF-8;UTF-8;UTF-8;UTF-8","原始資料","本資料集係提供自103學年起各學年國民小學名錄資訊，包含地址、電話及網址等資料","代碼;學校名稱;縣市名稱;地址;電話;網址;","教育部統計處","每1年","政府資料開放授權條款-第1版","","免費","劉小姐","0277366380","2014-08-01 00:00:00","2026-08-31 14:28:06","更新頻率說明: 每學年度
授權說明網址: http://data.gov.tw/license","1000;1000;1000;1000;1000;2633;1000;2632;1000;2632;1000;2627;1000;2627;1000;2625;1000;2614;1000;2608"
"134466","109年度宜蘭縣專科學校","檔案資料","求學及進修","銅","CSV;XML;JSON","https://opendataap2.e-land.gov.tw/./resource/files/2020-11-08/864d975415ba40df9dabe621a2ac4988.csv;https://opendataap2.e-land.gov.tw/./resource/files/2020-11-08/864d975415ba40df9dabe621a2ac4988.xml;https://opendataap2.e-land.gov.tw/./resource/files/2020-11-08/864d975415ba40df9dabe621a2ac4988.json","UTF-8;UTF-8;UTF-8","系統介接程式","宜蘭縣社福相關資料","公私立;體制;學校名稱;學校英文名稱;縣市別;第三級;行政區;郵遞區號;學校地址;學校總機;網址","宜蘭縣政府","不定期更新","政府資料開放授權條款-第1版","http://data.gov.tw/opendata/principle","免費","許廷兆","(03)925-1000","2020-11-08 11:13:25","2026-08-31 01:06:54","無","0;0;0"
"134465","109年度宜蘭縣國私立大學","檔案資料","求學及進修","銅","CSV;XML;JSON","https://opendataap2.e-land.gov.tw/./resource/files/2020-11-08/cde96e7d37c13e3c5e96f0fa287bca3c.csv;https://opendataap2.e-land.gov.tw/./resource/files/2020-11-08/cde96e7d37c13e3c5e96f0fa287bca3c.xml;https://opendataap2.e-land.gov.tw/./resource/files/2020-11-08/cde96e7d37c13e3c5e96f0fa287bca3c.json","UTF-8;UTF-8;UTF-8","系統介接程式","宜蘭縣社福相關資料","公私立;體制;學校名稱;學校英文名稱;縣市別;第三級;行政區;郵遞區號;學校地址;學校總機;網址","宜蘭縣政府","不定期更新","政府資料開放授權條款-第1版","http://data.gov.tw/opendata/principle","免費","許廷兆","(03)925-1000","2020-11-08 11:10:53","2026-08-31 01:06:53","無","0;0;0"
"130091","現住原住民教育程度(88-91年)","檔案資料","求學及進修","銅","CSV;XML;JSON","https://opendataap2.e-land.gov.tw/./resource/files/2019-12-05/4c5eaa9e7ad7b38f73a91ed671e75dee.csv;https://opendataap2.e-land.gov.tw/./resource/files/2019-12-05/4c5eaa9e7ad7b38f73a91ed671e75dee.xml;https://opendataap2.e-land.gov.tw/./resource/files/2019-12-05/4c5eaa9e7ad7b38f73a91ed671e75dee.json","UTF-8;UTF-8;UTF-8","系統介接程式","現住原住民教育程度(88-91年)-年_依 期間， 鄉鎮市，男/女，平地/山地與項目","總計;滿15歲以上者合計;研究所畢業;研究所肄業;研究所在學;大學及獨立學院畢業;大學及獨立學院肄業;大學及獨立學院在學;專科畢業;專科肄業;專科在學;高中畢業;高中肄業;高中在學;高職畢業;高職肄業;高職在學;國中(初中;初職)畢業;國中(初中;初職)肄業;國中(初中;初職)在學;小學畢業;小學肄業;小學在學;識字;不識字;6歲至未滿15歲者合計;6歲至未滿15歲者在學;6歲至未滿15歲者未在學;未滿6歲者","宜蘭縣政府","不定期更新","政府資料開放授權條款-第1版","http://data.gov.tw/opendata/principle","免費","統計科","(03)925-1000","2020-08-11 10:37:26","2026-08-31 01:03:11","無","0;0;0"
"129176","現住原住民教育程度(102年後)-年 依 期間，年齡層， 男/女，平地/山地 與 項目","檔案資料","求學及進修","銅","CSV;XML;JSON","https://opendataap2.e-land.gov.tw/./resource/files/2019-12-05/82cb836560d16c407155c63871466b06.csv;https://opendataap2.e-land.gov.tw/./resource/files/2019-12-05/82cb836560d16c407155c63871466b06.xml;https://opendataap2.e-land.gov.tw/./resource/files/2019-12-05/82cb836560d16c407155c63871466b06.json","UTF-8;UTF-8;UTF-8","系統介接程式","現住原住民教育程度(102年後)-年 依 期間，年齡層，男/女，平地/山地 與 項目","總計;識字者;博士畢業;博士肄業;研究所畢業;研究所肄業;大學畢業;大學肄業;二三年專科畢業;二三年專科肄業;五專畢業;五專後二年肄業;五專前三年肄業;高中畢業;高中肄業;高職畢業;高職肄業;國中(初職);國中(初職);小學畢業;小學肄業;自修;不識字;未詳","宜蘭縣政府","不定期更新","政府資料開放授權條款-第1版","http://data.gov.tw/opendata/principle","免費","統計科","(03)925-1000","2020-08-11 10:40:29","2026-08-31 01:03:11","無","0;0;0"
"128972","現住原住民教育程度(92-101年)-年 依 期間，年齡層，男/女，平地/山地 與","檔案資料","求學及進修","銅","CSV;XML;JSON","https://opendataap2.e-land.gov.tw/./resource/files/2019-12-05/dc3c7c2512f1445f8088571f39490b74.csv;https://opendataap2.e-land.gov.tw/./resource/files/2019-12-05/dc3c7c2512f1445f8088571f39490b74.xml;https://opendataap2.e-land.gov.tw/./resource/files/2019-12-05/dc3c7c2512f1445f8088571f39490b74.json","UTF-8;UTF-8;UTF-8","系統介接程式","現住原住民教育程度(92-101年)-年 依 期間， 年齡層，男/女，平地/山地 與","總計;研究所畢業;研究所肄業;大學畢業;大學肄業;專科畢業;專科肄業;高中畢業;高中肄業;高職畢業;高職肄業;國中畢業;國中肄業;初職畢業;初職肄業;小學畢業;小學肄業;自修;不識字;未詳","宜蘭縣政府","不定期更新","政府資料開放授權條款-第1版","http://data.gov.tw/opendata/principle","免費","統計科","(03)925-1000","2020-08-06 17:04:28","2026-08-31 01:03:10","無","0;0;0"
"128974","滿15歲以上現住人口之教育程度－依鄉鎮市(102年後)-年 依 期間， 鄉鎮市，","檔案資料","求學及進修","銀","CSV;XML;JSON","https://opendataap2.e-land.gov.tw/./resource/files/2021-08-27/6961cfab1067bd0f6faae77af04cda09.csv;https://opendataap2.e-land.gov.tw/./resource/files/2021-08-27/6961cfab1067bd0f6faae77af04cda09.xml;https://opendataap2.e-land.gov.tw/./resource/files/2021-08-27/6961cfab1067bd0f6faae77af04cda09.json","UTF-8;UTF-8;UTF-8","系統介接程式","滿15歲以上現住人口之教育程度－依鄉鎮市(102年後)-年 依 期間，鄉鎮市，","年度;區域;性別;總計;識字者合計;博士畢業;博士肄業;研究所畢業;研究所肄業;大學(含獨立學院);大學(含獨立學院);二;三年制專科畢業;二;三年制專科肄業;五年制專科後二年畢業;五年制專科後二年肄業;五年制專科前三年肄業;高中畢業;高中肄業;高職畢業;高職肄業;國(初);國(初);初職畢業;初職肄業;國小畢業;國小肄業;自修;不識字者","宜蘭縣政府","不定期更新","政府資料開放授權條款-第1版","http://data.gov.tw/opendata/principle","免費","統計科","(03)925-1000","2020-08-05 10:42:55","2026-08-31 01:03:06","無","0;0;0"
"128926","滿15歲以上現住人口之教育程度－依鄉鎮市(88-101年)","檔案資料","求學及進修","銅","CSV;XML;JSON","https://opendataap2.e-land.gov.tw/./resource/files/2019-12-05/6ecba12e16e78051c17a83cd4864a6cb.csv;https://opendataap2.e-land.gov.tw/./resource/files/2019-12-05/6ecba12e16e78051c17a83cd4864a6cb.xml;https://opendataap2.e-land.gov.tw/./resource/files/2019-12-05/6ecba12e16e78051c17a83cd4864a6cb.json","UTF-8;UTF-8;UTF-8","系統介接程式","滿15歲以上現住人口之教育程度－依鄉鎮市(88-101年)-年_依期間，鄉鎮市","總計;識字者合計;研究所畢業;研究所肄業;大學(含獨立學院);大學(含獨立學院);二;三年制專科畢業;二;三年制專科肄業;五年制專科後二年畢業;五年制專科後二年肄業;五年制專科前三年肄業;高中畢業;高中肄業;高職畢業;高職肄業;國(初);國(初);初職畢業;初職肄業;國小畢業;國小肄業;自修;不識字者","宜蘭縣政府","不定期更新","政府資料開放授權條款-第1版","http://data.gov.tw/opendata/principle","免費","統計科","(03)925-1000","2020-08-04 12:02:29","2026-08-31 01:03:05","無","0;0;0"
"128895","滿15歲以上現住人口之教育程度－依年齡(88-101年)","檔案資料","求學及進修","銅","CSV;XML;JSON","https://opendataap2.e-land.gov.tw/./resource/files/2019-12-05/2cda4fb0ca77e37d2dc3c8b592c6c02e.csv;https://opendataap2.e-land.gov.tw/./resource/files/2019-12-05/2cda4fb0ca77e37d2dc3c8b592c6c02e.xml;https://opendataap2.e-land.gov.tw/./resource/files/2019-12-05/2cda4fb0ca77e37d2dc3c8b592c6c02e.json","UTF-8;UTF-8;UTF-8","系統介接程式","滿15歲以上現住人口之教育程度－依年齡(88-101年)-年_依期間，年齡層","總計;識字者合計;研究所畢業;研究所肄業;大學含獨立學院畢業;大學含獨立學院肄業;二;三年制專科畢業;二;三年制專科肄業;五年制專科後二年畢業;五年制專科後二年肄業;五年制專科前三年肄業;高中畢業;高中肄業;高職畢業;高職肄業;國(初);國(初);初職畢業;初職肄業;國小畢業;國小肄業;自修;不識字者","宜蘭縣政府","不定期更新","政府資料開放授權條款-第1版","http://data.gov.tw/opendata/principle","免費","統計科","(03)925-1000","2020-08-04 11:44:18","2026-08-31 01:03:04","無","0;0;0"
"129216","滿15歲以上現住人口之教育程度－依年齡(102年後)","檔案資料","求學及進修","銅","CSV;XML;JSON","https://opendataap2.e-land.gov.tw/./resource/files/2019-12-05/9f954094265803e25235b7c4208f759c.csv;https://opendataap2.e-land.gov.tw/./resource/files/2019-12-05/9f954094265803e25235b7c4208f759c.xml;https://opendataap2.e-land.gov.tw/./resource/files/2019-12-05/9f954094265803e25235b7c4208f759c.json","UTF-8;UTF-8;UTF-8","系統介接程式","滿15歲以上現住人口之教育程度－依年齡(102年後)-年 依 期間，年齡層，男/女","總計;識字者合計;博士畢業;博士肄業;研究所畢業;研究所肄業;大學(含獨立學院);大學(含獨立學院);二;三年制專科畢業;二;三年制專科肄業;五年制專科後二年畢業;五年制專科後二年肄業;五年制專科前三年肄業;高中畢業;高中肄業;高職畢業;高職肄業;國(初);國(初);初職畢業;初職肄業;國小畢業;國小肄業;自修;不識字者","宜蘭縣政府","不定期更新","政府資料開放授權條款-第1版","http://data.gov.tw/opendata/principle","免費","統計科","(03)925-1000","2020-08-04 11:53:50","2026-08-31 01:03:04","無","0;0;0"
"47476","宜蘭縣109學年度國民小學辦理兒童課後照顧服務班學校清單","檔案資料","求學及進修","金","CSV;XML;JSON","https://opendataap2.e-land.gov.tw/./resource/files/2021-07-14/fe0d5970de942a558b7b7f8ceec47b8b.csv;https://opendataap2.e-land.gov.tw/./resource/files/2021-07-14/fe0d5970de942a558b7b7f8ceec47b8b.xml;https://opendataap2.e-land.gov.tw/./resource/files/2021-07-14/fe0d5970de942a558b7b7f8ceec47b8b.json","UTF-8;UTF-8;UTF-8","系統介接程式","宜蘭縣109學年度國民小學辦理兒童課後照顧服務班學校清單資料","編號;學校名稱","宜蘭縣政府","不定期更新","政府資料開放授權條款-第1版","http://data.gov.tw/opendata/principle","免費","江小姐","(03)925-1000分機2652","2017-08-11 00:00:00","2026-08-31 01:01:43","無","0;0;0"
"15949","社區大學學員年度統計","檔案資料","求學及進修","白金","CSV","https://depart.moe.edu.tw/ed2400/Common/HitCount.ashx?p=C535150A0F617C6860CE01B098F7F2109789188FC445F71F5A68B1573A6310F8042DF60722082B0858719ECE87C7AD0723A709D2447A497EC80F244EDD777F12403397F137D7C00A6EF1BFB072B1BDCCA905E18DE8DD2D8E39B821F4375D2E99&type=FB01D469347C76A7&s=0A5294CEEEC93BC7","UTF-8","原始資料","108-115社區大學學員年度統計 ","年度;期別;縣市別代碼;縣市別;修課人次合計;男性修課人次;男性修課比率;女性修課人次;女性修課比率","教育部終身教育司","不定期更新","政府資料開放授權條款-第1版","https://cc.moe.edu.tw/open_data","免費","宋小姐","0277366816","2015-06-17 00:00:00","2026-08-28 10:17:58","授權說明網址: http://data.gov.tw/license","314"
"40181","社區大學據點資訊","檔案資料","求學及進修","白金","CSV","https://depart.moe.edu.tw/ed2400/Common/HitCount.ashx?p=C535150A0F617C6860CE01B098F7F2109789188FC445F71F5A68B1573A6310F8042DF60722082B0858719ECE87C7AD0715382C4021794C49AA4D5C2DF38858B39B7E17D2603DD16F955BC608E943D06B1CC821D950486A55C78E377A175B8AB6&type=FB01D469347C76A7&s=C9B2F32BA415989D","UTF-8","原始資料","108-115社區大學據點資訊","年度;期別;縣市別代碼;縣市別;社區大學名稱;據點名稱;據點地址","教育部終身教育司","不定期更新","政府資料開放授權條款-第1版","https://cc.moe.edu.tw/open_data","免費","宋小姐","02-77366816","2016-11-30 00:00:00","2026-08-28 10:17:15","授權說明網址: http://data.gov.tw/license","1000"
"40508","社區大學課程清單","檔案資料","求學及進修","白金","CSV","https://depart.moe.edu.tw/ed2400/Common/HitCount.ashx?p=C535150A0F617C6860CE01B098F7F2109789188FC445F71F5A68B1573A6310F8042DF60722082B0858719ECE87C7AD07F379837D7319992C0AFD1D4DAF3B9B27FEEBFF4C89AE7627B4E7793797E34FEB160FF3AC5FF352976CA246967B9A934F&type=FB01D469347C76A7&s=7C01852F73173E3E","UTF-8","原始資料","108-115社區大學課程清單（資料來源係由社區大學填報並經所屬地方政府審核通過）","年度;期別;縣市別代碼;縣市別;社區大學名稱;課程名稱;課程教師","教育部終身教育司","不定期更新","政府資料開放授權條款-第1版","https://cc.moe.edu.tw/open_data","免費","宋小姐","0277366816","2016-12-03 00:00:00","2026-08-28 10:15:50","授權說明網址: http://data.gov.tw/license","1000"
"41954","教育部駐外單位緊急聯絡專線","檔案資料","求學及進修","白金","CSV","https://ws.moe.edu.tw/Download.ashx?u=LzAwMS9VcGxvYWQvNy9yZWxmaWxlLzYwNzMvNTQ0L2YzNDBjMDkzLTVhNmItNDQzNy1hNGViLThkMDExNTg4ZmFmNS5jc3Y%3d&n=5pWZ6IKy6YOo6aeQ5aSW5Zau5L2N57eK5oCl6IGv57Wh5bCI57eaLmNzdg%3d%3d&icon=..csv","UTF-8","原始資料","教育部各駐外教育組緊急聯繫電話總表","編號;國籍;單位名稱;(國際冠碼-國碼);手機號碼","教育部國際及兩岸教育司","每1年","政府資料開放授權條款-第1版","","免費","林小姐","02-77365759","2017-01-03 00:00:00","2026-08-27 17:52:12","更新頻率說明: 滾動更新(不定期更新)
授權說明網址: http://data.gov.tw/license","31"
"6289","大專校院境外學生人數統計","檔案資料","求學及進修","白金","CSV;JSON;CSV;JSON","https://stats.moe.gov.tw/files/opendata/foreignstudent_A.csv;https://stats.moe.gov.tw/files/opendata/foreignstudent_A.json;https://stats.moe.gov.tw/files/opendata/foreignstudent_B.csv;https://stats.moe.gov.tw/files/opendata/foreignstudent_B.json","UTF-8;UTF-8;UTF-8;UTF-8","原始資料","本資料集依學生身分類別分為「學位生」及「非學位生」兩表，係以每年10月15日為資料基準日，統計全臺各大專校院境外學生在臺留學/研習人數統計結果。※「非學位生」大陸研修生111以前無蒐集校別、性別資料。","學年度;學校代碼;學校名稱;國別代碼;國家名稱;科系代碼;科系名稱;學制別;學生_正式修讀學位外國學生_男[人];學生_正式修讀學位外國學生_女[人];學生_僑生(含港澳)_男[人];學生_僑生(含港澳)_女[人];學生_正式修讀學位陸生_男[人];學生_正式修讀學位陸生_女[人];畢業生_正式修讀學位外國學生_男[人];畢業生_正式修讀學位外國學生_女[人];畢業生_僑生(含港澳)_男[人];畢業生_僑生(含港澳)_女[人];畢業生_正式修讀學位陸生_男[人];畢業生_正式修讀學位陸生_女[人]","教育部統計處","每1年","政府資料開放授權條款-第1版","","免費","李小姐","0277365773","2015-02-05 00:00:00","2026-08-27 16:28:19","更新頻率說明: 每學年度
授權說明網址: https://data.gov.tw/license","1000;181270;1000;28174"
"126779","中央警察大學行政警察學系專任教師職位分布表","檔案資料","求學及進修","白金","CSV","https://opdadm.moi.gov.tw/api/v1/no-auth/resource/api/dataset/AE982192-FEF3-4162-AFDC-13D1762BA2C9/resource/05A3310B-A8DD-41F7-991B-4D877CF519C9/download","UTF-8","系統介接程式","行政警察學系專任師資職位(教授、副教授等)統計分布","Position(職稱);Numberofpeople(人數);Male(男);Female(女);Total(總人數);Ratio(比例);SEMINARLINKS(連結);UPDATE(更新日期)","中央警察大學","不定期更新","政府資料開放授權條款-第1版","","免費","劉倩妤","03-3282321#4501","2020-05-05 14:45:19","2026-08-27 15:06:16","","5"
"38385","南投縣私立幼兒園通訊資料","檔案資料","求學及進修","白金","CSV;CSV;CSV","https://data.nantou.gov.tw/dataset/d609cf0a-284a-4c85-baf1-2316ae854247/resource/32a91fb6-75d4-402f-8b3a-b0a6146a948a/download/114.csv;https://data.nantou.gov.tw/dataset/d609cf0a-284a-4c85-baf1-2316ae854247/resource/505f21bc-60e1-4a94-a0da-982d555ea367/download/115.csv;https://data.nantou.gov.tw/dataset/d609cf0a-284a-4c85-baf1-2316ae854247/resource/5ad20fdb-76fc-49b0-b3e9-a9b6bc120244/download/115.csv","UTF-8;BIG5;BIG5","系統介接程式","南投縣各行政區私立幼兒園名稱、電話及地址","編號;鄉鎮;幼兒園名稱;負責人/園長;幼兒園電話;傳真;總和班級;核定人數;幼兒園住址","南投縣政府","不定期更新","政府資料開放授權條款-第1版","","免費","王心宜","049-2222106#1303","2016-01-01 00:00:00","2026-08-26 23:00:10","","0;0;0"
"38352","南投縣公立幼兒園通訊資料","檔案資料","求學及進修","白金","CSV;CSV;CSV","https://data.nantou.gov.tw/dataset/4b5e0e28-22ba-43e9-8ffa-58fdc2023d05/resource/48401ae0-1e49-494a-a0e3-33d9ae69d077/download/11409.csv;https://data.nantou.gov.tw/dataset/4b5e0e28-22ba-43e9-8ffa-58fdc2023d05/resource/9a2c65c5-4568-4969-aa7f-0babc8166915/download/115.csv;https://data.nantou.gov.tw/dataset/4b5e0e28-22ba-43e9-8ffa-58fdc2023d05/resource/420ccc0f-c81d-4aff-a3fb-12cc33f6baef/download/1152.csv","BIG5;BIG5;BIG5","系統介接程式","南投縣各行政區公立幼兒園名稱、電話及地址","編號;鄉鎮;幼兒園名稱;負責人/園長;幼兒園電話;傳真;總和班級;核定人數;郵遞區號;幼兒園住址","南投縣政府","不定期更新","政府資料開放授權條款-第1版","","免費","王心宜","049-2222106#1303","2016-01-01 00:00:00","2026-08-26 23:00:08","","0;0;0"
"59710","智慧財產權研討會資訊","檔案資料","求學及進修","白金","XML","https://www1.tipo.gov.tw/public/Data/data_output_3.xml","UTF-8","原始資料","提供各界於智慧財產局研討會登錄中心登錄之相關智慧財產權活動資訊，使民眾能更快速查得所需研討會資訊。","活動名稱;活動資訊;活動開始日期;活動結束日期;舉辦地點;地址;是否供餐;是否需要費用;講師姓名;主辦單位;活動資訊網址","經濟部智慧財產局","每1日","政府資料開放授權條款-第1版","","免費","李沅達","02-2376-7782","2017-11-17 00:00:00","2026-08-26 17:14:20","","21"
"169146","中央警察大學外事系師資資料","檔案資料","求學及進修","白金","CSV","https://opdadm.moi.gov.tw/api/v1/no-auth/resource/api/dataset/A0802AFC-B80D-4590-AC37-6606700FB242/resource/246B3060-C460-4309-875B-C9834AF5E029/download","UTF-8","系統介接程式","外事警察學系專任教師資訊","Name(姓名);Gender(性別);Position(職稱);Specialty(專長);Room(研究室);Extension(分機);Email(電子郵件)","中央警察大學","不定期更新","政府資料開放授權條款-第1版","","免費","陳思妤","03-3282321#4301","2024-06-25 13:48:40","2026-08-26 13:40:03","","0"
"178407","中央警察大學行政警察學系系所簡介","檔案資料","求學及進修","無(未做品檢)","PDF","https://opdadm.moi.gov.tw/api/v1/no-auth/resource/api/dataset/5BD5B6E8-ECB1-463A-942E-66E72A0C8C70/resource/A19D9936-4C7D-4919-91FA-6FC05AE1ABE4/download","UTF-8","系統介接程式","介紹行政警察學系概況、教育目標、師資等系所相關訊息，期盼大眾更了解本系所發展與展望","文本語錄","中央警察大學","不定期更新","政府資料開放授權條款-第1版","","免費","劉倩妤","03-3282321#4501","2026-08-26 11:32:08","2026-08-26 11:33:03","",""
"178404","中央警察大學法律學研究所修業規範","檔案資料","求學及進修","無(未做品檢)","PDF","https://opdadm.moi.gov.tw/api/v1/no-auth/resource/api/dataset/3C4A200A-6F09-4ACB-92A7-0095C5216629/resource/0CD61E01-E093-4828-AA9C-664474AE0136/download","UTF-8","系統介接程式","法律學研究所修業規範","文本語料","中央警察大學","不定期更新","政府資料開放授權條款-第1版","","免費","陳淑君","03-3282321#4371","2026-08-26 09:11:05","2026-08-26 09:13:03","",""
"170575","原住民族語教材教具","檔案資料","求學及進修","白金","JSON;XML;CSV","https://data.cip.gov.tw/API/v1/dump/datastore/A53000000A-113007-001;https://data.cip.gov.tw/API/v1/dump/datastore/A53000000A-113007-002;https://data.cip.gov.tw/API/v1/dump/datastore/A53000000A-113007-003","UTF-8;UTF-8;UTF-8","系統介接程式","原住民族語的教材或是教具，出版類別可能是: 一般書籍/繪本/雜誌/其它 等","Seq(序號);DateListed(資料日期);出版品;出版品年份;出版品語言語別;出版物類別","原住民族委員會","不定期更新","政府資料開放授權條款-第1版","","免費","邱冠儒 先生","(02)89953065","2024-09-08 00:00:00","2026-08-25 19:01:32","","103;103;103"
"170578","原住民族教育調查統計之各級學校原住民畢業生人數","檔案資料","求學及進修","白金","JSON;XML;CSV","https://data.cip.gov.tw/API/v1/dump/datastore/A53000000A-113008-001;https://data.cip.gov.tw/API/v1/dump/datastore/A53000000A-113008-002;https://data.cip.gov.tw/API/v1/dump/datastore/A53000000A-113008-003","UTF-8;UTF-8;UTF-8","系統介接程式","統計各級學校原住民學生畢業生人數狀況","Seq(序號);DateListed(資料日期);學年度;學制;全體畢業生人數;非原住民學生畢業生人數;原住民學生畢業生人數;原住民學生占該學制比率","原住民族委員會","不定期更新","政府資料開放授權條款-第1版","","免費","邱冠儒 先生","(02)89953065","2024-09-09 00:00:00","2026-08-25 19:01:01","","21;21;21"
"170579","原住民族教育調查統計之大專校院原住民學生資源中心設置情形","檔案資料","求學及進修","白金","JSON;XML;CSV","https://data.cip.gov.tw/API/v1/dump/datastore/A53000000A-113009-001;https://data.cip.gov.tw/API/v1/dump/datastore/A53000000A-113009-002;https://data.cip.gov.tw/API/v1/dump/datastore/A53000000A-113009-003","UTF-8;UTF-8;UTF-8","系統介接程式","原住民族學生教育調查，關於大專校院設置原住民學生資源中心的情形","Seq(序號);DateListed(資料日期);學年度;項目;數值","原住民族委員會","不定期更新","政府資料開放授權條款-第1版","","免費","邱冠儒 先生","(02)89953065","2024-09-09 00:00:00","2026-08-25 18:52:42","","10;10;10"
"170580","原住民族教育調查統計之各級學校全體及原住民學生人數摘要表","檔案資料","求學及進修","白金","JSON;XML;CSV","https://data.cip.gov.tw/API/v1/dump/datastore/A53000000A-113010-001;https://data.cip.gov.tw/API/v1/dump/datastore/A53000000A-113010-002;https://data.cip.gov.tw/API/v1/dump/datastore/A53000000A-113010-003","UTF-8;UTF-8;UTF-8","系統介接程式","原住民學生人數在各級學校之學生人數狀況","Seq(序號);DateListed(資料日期);學年度;類別;全體學生數;非原住民學生學生數;原住民學生學生數;原住民學生原鄉地區學生比率","原住民族委員會","不定期更新","政府資料開放授權條款-第1版","","免費","邱冠儒 先生","(02)89953065","2024-09-09 00:00:00","2026-08-25 18:51:37","","57;57;57"
"170577","原住民族教育調查統計之歷年高級中等學校一年級族語能力比較","檔案資料","求學及進修","白金","JSON;XML;CSV","https://data.cip.gov.tw/API/v1/dump/datastore/A53000000A-113015-001;https://data.cip.gov.tw/API/v1/dump/datastore/A53000000A-113015-002;https://data.cip.gov.tw/API/v1/dump/datastore/A53000000A-113015-003","UTF-8;UTF-8;UTF-8","系統介接程式","針對高級中等學校一年級族語能力比較，包括聽、說、讀、寫及歌謠歌頌能力。","Seq(序號);DateListed(資料日期);學年度;族語能力;比率","原住民族委員會","不定期更新","政府資料開放授權條款-第1版","","免費","邱冠儒 先生","(02)89953065","2024-09-09 00:00:00","2026-08-25 18:51:03","","89;89;89"
"170582","原住民教育調查統計之具原住民身分教師及族語老師通過族語認證調查依族別統計","檔案資料","求學及進修","白金","JSON;XML;CSV","https://data.cip.gov.tw/API/v1/dump/datastore/A53000000A-113012-001;https://data.cip.gov.tw/API/v1/dump/datastore/A53000000A-113012-002;https://data.cip.gov.tw/API/v1/dump/datastore/A53000000A-113012-003","UTF-8;UTF-8;UTF-8","系統介接程式","依族別統計屬原住民身分教師及族語老師是否有通過族語認證","Seq(序號);DateListed(資料日期);學年度;族別;族別代碼;總人數;未通過族語認證比率;通過族語認證比率;未回答比率","原住民族委員會","不定期更新","政府資料開放授權條款-第1版","","免費","邱冠儒 先生","(02)89953065","2024-09-09 00:00:00","2026-08-25 18:50:16","","35;35;35"
"156610","全國沉浸式族語教學幼兒園暨語別班級類型一覽表","檔案資料","求學及進修","白金","JSON;XML;CSV","https://data.cip.gov.tw/API/v1/dump/datastore/A53000000A-111018-001;https://data.cip.gov.tw/API/v1/dump/datastore/A53000000A-111018-002;https://data.cip.gov.tw/API/v1/dump/datastore/A53000000A-111018-003","UTF-8;UTF-8;UTF-8","系統介接程式","全國沉浸式族語教學幼兒園暨語別班級類型一覽表(110,111,112,113學年度)","Seq(序號);DateListed(資料日期);學年度;序號;沉浸年度;園所名稱;語言別;幼兒人數;班級組成","原住民族委員會","不定期更新","政府資料開放授權條款-第1版","","免費","田雅頻 先生","(02)89953117","2022-07-22 00:00:00","2026-08-25 18:44:02","","248;248;248"
"170581","原住民教育調查統計之各級學校原住民學生族籍分布","檔案資料","求學及進修","白金","JSON;XML;CSV","https://data.cip.gov.tw/API/v1/dump/datastore/A53000000A-113013-001;https://data.cip.gov.tw/API/v1/dump/datastore/A53000000A-113013-002;https://data.cip.gov.tw/API/v1/dump/datastore/A53000000A-113013-003","UTF-8;UTF-8;UTF-8","系統介接程式","原住民學生在各級學校的各族別的分布狀況","Seq(序號);DateListed(資料日期);學年度;原住民族族名;原住民族族別代碼;博士生;碩士生;大專生;高級中等學校生;國中生;國小生;國中補校生;國小補校生","原住民族委員會","不定期更新","政府資料開放授權條款-第1版","","免費","杜雅元 先生","(02)89953110","2024-09-09 00:00:00","2026-08-25 18:43:24","","34;34;34"
"170576","原住民族教育調查統計之歷年原住民國中一年級族語能力比較","檔案資料","求學及進修","白金","JSON;XML;CSV","https://data.cip.gov.tw/API/v1/dump/datastore/A53000000A-113014-001;https://data.cip.gov.tw/API/v1/dump/datastore/A53000000A-113014-002;https://data.cip.gov.tw/API/v1/dump/datastore/A53000000A-113014-003","UTF-8;UTF-8;UTF-8","系統介接程式","針對原住民國中一年級的族語能力比較，包括聽、說、讀、寫、及歌唱，","Seq(序號);DateListed(資料日期);學年度;族語能力;比率","原住民族委員會","不定期更新","政府資料開放授權條款-第1版","","免費","杜雅元 先生","(02)8995-3110","2024-09-09 00:00:00","2026-08-25 18:42:35","","89;89;89"
"169100","中央警察大學國境警察學系班期導師","檔案資料","求學及進修","白金","CSV","https://opdadm.moi.gov.tw/api/v1/no-auth/resource/api/dataset/A66C5CCE-9B4F-45A1-9D86-C302F35690C6/resource/B722F2B5-C5B7-4C1A-ACE3-D945B8505025/download","UTF-8","系統介接程式","中央警察大學國境警察學系每班期安排一位導師，不定期進行導師輔導活動。","Class(班期);Mentors(導師);Position(職稱);Email(電子郵件);URL(網址);Office(研究室);Extension(分機)","中央警察大學","不定期更新","政府資料開放授權條款-第1版","","免費","呂敏禎","03-3282321#4303","2024-06-21 17:00:56","2026-08-25 16:34:03","","0"
"163132","外事系老師資料一覽表","檔案資料","求學及進修","銀","CSV","https://opdadm.moi.gov.tw/api/v1/no-auth/resource/api/dataset/68141E1B-6F48-4C1C-A66A-2C1E708B6E93/resource/252DEF15-B5E4-43B7-AC64-D0EE758AC7BE/download","UTF-8","系統介接程式","外事警察學系老師之教師專長","Name(姓名);Position(職稱);Specialty(專長);URL(網址);Extension(分機);Office(研究室);Email(電子郵件)","中央警察大學","不定期更新","政府資料開放授權條款-第1版","","免費","陳思妤","03-3282321#4301","2023-06-28 15:07:38","2026-08-25 16:22:03","","0"
"178403","中央警察大學國境警察學系碩士班修業規範","檔案資料","求學及進修","無(未做品檢)","PDF","https://opdadm.moi.gov.tw/api/v1/no-auth/resource/api/dataset/7C032113-210B-46BC-9A4D-F9454875EC4E/resource/BF43BFA8-9F0F-43E7-AD29-1F0F4D2C1882/download","UTF-8","系統介接程式","為提升中央警察大學國境警察學系碩士班之學術風氣，並考核研究生之研究成果，依大學法、學位授與法及其施行細則與本校學則訂定本規範。","文本語料","中央警察大學","不定期更新","政府資料開放授權條款-第1版","","免費","呂敏禎","03-3282321#4303","2026-08-25 13:51:52","2026-08-25 13:54:03","","0"
"6838","國家圖書館最新活動訊息","檔案資料","求學及進修","無(白名單)","XML","https://web.ncl.edu.tw/event/FMEvents/Rss","UTF-8","原始資料","國家圖書館辦理之各項最新活動訊息,如講座、教育訓練、影片欣賞、研習活動等","link;title;description;pubDate;a10:update;author;site;type","國家圖書館","不定期更新","政府資料開放授權條款-第1版","https://web.ncl.edu.tw/event/FMEvents/Rss","免費","吳先生","0223619132#620","2013-11-29 00:00:00","2026-08-25 10:10:26","授權說明網址: https://data.gov.tw/license","0"
"169090","中央警察大學犯罪防治學系暨研究所導師名冊","檔案資料","求學及進修","金","CSV;CSV","https://opdadm.moi.gov.tw/api/v1/no-auth/resource/api/dataset/E0151EF4-2BFD-4262-A698-CD37DA341E28/resource/D4714477-61C0-4E81-A522-2D4C919BFB59/download;https://opdadm.moi.gov.tw/api/v1/no-auth/resource/api/dataset/E0151EF4-2BFD-4262-A698-CD37DA341E28/resource/D6C943F2-CA38-4602-AACF-EDD8F70C385B/download","UTF-8;UTF-8","系統介接程式","中央警察大學犯罪防治學系暨研究所導師資訊","Class(班期);group(組別);Mentors(導師);Position(職稱);Specialty(專長);Email(電子郵件)","中央警察大學","不定期更新","政府資料開放授權條款-第1版","","免費","黃國僥","03-3282321#4323","2024-06-20 17:40:46","2026-08-24 11:42:15","","10;8"
"126773","中央警察大學犯罪防治學系暨研究所學生總數","檔案資料","求學及進修","金","CSV;CSV;CSV","https://opdadm.moi.gov.tw/api/v1/no-auth/resource/api/dataset/48A6A9D2-1B74-4327-9FB3-8BF859525F69/resource/774984DC-DDA2-48D5-82E3-2A14D0040615/download;https://opdadm.moi.gov.tw/api/v1/no-auth/resource/api/dataset/48A6A9D2-1B74-4327-9FB3-8BF859525F69/resource/FC22B339-2301-4470-B46F-48D9AAEFCDDA/download;https://opdadm.moi.gov.tw/api/v1/no-auth/resource/api/dataset/48A6A9D2-1B74-4327-9FB3-8BF859525F69/resource/55343E00-2DF8-46DE-A819-8E4294300A8A/download","UTF-8;UTF-8;UTF-8","系統介接程式","中央警察大學犯罪防治學系暨研究所歷年研究所博士班、碩士班、學士班學生總數","SeqNo(編號);Class(班期);NumberofStudents(人數);Male(男);Female(女);Suspension(休學)","中央警察大學","不定期更新","政府資料開放授權條款-第1版","","免費","黃國僥","03-3282321#4323","2020-05-07 15:45:56","2026-08-24 11:38:09","","11;6;11"
"163120","中央警察大學犯罪防治學系專任教師專長","檔案資料","求學及進修","金","CSV;CSV","https://opdadm.moi.gov.tw/api/v1/no-auth/resource/api/dataset/17399B2E-46EF-4D0B-BDD6-7BFA1E9AC008/resource/0AFE1A29-552A-4368-8FC9-3C80B96C8172/download;https://opdadm.moi.gov.tw/api/v1/no-auth/resource/api/dataset/17399B2E-46EF-4D0B-BDD6-7BFA1E9AC008/resource/914E6EE7-1918-4509-B808-48A8AAD1CD63/download","UTF-8;UTF-8","系統介接程式","中央警察大學犯罪防治學系專任教師專長介紹及聯絡方式
","Name(姓名);Position(職稱);Specialty(專長);Email(電子郵件);Extension(分機);Office(研究室)","中央警察大學","不定期更新","政府資料開放授權條款-第1版","","免費","黃國僥","03-3282321#4323","2023-06-27 18:04:50","2026-08-24 11:35:03","","6;9"
"138217","高雄市大專暑期實習生人數","檔案資料","求學及進修","白金","JSON;CSV","https://openapi.kcg.gov.tw/Api/Service/Get/0733b7d1-c12b-4712-a1fc-840c5b89938a;https://data.kcg.gov.tw/File/DirectDownload/0733b7d1-c12b-4712-a1fc-840c5b89938a","UTF-8;UTF-8","系統介接程式","大專暑期實習生人數","Seq(Seq);年別(年別);大專暑期實習生女性人數(大專暑期實習生女性人數);大專暑期實習生男性人數(大專暑期實習生男性人數)","高雄市政府主計處","不定期更新","政府資料開放授權條款-第1版","https://data.kcg.gov.tw/DataSet/Detail/bd79518e-1171-44ab-908e-eed61aab13e1","免費","陳妍孜","(07)3368333","2020-07-10 06:57:57","2026-08-20 14:03:09","","13;13"
"165773","109年臺東縣公共圖書館","檔案資料","求學及進修","金","CSV","https://ttone.taitung.gov.tw/download?id=mfcLtdiHTcSW9NoXkbDgFA%3D%3D","BIG5","系統介接程式","109年度臺東縣智慧福利服務躍升計畫OpenData資料收集","資源彙整機關;辦理單位;連絡電話;地址;X坐標;Y坐標;傳真;電子郵件;服務時間;服務項目;相關網址;備註;最後更新時間","社會處","不定期更新","政府資料開放授權條款-第1版","","免費","侯小姐","089-350731","2020-10-19 00:00:00","2026-08-20 11:15:12","","0"
"124829","新北市公立國小學區","檔案資料","求學及進修","白金","CSV","https://data.ntpc.gov.tw/api/datasets/c8a74727-102f-49ee-94df-0b3116edff5e/csv/file","UTF-8","系統介接程式","115學年國小學區一覽表。學區每學年皆有可能調整，故本資料每學年更新一次。","agency codes(機關代碼);sname(學校名稱(原資料));areacode(地址-行政區域代碼);district(區別);pzoon(基本學區);fzoon(自由學區);mark(備註)","新北市政府教育局","每1年","政府資料開放授權條款-第1版","","免費","林奕涵","(02)29603456#2755","2016-05-08 00:00:00","2026-08-19 13:51:02","OpenAPI文件下載: https://data.ntpc.gov.tw/api/v1/openapi/units/1050000","218"
"168706","澎湖縣各國民小學近十年學年度班級總數彙整表","檔案資料","求學及進修","白金","CSV;XML;JSON","https://opendata.penghu.gov.tw/dataset/581a70dc-ea97-4235-ad19-4b5e5e2727be/resource/ec2fc0e0-cb85-4078-9618-b2b88f1e5516/download/u100000-01-2024-05-09-1715243230.csv;https://opendata.penghu.gov.tw/dataset/581a70dc-ea97-4235-ad19-4b5e5e2727be/resource/5604b0b4-5646-4969-8d2d-4db8bcb6a418/download/u100000-01-2024-05-09-1715243230.xml;https://opendata.penghu.gov.tw/dataset/581a70dc-ea97-4235-ad19-4b5e5e2727be/resource/454ff417-8335-425e-bd34-828e469e35e5/download/u100000-01-2024-05-09-1715243230.json","UTF-8;UTF-8;UTF-8","系統介接程式","澎湖縣各國民小學近十年學年度班級總數彙整相關資料","機關名稱;機關代號;學年度_105_班級數;學年度_106_班級數;學年度_107_班級數;學年度_108_班級數;學年度_109_班級數;學年度_110_班級數;學年度_111_班級數;學年度_112_班級數;學年度_113_班級數;學年度_114_班級數","澎湖縣政府","不定期更新","政府資料開放授權條款-第1版","http://data.gov.tw/opendata/principle","免費","黃昱智","069274400#708","2024-05-09 16:34:19","2026-08-19 09:30:57","備註:本表中「班級數」係為直轄市、縣﹙市﹚政府教育局每學年度所核定之國民小學班級總數，並不包括其附設補校之班級數及幼稚園﹙班﹚之班級數。","37;37;37"
"168779","澎湖縣各國民中學近十年學年度班級總數彙整表","檔案資料","求學及進修","白金","CSV;XML;JSON","https://opendata.penghu.gov.tw/dataset/2bbc34b2-69ad-46e7-bbec-74399b7e1361/resource/f8bd24f2-a276-4f29-a715-188638cfff59/download/u100000-01-2024-05-09-1715244087.csv;https://opendata.penghu.gov.tw/dataset/2bbc34b2-69ad-46e7-bbec-74399b7e1361/resource/64be1793-7389-4081-b254-e1d20b0b36ee/download/u100000-01-2024-05-09-1715244087.xml;https://opendata.penghu.gov.tw/dataset/2bbc34b2-69ad-46e7-bbec-74399b7e1361/resource/0639099c-56b1-49da-8736-571efc8302a0/download/u100000-01-2024-05-09-1715244087.json","UTF-8;UTF-8;UTF-8","系統介接程式","澎湖縣各國民中學近十年學年度班級總數彙整相關資料","機關名稱;機關代號;學年度_105_班級數;學年度_106_班級數;學年度_107_班級數;學年度_108_班級數;學年度_109_班級數;學年度_110_班級數;學年度_111_班級數;學年度_112_班級數;學年度_113_班級數;學年度_114_班級數","澎湖縣政府","不定期更新","政府資料開放授權條款-第1版","http://data.gov.tw/opendata/principle","免費","黃昱智","(06)9274400#708","2024-05-14 15:08:56","2026-08-19 09:25:48","備註：本表中「班級數」係為直轄市、縣﹙市﹚政府教育局每學年度所核定之國民小學班級總數，並不包括其附設補校之班級數及幼稚園﹙班﹚之班級數。","14;14;14"
"163121","中央警察大學警政管理學院師資陣容","檔案資料","求學及進修","金","CSV","https://opdadm.moi.gov.tw/api/v1/no-auth/resource/api/dataset/01045030-0E8F-46C8-9FC9-A4EDA4E87EAF/resource/85A2540B-BFC7-4276-985F-D93A4C7841FA/download","UTF-8","系統介接程式","中央警察大學警政管理學院師資詳細資訊","Name(姓名);Position(職稱);Specialty(專長);Email(電子郵件);Extension(分機);Office(研究室)","中央警察大學","不定期更新","政府資料開放授權條款-第1版","","免費","呂佳穗","03-3282321#4904","2023-06-27 18:05:34","2026-08-18 16:16:02","","4"
"130211","大專校院資料開放推廣成果","檔案資料","求學及進修","白金","CSV","https://ws.moe.edu.tw/001/Upload/9/relfile/7836/84596/f0814026-4921-4dfb-bbc5-fe9ab6540cd4.csv","UTF-8","原始資料","大專校院資料開放推廣成果資料集緣自「校務行政ｅ化交流服務計畫(108-109年)」工作項目之一「辦理大專校院資料開放觀念及校園資料開放推廣運用事宜」，於網路公開，提供個人、學校、團體、企業或政府機關等使用者，依其需求連結下載及利用。並以資料集方式提供外界運用。大專校院資料開放推廣成果項目包含6個資料集，碩博士招生明細、 圖書借閱紀錄、可供外借空間、校內貸居資訊、課程表、校園行事曆、校園社團、無線AP。","序號;資料集名稱;資料集描述;資料集欄位;資料集格式;106學年度資料集下載網址;107學年度資料集下載網址;108學年度資料集下載網址;109學年度資料集下載網址;110學年度資料集下載網址;111學年度資料集下載網址;112學年度資料集下載網址;113學年度資料集下載網址;114學年度資料集下載網址","教育部資訊及科技教育司","每1年","政府資料開放授權條款-第1版","","免費","郭先生","0277129026","2020-09-22 00:00:00","2026-08-18 16:09:07","","12"
"26185","國立教育廣播電臺節目表","檔案資料","求學及進修","金","JSON","https://webapi.ner.gov.tw/nerwebPublic/api/ProgramSchedule/GetProgramScheduleOpenData","UTF-8","原始資料","提供國立教育廣播電臺節目表","channel;program;repeat;date;start;end","國立教育廣播電臺","不定期更新","政府資料開放授權條款-第1版","","免費","李小姐","02-23880600#351","2016-01-05 00:00:00","2026-08-18 13:55:51","授權說明網址: http://data.gov.tw/license","20"
"26184","國立教育廣播電臺節目隨選","檔案資料","求學及進修","白金","JSON","https://webapi.ner.gov.tw/nerwebPublic/api/ProgramSchedule/GetProgramScheduleDemandOpenData","UTF-8","原始資料","提供國立教育廣播電臺節目隨選資訊。","channel;date;time;program;hosts","國立教育廣播電臺","不定期更新","政府資料開放授權條款-第1版","","免費","李小姐","02-23880600#351","2016-01-05 00:00:00","2026-08-18 11:49:55","授權說明網址: http://data.gov.tw/license","20"
"26188","國立教育廣播電臺節目紀要","檔案資料","求學及進修","金","JSON","https://webapi.ner.gov.tw/nerwebPublic/api/ProgramEpisode/GetProgramOpenData","UTF-8","原始資料","提供國立教育廣播電臺節目內容資訊","channels;name;time;hosts;introduction","國立教育廣播電臺","不定期更新","政府資料開放授權條款-第1版","","免費","李小姐","02-23880600#351","2016-01-05 00:00:00","2026-08-18 11:42:33","授權說明網址: http://data.gov.tw/license","20"
"26186","國立教育廣播電臺節目總覽","檔案資料","求學及進修","金","JSON","https://webapi.ner.gov.tw/nerwebPublic/api/ProgramEpisode/GetProgramOpenData","UTF-8","原始資料","提供國立教育廣播一般節目總覽。","channels;name;time;hosts;introduction","國立教育廣播電臺","不定期更新","政府資料開放授權條款-第1版","","免費","李小姐","0223880600#351","2016-01-05 00:00:00","2026-08-18 11:38:18","授權說明網址: http://data.gov.tw/license","20"
"26187","國立教育廣播電臺節目主持人介紹","檔案資料","求學及進修","白金","JSON","https://webapi.ner.gov.tw/nerwebPublic/api/Host/GetHostOpenData","UTF-8","原始資料","提供國立教育廣播電臺節目主持人資訊。","name;experience;programs","國立教育廣播電臺","不定期更新","政府資料開放授權條款-第1版","","免費","李小姐","0223880600#351","2016-01-05 00:00:00","2026-08-18 11:29:25","授權說明網址: http://data.gov.tw/license","20"
"24577","1966年至2015年與各國學術交流統計","檔案資料","求學及進修","白金","CSV","https://ws.moe.edu.tw/Download.ashx?u=LzAwMS9VcGxvYWQvNy9yZWxmaWxlLzYwNzMvMzE0LzQyOTJlMGQyLTlkZTItNDM1ZS04NzJjLTBkMjBhMDkzMzRiZi5jc3Y%3d&n=MTk2NuW5tOiHszIwMTXlubToiIflkITlnIvlrbjooZPkuqTmtYHntbHoqIggKDIpICgxKS5jc3Y%3d&icon=..csv","UTF-8","原始資料","[本項目因原數據來源資料庫停用，相關資料回歸高教技職2司校務資料庫收集彙整，爰不再更新]
統計數據類別：
1.1966年至2015年各國總簽約數
2.1966年至2015年各國與本國學校簽約之校數
3.1966年至2015年與各國學校簽約之校數","國別(中文);國別(英文);國家代碼;締約數;締約國內學校數;締約國外學校數","教育部國際及兩岸教育司","不定期更新","政府資料開放授權條款-第1版","https://depart.moe.edu.tw/ED2500/cp.aspx?n=377F113E5F74099D&s=6BAAA64458113E78","免費","杜先生","02-77365641","2015-12-07 00:00:00","2026-08-18 11:28:29","授權說明網址: http://data.gov.tw/license","105"
"24574","學術交流統計總表","檔案資料","求學及進修","白金","CSV","https://ws.moe.edu.tw/Download.ashx?u=LzAwMS9VcGxvYWQvNy9yZWxmaWxlLzYwNzMvMzE0LzkxODA5ZjcwLTYyOGMtNDFmYy1hOGJhLTBlZjM0ZmYxMWRhOC5jc3Y%3d&n=5a246KGT5Lqk5rWB57Wx6KiI57i96KGoICg1KS5jc3Y%3d&icon=..csv","UTF-8","原始資料","[本項目因原數據來源資料庫停用，相關資料回歸高教技職2司校務資料庫收集彙整，爰不再更新]
統計數據類別：各年我國學校與境外各校簽約數(含協約名稱)及調查約文內容有無包含交換教師、交換學生、學術研究、姐妹校締結、短期課程及雙聯學制(雙學位)交流情形","序號;簽約日期;國內學校名稱;國別;國家代碼;國外學校名稱;協約名稱;有無交換教師;有無交換學生;有無學術研究;有無締結姊妹校;有無短期課程;有無雙聯學制","教育部國際及兩岸教育司","不定期更新","政府資料開放授權條款-第1版","https://depart.moe.edu.tw/ED2500/cp.aspx?n=377F113E5F74099D&s=6BAAA64458113E78","免費","杜先生","02-77365641","2015-12-07 00:00:00","2026-08-18 11:27:34","授權說明網址: http://data.gov.tw/license","0"
"24576","我國與國外大學學術交流統計","檔案資料","求學及進修","白金","CSV","https://ws.moe.edu.tw/Download.ashx?u=LzAwMS9VcGxvYWQvNy9yZWxmaWxlLzYwNzMvMzE0LzQ0YzNkMTg5LTU2ODMtNGM3My1iOTA0LWNlZmJkNWE5ZjMwZC5jc3Y%3d&n=5oiR5ZyL6IiH5ZyL5aSW5aSn5a245a246KGT5Lqk5rWB57Wx6KiILmNzdg%3d%3d&icon=..csv","UTF-8","原始資料","[本項目因原數據來源資料庫停用，相關資料回歸高教技職2司校務資料庫收集彙整，爰不再更新] 統計2007至2016年間： 1.各年簽約總數 2.各年國內學校總數 3.各年國外學校總數 4.各年姐妹校數","年度;締約總數;國內學校簽約數;國外學校簽約數;姊妹校簽約數","教育部國際及兩岸教育司","不定期更新","政府資料開放授權條款-第1版","https://depart.moe.edu.tw/ED2500/cp.aspx?n=377F113E5F74099D&s=6BAAA64458113E78","免費","杜先生","0277365641","2015-12-07 00:00:00","2026-08-18 11:26:07","授權說明網址: http://data.gov.tw/license","10"
"24573","各年度與各國學術交流統計","檔案資料","求學及進修","白金","CSV","https://ws.moe.edu.tw/Download.ashx?u=LzAwMS9VcGxvYWQvNy9yZWxmaWxlLzYwNzMvMzE0L2E0MDk1NTdlLTQ1MjMtNGZkMC05NmU0LTg0ZjZhZmM5NmU4Ni5jc3Y%3d&n=5ZCE5bm05bqm6IiH5ZCE5ZyL5a246KGT5Lqk5rWB57Wx6KiIICgzKS5jc3Y%3d&icon=..csv","UTF-8","原始資料","[本項目因原數據來源資料庫停用，相關資料回歸高教技職2司校務資料庫收集彙整，爰不再更新] 統計我國1964至2012年間： 1.各年與各國總簽約數 2.各年與各國與本國學校簽約之校數 3.各年與各國學校簽約之校數","年度;國別（英文）;國別（中文）;國家代碼;總數;國內學校數;該國學校數","教育部國際及兩岸教育司","不定期更新","政府資料開放授權條款-第1版","https://depart.moe.edu.tw/ED2500/cp.aspx?n=377F113E5F74099D&s=6BAAA64458113E78","免費","杜先生","02-77365641","2015-12-07 00:00:00","2026-08-18 11:24:38","授權說明網址: http://data.gov.tw/license","979"
"157607","國立教育廣播電臺節目預告(即時)","檔案資料","求學及進修","白金","JSON","https://webapi.ner.gov.tw/nerwebPublic/api/ProgramPreview/GetProgramPreviewFlashOpenData","UTF-8","原始資料","本資料集主要提供本臺各種節目預告等資訊。","pubDate;title;link;description","國立教育廣播電臺","不定期更新","政府資料開放授權條款-第1版","","免費","李小姐","02-23880600#351","2022-08-26 00:00:00","2026-08-18 11:16:23","","20"
"46797","臺灣研究講座補助","檔案資料","求學及進修","白金","CSV","https://ws.moe.edu.tw/Download.ashx?u=LzAwMS9VcGxvYWQvNy9yZWxmaWxlLzYwNzMvMzE0LzU2YmVkZWFhLTYzOTctNDgwOC05N2RkLWU4MTNmNjI3YTBjYS5jc3Y%3d&n=6Ie654Gj56CU56m26Kyb5bqn6KOc5YqpLmNzdg%3d%3d&icon=..csv","UTF-8","原始資料","本資料集為詳列本部101至114年補助世界各國一流大學辦理臺灣研究講座補助之歷年度各國案件數一覽表，可供各國擬投入臺灣研究學術領域之學者或學生參考。","年度;國家;國家代碼;合作學校數","教育部國際及兩岸教育司","每1年","政府資料開放授權條款-第1版","https://depart.moe.edu.tw/ED2500/cp.aspx?n=377F113E5F74099D&s=6BAAA64458113E78","免費","杜丞左","0277365641","2017-06-28 00:00:00","2026-08-18 10:41:15","授權說明網址: http://data.gov.tw/license","225"
"42112","世界各國與我國教育合作協定及備忘錄統計表","檔案資料","求學及進修","白金","CSV","https://ws.moe.edu.tw/Download.ashx?u=LzAwMS9VcGxvYWQvNy9yZWxmaWxlLzYwNzMvMzE0L2QwOGU1MmIzLWM1MGMtNGIwMi04NzA5LThkZTRiNjk4ZjYxZS5jc3Y%3d&n=5LiW55WM5ZCE5ZyL6IiH5oiR5ZyL5pWZ6IKy5ZCI5L2c5Y2U5a6a5Y%2bK5YKZ5b%2bY6YyE57Wx6KiI6KGoLmNzdg%3d%3d&icon=..csv","UTF-8","原始資料","本資料彙整我國與全球29國簽署至114年度仍有效之合作協定與備忘錄數量統計，依洲別與國別統計簽約數量。可供政府、學術機構與研究者分析國際教育合作的分布與趨勢，協助制定跨國教育政策與資源配置。同時也提供比較不同區域合作密度的基礎，支援學術交流與產學合作規劃。","洲別;國別;國家代碼;簽約數","教育部國際及兩岸教育司","每1年","政府資料開放授權條款-第1版","https://depart.moe.edu.tw/ED2500/cp.aspx?n=377F113E5F74099D&s=6BAAA64458113E78","免費","杜丞左","0277365641","2017-01-17 00:00:00","2026-08-18 10:30:55","授權說明網址: http://data.gov.tw/license","29"
"46796","國際學術教育交流活動補助案件","檔案資料","求學及進修","白金","ODS","https://ws.moe.edu.tw/Download.ashx?u=LzAwMS9VcGxvYWQvNy9yZWxmaWxlLzYwNzMvMzE0LzM1MGFmZTY0LWQxODgtNDNiNC1hMjViLTkyY2FkNmM3MWI5Ny5vZHM%3d&n=5ZyL6Zqb5a246KGT5pWZ6IKy5Lqk5rWB5rS75YuV6KOc5Yqp5qGI5Lu2Lm9kcw%3d%3d&icon=..ods","其他","原始資料","本資料集統計彙整92至114年各年度依「教育部補助國際學術教育交流活動實施要點」申請經費補助之國際教育交流活動案件通過核定數，提供政策分析與資源配置參考，適合研究教育國際化趨勢與政府補助成效。","年度;核定件數","教育部國際及兩岸教育司","每1年","政府資料開放授權條款-第1版","https://depart.moe.edu.tw/ED2500/cp.aspx?n=377F113E5F74099D&s=6BAAA64458113E78","免費","杜先生","0277365641","2017-06-29 00:00:00","2026-08-18 10:11:21","授權說明網址: http://data.gov.tw/license","24"
"32995","各大學校院附設華語文教學中心一覽表","檔案資料","求學及進修","白金","CSV","https://depart.moe.edu.tw/ED2500/Common/HitCount.ashx?p=C535150A0F617C6860CE01B098F7F2109789188FC445F71F5A68B1573A6310F806B4B7AAA11899F9C01479728756AF80B91C4B5BA032890E734B527EF69856F1C27296A3EEC1285C48C110BD531B7B4E3E11F2306DB1E9A0ACD42CFD39B177B6&type=FB01D469347C76A7&s=426AC0E135750045","UTF-8","原始資料","可自境外招生之各大學校院附設華語文教學中心一覽","單位名稱;網址;通訊地址;聯絡資料;縣市別代碼","教育部國際及兩岸教育司","每1年","政府資料開放授權條款-第1版","https://depart.moe.edu.tw/ED2500/Common/HitCount.ashx?p=C535150A0F617C6860CE01B098F7F2109789188FC445F71F5A68B1573A6310F806B4B7AAA11899F9C01479728756AF80B91C4B5BA032890E734B527EF69856F1C27296A3EEC1285C48C110BD531B7B4E3E11F2306DB1E9A0ACD42CFD39B177B6&type=FB01D469347C76A7&s=426AC0E135750045;","免費","姜小姐","02-77365735","2016-08-22 00:00:00","2026-08-18 09:18:36","授權說明網址: http://data.gov.tw/license","72"
"157604","國立教育廣播電臺公告事項(即時)","檔案資料","求學及進修","白金","JSON","https://webapi.ner.gov.tw/nerwebPublic/api/BulletinBoard/GetBulletinBoardOpenData","UTF-8","原始資料","本資料集主要即時提供本臺各項公告民眾週知的訊息摘要等資訊。","images;pubDate;title;link;description","國立教育廣播電臺","不定期更新","政府資料開放授權條款-第1版","","免費","李小姐","02-23880600#354","2022-08-26 00:00:00","2026-08-17 14:02:24","","7"
"157605","國立教育廣播電臺文教新聞(即時)","檔案資料","求學及進修","白金","JSON","https://webapi.ner.gov.tw/nerwebPublic/api/News/GetNewsOpenData","UTF-8","原始資料","本資料集主要即時提供各種文教新聞訊息摘要等資訊。","pubDate;tag;title;link;description","國立教育廣播電臺","不定期更新","政府資料開放授權條款-第1版","","免費","李小姐","02-23880600#351","2022-08-26 00:00:00","2026-08-17 11:49:13","","20"
"31768","留遊學業者契約查核結果","檔案資料","求學及進修","白金","JSON","https://studyabroadinfo.moe.gov.tw/web/API/Handler.ashx?SO=LCR&P1=&P2","UTF-8","原始資料","每年定期查核業者與消費者所簽訂之契約與本部所訂應記載事項之相符程度","序號;統一編號;公司名稱;廣告名稱;年度;郵遞區號;地址;是否加入公會;審核方式;查核類別;查核類別編號;審查備註;資料JSON;資料JSON檔案","教育部國際及兩岸教育司","每1年","政府資料開放授權條款-第1版","https://www.edu.tw/News_Content.aspx?n=BA5E856472F10901&sms=5588FE86FEB94225&s=8D67F878EFE8D5DB","免費","丘小姐","0277365737","2016-06-23 00:00:00","2026-08-14 16:13:30","授權說明網址: http://data.gov.tw/license","890"
"33003","教育部國內大專校院選送學生出國研修或國外專業實習計畫審核結果公告","檔案資料","求學及進修","白金","CSV","https://ws.moe.edu.tw/Download.ashx?u=LzAwMS9VcGxvYWQvNy9yZWxmaWxlLzY2NTYvOTYyNTkvM2ViMTY3YmYtODRkYy00NTQwLTlmNmItZWQyMWQzOGUxZGUzLmNzdg%3d%3d&n=5pWZ6IKy6YOo5ZyL5YWn5aSn5bCI5qCh6Zmi6YG46YCB5a2455Sf5Ye65ZyL56CU5L%2bu5oiW5ZyL5aSW5bCI5qWt5a%2bm57%2bS6KiI55Wr5a%2bp5qC457WQ5p6c5YWs5ZGKX%2babtOaWsOiHszExNOW5tC5jc3Y%3d&icon=..csv","UTF-8","原始資料","自105年起，核定學海計畫(學海惜珠、學海飛颺、學海築夢、新南向學海築夢)之各校名單","年度;計畫名稱;核定學校名稱","教育部國際及兩岸教育司","每1年","政府資料開放授權條款-第1版","https://depart.moe.edu.tw/ED2500/cp.aspx?n=0C20BE04D29CE13C&s=A0A73CF7630B1B26","免費","曾小姐","0277365642","2016-08-22 00:00:00","2026-08-14 16:01:35","學海飛颺、學海築夢計畫之核定學校名單","1000"
"33004","世界各主要國家之我國留學生人數統計","檔案資料","求學及進修","白金","CSV","https://ws.moe.edu.tw/Download.ashx?u=LzAwMS9VcGxvYWQvNy9yZWxmaWxlLzY2NTYvMTA1NDIzL2RiNzQ2ZjIzLTJhYjAtNGQ0NC1iMWRkLTM4Nzg0OTRhMzgxMy5jc3Y%3d&n=5LiW55WM5ZCE5Li76KaB5ZyL5a625LmL5oiR5ZyL55WZ5a2455Sf5Lq65pW457Wx6KiIKOabtOaWsOiHszExNOW5tCkuY3N2&icon=..csv","UTF-8","原始資料","彙整自105年起我國留學生赴世界各洲主要國家留學之人數統計表","年度;洲別;國別;國家三字母碼;國家代碼;總人數","教育部國際及兩岸教育司","每1年","政府資料開放授權條款-第1版","https://depart.moe.edu.tw/ED2500/News_Content.aspx?n=2D25F01E87D6EE17&sms=4061A6357922F45A&s=8909A553ED67DF78","免費","許小姐","02-77365648","2016-08-22 00:00:00","2026-08-14 15:56:25","授權說明網址: http://data.gov.tw/license","418"
"33005","我國學生赴主要留學國家留學簽證人數統計","檔案資料","求學及進修","白金","CSV","https://ws.moe.edu.tw/Download.ashx?u=LzAwMS9VcGxvYWQvNy9yZWxmaWxlLzY2NTYvMTAwODAyLzc0ZTRjNjhmLWQ4ZDktNGNjMS04MjI2LTNlNDdlNzIwNmIyYi5jc3Y%3d&n=MjAxNS0yMDI05ZCE5bm05bqm5oiR5ZyL5a2455Sf6LW05Li76KaB55WZ5a245ZyL5a6255WZ5a2457C96K2J5Lq65pW457Wx6KiI6KGoLmNzdg%3d%3d&icon=..csv","UTF-8","原始資料","自2014年度起，赴主要國家(美國、加拿大、英國、法國、德國、日本、韓國、澳大利亞及其他國家)之留學生簽證人數統計表","年度;國別;人數","教育部國際及兩岸教育司","每1年","政府資料開放授權條款-第1版","https://depart.moe.edu.tw/ED2500/News_Content.aspx?n=2D25F01E87D6EE17&sms=4061A6357922F45A&s=F20BD77B816224DE","免費","許小姐","02-77365648","2016-08-08 00:00:00","2026-08-14 15:31:24","授權說明網址: http://data.gov.tw/license","90"
"41955","留學貸款承貸銀行一覽表","檔案資料","求學及進修","白金","CSV","https://ws.moe.edu.tw/Download.ashx?u=LzAwMS9VcGxvYWQvNy9yZWxmaWxlLzYwNzMvNTQ5L2ZjMjcwMjJkLWYxMTYtNGJkZC1iMDQyLWEyZWNiYWVjZjI3Zi5jc3Y%3d&n=55WZ5a246LK45qy%2b5om%2f6LK46YqA6KGM5LiA6Ka96KGoLmNzdg%3d%3d&icon=..csv","UTF-8","原始資料","國內金融機構辦理留學貸款之承貸銀行名稱、地址及聯絡資訊","銀行名稱;分行別;縣市;營業地址;單位電話","教育部國際及兩岸教育司","每1年","政府資料開放授權條款-第1版","https://depart.moe.edu.tw/ED2500/cp.aspx?n=5B56AC3350F06600&s=8BA243970C0C2DA8","免費","廖小姐","02-77365732","2016-12-30 00:00:00","2026-08-14 15:18:47","更新7家銀行分行資料","0"
"41956","各年度臺灣學生在美留學人數","檔案資料","求學及進修","白金","CSV","https://ws.moe.edu.tw/Download.ashx?u=LzAwMS9VcGxvYWQvNy9yZWxmaWxlLzY2NTYvMTA0OTI3LzdmYjU3NDVjLTYwNGQtNGJlZS1hZGJmLTUyZDExMjhlMzJkYy5jc3Y%3d&n=5ZCE5bm05bqm6Ie654Gj5a2455Sf5Zyo576O55WZ5a245Lq65pW4X%2babtOaWsDExNOW5tC5jc3Y%3d&icon=..csv","UTF-8","原始資料","自98年起，我國學生赴美國留學攻讀學士、研究所、非學位及實習人數之統計表","年度;教育階段;人數","教育部國際及兩岸教育司","每1年","政府資料開放授權條款-第1版","https://depart.moe.edu.tw/ED2500/News_Content.aspx?n=2D25F01E87D6EE17&sms=4061A6357922F45A&s=D88032F4F1FAEB9D","免費","許小姐","02-77365648","2017-01-03 00:00:00","2026-08-14 15:11:05","授權說明網址: http://data.gov.tw/license","68"
"41957","各年度我國學生赴歐盟國家留學簽證人數統計","檔案資料","求學及進修","白金","CSV","https://ws.moe.edu.tw/Download.ashx?u=LzAwMS9VcGxvYWQvNy9yZWxmaWxlLzY2NTYvMTAwNDk2LzZjNzUzZTgyLWY1MTgtNDhlOC05Yjk5LTUwYmM4ZmY1ODU3Yi5jc3Y%3d&n=5ZCE5bm05bqm5oiR5ZyL5a2455Sf6LW05q2Q55uf5ZyL5a6255WZ5a2457C96K2J5Lq65pW457Wx6KiIX%2babtOaWsDIwMjXlubQuY3N2&icon=..csv","UTF-8","原始資料","自2001年起，我國留學生赴歐盟各國之簽證人數統計表","年度;國家;人數","教育部國際及兩岸教育司","每1年","政府資料開放授權條款-第1版","https://depart.moe.edu.tw/ed2500/News_Content.aspx?n=2D25F01E87D6EE17&sms=4061A6357922F45A&s=B215C4CA492CF423","免費","許小姐","02-77365648","2016-12-30 00:00:00","2026-08-14 15:05:48","授權說明網址: http://data.gov.tw/license","425"
"28587","互助教保服務中心名錄","檔案資料","求學及進修","白金","CSV;JSON","https://stats.moe.gov.tw/files/opendata/k2_new.csv;https://stats.moe.gov.tw/files/opendata/k2_new.json","UTF-8;UTF-8","原始資料","含括104學年至114學年全臺灣社區互助式、部落互助式及職場互助式教保服務中心之地址及電話等通訊資料。","項次編號;學年度;學校代碼;學校名稱;公/私立;縣市代碼;縣市名稱;鄉鎮市區名稱;地址;電話","教育部統計處","每1年","政府資料開放授權條款-第1版","","免費","許小姐","0277365746","2016-04-15 00:00:00","2026-08-14 12:06:14","更新頻率說明: 每學年度
授權說明網址: http://data.gov.tw/license","618;618"
"6088","國民中學名錄","檔案資料","求學及進修","無(白名單)","CSV;JSON","https://stats.moe.gov.tw/files/opendata/j1_new.csv;https://stats.moe.gov.tw/files/opendata/j1_new.json","UTF-8;UTF-8","原始資料","含括104學年至114學年全臺灣國民中學之地址、電話及網址等通訊資料。","學年度;代碼;學校名稱;公/私立;縣市名稱;地址;電話;網址","教育部統計處","每1年","政府資料開放授權條款-第1版","","免費","許小姐","0277365746","2014-08-01 00:00:00","2026-08-14 12:03:03","更新頻率說明: 每學年度
授權說明網址: http://data.gov.tw/license","1000;8875"
"6239","國民中學校別資料","檔案資料","求學及進修","無(白名單)","CSV;JSON","https://stats.moe.gov.tw/files/opendata/basej.csv;https://stats.moe.gov.tw/files/opendata/basej.json","UTF-8;UTF-8","原始資料","提供104學年至114學年每學年全臺灣國民中學提供之各年級班級數、男女學生數、上學年男女畢業生數、男女專任教師數、男女職員之校別基本資料。","學年度;縣市代碼;縣市名稱;學校代碼;學校名稱;班級數7年級;班級數8年級;班級數9年級;學生數7年級男;學生數7年級女;學生數8年級男;學生數8年級女;學生數9年級男;學生數9年級女;上學年男畢業生數
;上學年女畢業生數;男專任教師數;女專任教師數;男職員數;女職員數","教育部統計處","每1年","政府資料開放授權條款-第1版","","免費","許小姐","0277365746","2015-01-30 00:00:00","2026-08-14 12:01:26","更新頻率說明: 每學年度
授權說明網址: http://data.gov.tw/license","1000;10594"
"31440","國民中學概況—按設立別分","檔案資料","求學及進修","白金","CSV;JSON","https://stats.moe.gov.tw/files/opendata/edu_B_3_7.csv;https://stats.moe.gov.tw/files/opendata/edu_B_3_7.json","UTF-8;UTF-8","原始資料","提供104學年至114學年每學年學校設立別彙計之全臺灣國民中學校數、教師數、職員數、班級數、學生數及上學年畢業生數資料統計結果。","學年度;項目別;國立附設國中小計;直轄市立專設國中小計;直轄市立高級中等學校附設國中小計;縣市立專設國中小計;縣市立高級中等學校附設國中小計;私立專設國中小計;私立高級中等學校附設國中小計","教育部統計處","每1年","政府資料開放授權條款-第1版","","免費","許小姐","0277365746","2016-06-15 00:00:00","2026-08-14 11:59:18","更新頻率說明: 每學年度
授權說明網址: http://data.gov.tw/license","176;176"
"31439","國民中學概況—按學校所在縣市別分","檔案資料","求學及進修","白金","CSV;JSON","https://stats.moe.gov.tw/files/opendata/edu_B_3_8.csv;https://stats.moe.gov.tw/files/opendata/edu_B_3_8.json","UTF-8;UTF-8","原始資料","提供104學年至114學年每學年學校所在縣市別彙計之全臺灣國民中學校數、教師數、職員數、班級數、學生數及上學年畢業生數資料統計結果。","學年度;學校所在地別;校數總數;公立校數;6班以下校數;49班以上校數;教師總數;公立教師數;職員總數;公立職員數;班級總數;公立班級數;學生總數;公立學生數;上學年畢業生總數;公立上學年畢業生總數","教育部統計處","每1年","政府資料開放授權條款-第1版","","免費","許小姐","0277365746","2016-06-15 00:00:00","2026-08-14 11:57:45","更新頻率說明: 每學年度
授權說明網址: http://data.gov.tw/license","242;242"
"6086","幼兒園名錄","檔案資料","求學及進修","無(白名單)","CSV;JSON","https://stats.moe.gov.tw/files/opendata/k1_new.csv;https://stats.moe.gov.tw/files/opendata/k1_new.json","UTF-8;UTF-8","原始資料","提供104學年至114學年幼兒園名錄含括全台灣合法立案幼兒園之地址及電話等通訊資料。","學年度;代碼;學校名稱;公/私立;縣市名稱;鄉鎮市區名稱;地址;電話","教育部統計處","每1年","政府資料開放授權條款-第1版","","免費","許小姐","0277365746","2014-08-01 00:00:00","2026-08-14 11:54:42","更新頻率說明: 每學年度
授權說明網址: http://data.gov.tw/license","1000;74628"
"31449","幼兒園概況—按設立別分","檔案資料","求學及進修","白金","CSV;JSON;CSV;JSON","https://stats.moe.gov.tw/files/opendata/edu_B_2_1_1.csv;https://stats.moe.gov.tw/files/opendata/edu_B_2_1_1.json;https://stats.moe.gov.tw/files/opendata/edu_B_2_1_2.csv;https://stats.moe.gov.tw/files/opendata/edu_B_2_1_2.json","UTF-8;UTF-8;UTF-8;UTF-8","原始資料","提供111學年至114學年每學年教保服務機構設立別彙計之合法立案機構(園)數、各縣市政府教育局(處)審核通過之教保服務人員數、服務人員數、職員數及實際就讀幼生數資料統計結果。","學年度;項目編號;項目別;國立本園小計;國立分班小計;直轄市立本園小計;直轄市立分班小計;縣市立本園小計;縣市立分班小計;鄉鎮市立本園小計;鄉鎮市立分班小計;一般私立本園小計;一般私立分班小計;非營利幼兒園本園小計;非營利幼兒園分班小計;社區/部落互助教保服務中心小計","教育部統計處","每1年","政府資料開放授權條款-第1版","","免費","許小姐","0277365746","2016-06-15 00:00:00","2026-08-14 11:54:07","更新頻率說明: 每學年度
授權說明網址: http://data.gov.tw/license","161;161;92;92"
"28590","附設國中部名錄","檔案資料","求學及進修","白金","CSV;JSON","https://stats.moe.gov.tw/files/opendata/aj_new.csv;https://stats.moe.gov.tw/files/opendata/aj_new.json","UTF-8;UTF-8","原始資料","含括104學年至114學年附設國中部名錄全臺灣高級中等以上學校附設國中部之地址、電話及網址等通訊資料。","學年度;代碼;學校名稱;公/私立;縣市名稱;地址;電話;網址","教育部統計處","每1年","政府資料開放授權條款-第1版","","免費","許小姐","0277365746","2016-04-15 00:00:00","2026-08-14 11:52:32","更新頻率說明: 每學年度
授權說明網址: http://data.gov.tw/license","1000;2646"
"43207","教育部訴願決定書查詢","檔案資料","求學及進修","金","CSV","https://depart.moe.edu.tw/ED4600/Common/HitCount.ashx?p=C535150A0F617C6860CE01B098F7F2109789188FC445F71F5A68B1573A6310F82CA05E410A3164E0BD3E666BD13033BE7F2C2CB022012152308F3F2C02E2BA2EDBFC9AD7D73D9332234D97F2C22E9D83D49EAA57B108A6E17968929A418844EE9E4F17586F0F2B91&type=FB01D469347C76A7&s=A7C77618E9D0A63D","UTF-8","原始資料","教育部訴願決定書","序;案件編號;訴願結果;決定書發文日","教育部法制處","每1年","政府資料開放授權條款-第1版","","免費","江小姐","0277366834","2017-02-17 00:00:00","2026-08-14 11:52:00","授權說明網址: http://data.gov.tw/license","85"
"43204","教育部訴願案件收辦統計表","檔案資料","求學及進修","金","CSV","https://depart.moe.edu.tw/ED4600/Common/HitCount.ashx?p=C535150A0F617C6860CE01B098F7F2109789188FC445F71F5A68B1573A6310F82CA05E410A3164E0396423E11D822B8AE8B1BED1B92BBC8F0ACB0B48C01FE8796C011E0F2BB64CF0AD33E1EBB8B1223DE678B45095D57F74FEC051A9583245B23BD0500A7D11FC64&type=FB01D469347C76A7&s=30CE12E000A89199","BIG5","原始資料","教育部每年訴願案件收辦情形統計","年度;上年未結-件數-;本年新收-件數-;不受理-件數-;駁回-件數-;撤銷-件數-;被併案-件數-;移轉-件數-;撤回-件數-;辦結-件數-;未結-件數-;提起行政訴訟-件數-","教育部法制處","每1年","政府資料開放授權條款-第1版","","免費","江小姐","0277366834","2017-06-26 00:00:00","2026-08-14 11:48:02","授權說明網址: http://data.gov.tw/license","1"
"33514","大專校院原住民學生及畢業生人數—按等級別與校別分","檔案資料","求學及進修","白金","JSON;CSV","https://stats.moe.gov.tw/files/opendata/indigenous_students_A1-1.json;https://stats.moe.gov.tw/files/opendata/indigenous_students_A1-1.csv","UTF-8;UTF-8","原始資料","提供全台灣各地大專校院、空大及進修學校、宗教研修學院中，依等級別與學校分類的原住民學生及畢業生人數。數據包括博士班、碩士班、學士班、二專、五專的各等級，並詳細列出了各學校的原住民學生和畢業生數量。
","學年度;學校類別;學校代碼;學校名稱;在學學生人數_博士班;在學學生人數_碩士班;在學學生人數_學士班;在學學生人數_二專;在學學生人數_五專;上學年度畢業生人數_博士;上學年度畢業生人數_碩士;上學年度畢業生人數_學士;上學年度畢業生人數_二專;上學年度畢業生人數_五專","教育部統計處","每1年","政府資料開放授權條款-第1版","","免費","潘小姐","02-7736-6381","2016-08-15 00:00:00","2026-08-14 11:47:48","更新頻率說明: 每學年度
授權說明網址: https://data.gov.tw/license","2107;1000"
"31448","幼兒園概況—按學校所在縣市別分","檔案資料","求學及進修","白金","CSV;JSON;CSV;JSON","https://stats.moe.gov.tw/files/opendata/edu_B_2_2_1.csv;https://stats.moe.gov.tw/files/opendata/edu_B_2_2_1.json;https://stats.moe.gov.tw/files/opendata/edu_B_2_2_2.csv;https://stats.moe.gov.tw/files/opendata/edu_B_2_2_2.json","UTF-8;UTF-8;UTF-8;UTF-8","原始資料","提供111學年至114學年每學年教保服務機構所在縣市別彙計之合法立案機構(園)數、各縣市政府教育局(處)審核通過之教保服務人員數、服務人員數、職員數及實際就讀幼生數資料統計結果。","學年度;縣市別;園數總數;公立園數;公立專設園數;分班園數;園長總數;公立園長數;教師總數;公立教師數;教保員總數;公立教保員數;助理教保員總數;公立助理教保員數;服務人員總數;公立服務人員總數;職員總數;公立職員總數;幼生總數;公立幼生總數","教育部統計處","每1年","政府資料開放授權條款-第1版","","免費","許小姐","0277365746","2016-06-15 00:00:00","2026-08-14 11:42:01","更新頻率說明: 每學年度
授權說明網址: http://data.gov.tw/license","154;154;88;88"
"33509","國民中學原住民學生及畢業生人數—按年級別與校別分","檔案資料","求學及進修","白金","CSV;JSON","https://stats.moe.gov.tw/files/opendata/indigenous_C2-1.csv;https://stats.moe.gov.tw/files/opendata/indigenous_C2-1.json","UTF-8;UTF-8","原始資料","提供104學年至114學年每學年全臺灣國民中學提供之各校原住民學生年級別及其上學年原住民畢業生人數資料。","學年度;學校代碼;學校名稱;國中原住民七年級學生數;國中原住民八年級學生數;國中原住民九年級學生數;國中上學年度原住民畢業生人數","教育部統計處","每1年","政府資料開放授權條款-第1版","","免費","許小姐","0277365746","2016-08-15 00:00:00","2026-08-14 11:37:32","更新頻率說明: 每學年度
授權說明網址: http://data.gov.tw/license","1000;10146"
"41958","各年度學海計畫一般大學及技專校院補助情形一覽表","檔案資料","求學及進修","白金","CSV","https://ws.moe.edu.tw/Download.ashx?u=LzAwMS9VcGxvYWQvNy9yZWxmaWxlLzY2NTYvOTYyNTkvNjAwMzg5NmQtMzdmYi00ZDA5LWEyNzktMmM3MDgwZDNlZjZmLmNzdg%3d%3d&n=5ZCE5bm05bqm5a245rW36KiI55Wr5LiA6Iis5aSn5a245Y%2bK5oqA5bCI5qCh6Zmi6KOc5Yqp5oOF5b2i5LiA6Ka96KGo5pu05paw6IezMTE05bm0LmNzdg%3d%3d&icon=..csv","UTF-8","原始資料","自101年起，學海計畫(學海惜珠、學海飛颺、學海築夢、新南向學海築夢)大專校院補助學生人數之統計表","計畫別;年度;校院別;補助校數;補助人數","教育部國際及兩岸教育司","每1年","政府資料開放授權條款-第1版","https://depart.moe.edu.tw/ED2500/cp.aspx?n=0C20BE04D29CE13C&s=A0A73CF7630B1B26","免費","曾小姐","02-77365642","2016-12-30 00:00:00","2026-08-14 11:37:23","授權說明網址: http://data.gov.tw/license","102"
"33510","國民中小學原住民學生及畢業生人數—按年級別、等級別與性別分","檔案資料","求學及進修","白金","CSV;JSON","https://stats.moe.gov.tw/files/opendata/indigenous_C2-4.csv;https://stats.moe.gov.tw/files/opendata/indigenous_C2-4.json","UTF-8;UTF-8","原始資料","提供104學年至114學年每學年全臺灣國民小學、國民中學學校之年級別及性別彙計之原住民學生人數資料統計結果。","學年度;等級別及性別;原住民一年級學生數;原住民二年級學生數;原住民三年級學生數;原住民四年級學生數;原住民五年級學生數;原住民六年級學生數;原住民上學年度畢業生人數","教育部統計處","每1年","政府資料開放授權條款-第1版","","免費","許小姐","0277365746","2016-08-15 00:00:00","2026-08-14 11:35:53","更新頻率說明: 每學年度
授權說明網址: http://data.gov.tw/license","88;88"
"33511","國民小學原住民學生及畢業生人數—按年級別與校別分","檔案資料","求學及進修","白金","CSV;JSON","https://stats.moe.gov.tw/files/opendata/indigenous_C2-2.csv;https://stats.moe.gov.tw/files/opendata/indigenous_C2-2.json","UTF-8;UTF-8","原始資料","提供104學年至114學年每學年全臺灣國民小學提供之各校原住民學生年級別及其上學年原住民畢業生人數資料。","學年度;學校代碼;學校名稱;國小原住民一年級學生數;國小原住民二年級學生數;國小原住民三年級學生數;國小原住民四年級學生數;國小原住民五年級學生數;國小原住民六年級學生數;國小上學年度原住民畢業生人數","教育部統計處","每1年","政府資料開放授權條款-第1版","","免費","許小姐","0277365746","2016-08-15 00:00:00","2026-08-14 11:35:06","更新頻率說明: 每學年度
授權說明網址: http://data.gov.tw/license","1000;24460"
"42157","各年學海計畫赴東協10國、南亞6國及紐澳研修或實習學生人數一覽表","檔案資料","求學及進修","白金","CSV","https://ws.moe.edu.tw/Download.ashx?u=LzAwMS9VcGxvYWQvNy9yZWxmaWxlLzY2NTYvODkyNTcvNzc1ZWY3M2UtOTAzOS00M2I4LTk1YjQtYzJhOWQxYTBiOWIxLmNzdg%3d%3d&n=5ZCE5bm05a245rW36KiI55Wr6LW05p2x5Y2UMTDlnIvjgIHljZfkup425ZyL5Y%2bK57SQ5r6z56CU5L%2bu5oiW5a%2bm57%2bS5a2455Sf5Lq65pW45LiA6Ka96KGoKOabtOaWsOiHszExNOW5tCkuY3N2&icon=..csv","UTF-8","原始資料","自103年起，各大專校院學海計畫選送赴東協、南亞、紐澳研修或實習學生人數之統計表","國家;年度;人數","教育部國際及兩岸教育司","每1年","政府資料開放授權條款-第1版","https://depart.moe.edu.tw/ED2500/News_Content.aspx?n=2D25F01E87D6EE17&sms=4061A6357922F45A&s=77BB628F29A4E00E","免費","曾小姐","0277365642","2017-01-17 00:00:00","2026-08-14 11:34:27","更新頻率說明: 每年(3月)
授權說明網址: http://data.gov.tw/license","215"
"46729","各年度留學貸款申貸人數","檔案資料","求學及進修","白金","CSV","https://ws.moe.edu.tw/Download.ashx?u=LzAwMS9VcGxvYWQvNy9yZWxmaWxlLzY2NTYvMTA0OTI1L2Q2Y2ZiZGQxLTJhNDEtNDFhYy1hODYwLTNhM2MyZTZlMGUwYi5jc3Y%3d&n=5ZCE5bm05bqm55WZ5a246LK45qy%2b55Sz6LK45Lq65pW4LmNzdg%3d%3d&icon=..csv","UTF-8","原始資料","近年申請通過海外碩士及博士課程的出國留學貸款人數統計表","年度;申請人數","教育部國際及兩岸教育司","每1年","政府資料開放授權條款-第1版","https://depart.moe.edu.tw/ED2500/News_Content.aspx?n=2D25F01E87D6EE17&sms=4061A6357922F45A&s=F82A9A3A772AE6E5","免費","廖小姐","02-77365732","2017-06-30 00:00:00","2026-08-14 11:30:27","授權說明網址: http://data.gov.tw/license","14"
"146551","國民中小學校校地面積統計","檔案資料","求學及進修","白金","CSV;JSON","https://stats.moe.gov.tw/files/opendata/area.csv;https://stats.moe.gov.tw/files/opendata/area.json","UTF-8;UTF-8","原始資料","提供109學年至114學年全國國民中、小學學校依據每年9月底各校校地總面積資料。校地總面積係指學校平面面積，含校舍基地面積。","學年度;學校代碼;學校名稱;教育級別;校地總面積[平方公尺]","教育部統計處","每1年","政府資料開放授權條款-第1版","","免費","許小姐","02-77365746","2021-11-25 00:00:00","2026-08-14 11:26:05","更新頻率說明: 每學年度
授權說明網址: http://data.gov.tw/license","1000;20193"
"46728","各年度外國政府機構或學校提供我奬學金名額一覽表","檔案資料","求學及進修","白金","CSV","https://ws.moe.edu.tw/Download.ashx?u=LzAwMS9VcGxvYWQvNy9yZWxmaWxlLzY2NTYvNTQxMjYvMjM3NWFhNWUtNzJhZi00OTY2LWE5ZjgtZWVkYmNjYThiYmQ4LmNzdg%3d%3d&n=5ZCE5bm05bqm5aSW5ZyL5pS%2f5bqc5qmf5qeL5oiW5a245qCh5o%2bQ5L6b5oiR5aWs5a246YeR5ZCN6aGN5LiA6Ka96KGoLmNzdg%3d%3d&icon=..csv","UTF-8","原始資料","赴捷克短期進修、斯拉夫語夏令營、波蘭政府、研習韓語文之各國獎學金錄取人數，本資料集為自101年起彙整獲得獎學金之人數統計表。","國別;年度;獎學金名稱;所轄駐外單位;錄取人數","教育部國際及兩岸教育司","每1年","政府資料開放授權條款-第1版","https://depart.moe.edu.tw/ED2500/News_Content.aspx?n=2D25F01E87D6EE17&sms=4061A6357922F45A&s=F2DC5D455CD3FA53","免費","曾小姐","0277365642","2017-06-30 00:00:00","2026-08-14 11:26:02","授權說明網址: http://data.gov.tw/license","85"
"40117","各級學校原住民學生概況","檔案資料","求學及進修","白金","CSV;JSON","https://stats.moe.gov.tw/files/opendata/edu_A_1_7.csv;https://stats.moe.gov.tw/files/opendata/edu_A_1_7.json","UTF-8;UTF-8","原始資料","提供104學年至114學年學年各教育階段學校提供設立別、性別及族籍別彙計之原住民學生人數資料統計結果。","學年度;項目別;幼兒園小計;國小小計;國中小計;高級中等學校-普通科小計;高級中等學校-綜合高中小計;高級中等學校-專業群(職業)科小計;高級中等學校-實用技能學程 (延教班)小計;高級中等學校-進修部(學校)小計;二專小計;五專小計;學士班小計;碩士班小計;博士班小計;宗教研修學院小計;特教學校小計;國小補校小計;國中補校小計;空大及進修學校-二專小計;空大及進修學校-二技小計;空大及進修學校-學士班小計","教育部統計處","每1年","政府資料開放授權條款-第1版","","免費","許小姐","0277365746","2016-12-15 00:00:00","2026-08-14 11:24:43","更新頻率說明: 每學年度
授權說明網址: http://data.gov.tw/license","231;231"
"46730","各年度公費留學考試報名及錄取人數","檔案資料","求學及進修","白金","CSV","https://ws.moe.edu.tw/Download.ashx?u=LzAwMS9VcGxvYWQvNy9yZWxmaWxlLzY2NTYvMTA0OTI2LzBlNDc0OTBhLWQxYjctNGFlMC1hZThjLTA1ZGE3MTg1MzgzZS5jc3Y%3d&n=5ZCE5bm05bqm5YWs6LK755WZ5a246ICD6Kmm5aCx5ZCN5Y%2bK6YyE5Y%2bW5Lq65pW4LmNzdg%3d%3d&icon=..csv","UTF-8","原始資料","教育部每年辦理公費留學考試，考選優秀青年學子赴國外攻讀博士學位，以培育具國際視野之高階專業人才。本資料集為自101年起公費留學考試報名及錄取人數之統計資料。","年度;報名人數;錄取人數","教育部國際及兩岸教育司","每1年","政府資料開放授權條款-第1版","","免費","林小姐","02-77365759","2017-06-30 00:00:00","2026-08-14 11:21:26","授權說明網址: http://data.gov.tw/license","14"
"46731","各年度公費留學考試原住民生報名及錄取人數","檔案資料","求學及進修","白金","CSV","https://ws.moe.edu.tw/Download.ashx?u=LzAwMS9VcGxvYWQvNy9yZWxmaWxlLzY2NTYvMTA0OTI2L2Q3N2U4OTA3LTZhYzYtNDJiMC1iMDFiLWZhMTU3ZjNiOTUyZC5jc3Y%3d&n=5ZCE5bm05bqm5YWs6LK755WZ5a246ICD6Kmm5Y6f5L2P5rCR55Sf5aCx5ZCN5Y%2bK6YyE5Y%2bW5Lq65pW4LmNzdg%3d%3d&icon=..csv","UTF-8","原始資料","彙整自101年起教育部公費留學考試中原住民考生特定錄取名額統計資料，由原住民族委員會指定特定學門及研究領域，並不限學群、學門及研究領域，得攻讀博士或碩士學位。","年度;原民生報名人數;原民生錄取人數","教育部國際及兩岸教育司","每1年","政府資料開放授權條款-第1版","https://depart.moe.edu.tw/ed2500/News_Content.aspx?n=2D25F01E87D6EE17&sms=4061A6357922F45A&s=8CE7344573D3B71F","免費","林小姐","02-77365759","2017-06-30 00:00:00","2026-08-14 11:18:22","授權說明網址: http://data.gov.tw/license","14"
"46732","各年度留學獎學金甄試錄取人數","檔案資料","求學及進修","白金","CSV","https://ws.moe.edu.tw/Download.ashx?u=LzAwMS9VcGxvYWQvNy9yZWxmaWxlLzY2NTYvODg4OTQvMzI5ZWU0ZDUtMGNjMS00YTAwLWFjMGMtYzIyZDk1YmE5Y2NlLmNzdg%3d%3d&n=KOabtOaWsOiHszExNSnlkITlubTluqbnlZnlrbjnjY7lrbjph5HnlIToqabpjITlj5bkurrmlbjntbHoqIjooaguY3N2&icon=..csv","UTF-8","原始資料","近年留學獎學金甄試各類別學生錄取人數","年度;報名類別;錄取人數","教育部國際及兩岸教育司","每1年","政府資料開放授權條款-第1版","","免費","王小姐","02-77365789","2017-06-30 00:00:00","2026-08-14 11:14:37","授權說明網址: http://data.gov.tw/license","95"
"73588","各年度教育部與世界百大合作設置獎學金錄取人數","檔案資料","求學及進修","白金","CSV","https://ws.moe.edu.tw/Download.ashx?u=LzAwMS9VcGxvYWQvNy9yZWxmaWxlLzY2NTYvOTYyMjAvMWJiYzY2ZWYtYTMwMC00NWI3LWE5ODUtZDhmODkzNWYzYjE5LmNzdg%3d%3d&n=5ZCE5bm05bqm5pWZ6IKy6YOo6IiH5LiW55WM55m%2b5aSn5ZCI5L2c6Kit572u542O5a246YeR6YyE5Y%2bW5Lq65pW4MTE1MDYyMi5jc3Y%3d&icon=..csv","UTF-8","原始資料","為充分發揮政府獎學金效益，彙整自100年教育部與多所世界百大名校合作設置博士獎學金之錄取人數，由雙方共同獎助3-4年學費、生活費。","年度;獎學金名稱;錄取人數","教育部國際及兩岸教育司","每1年","政府資料開放授權條款-第1版","","免費","楊小姐","02-77366710","2017-12-29 00:00:00","2026-08-14 11:05:54","更新近年教育部與世界百大合作設置獎學金錄取人數檔名及資料","186"
"73589","各年度歐盟獎學金錄取人數","檔案資料","求學及進修","白金","CSV","https://ws.moe.edu.tw/Download.ashx?u=LzAwMS9VcGxvYWQvNy9yZWxmaWxlLzY2NTYvOTYyMTcvZWViZDVhNDItYzg0OS00Y2E4LTg0Y2QtMTZhYmU0YjU5MTIwLmNzdg%3D%3D&n=5ZCE5bm05bqm5q2Q55uf542O5a246YeR6YyE5Y%2BW5Lq65pW4LmNzdg%3D%3D&icon=..csv","UTF-8","原始資料","教育部歐盟獎學金甄選提供「新伊拉斯莫斯計畫聯合碩士課程」之備取生申請。本資料集為自101年起教育部歐盟獎學金錄取人數之統計資料。","年度;錄取人數","教育部國際及兩岸教育司","每1年","政府資料開放授權條款-第1版","https://depart.moe.edu.tw/ed2500/News_Content.aspx?n=2DA7BE834C6A36C0&sms=46DA3F83A5E330C9&s=D2007C1BFF5D6983","免費","王小姐","02-77365789","2017-12-29 00:00:00","2026-08-14 10:54:59","","14"
"31789","教育部各年度邀訪外賓統計","檔案資料","求學及進修","白金","CSV","https://ws.moe.edu.tw/Download.ashx?u=LzAwMS9VcGxvYWQvNy9yZWxmaWxlLzkyNDAvOTIwODYvYTQxODY3MjItODcxOC00YmQzLWJjNzEtMmM1OTYyMWYxNTNlLmNzdg%3d%3d&n=MTEwLTExNOW5tOaOpeW%2bheWkluizk%2be1seioiChGKS5jc3Y%3d&icon=..csv","UTF-8","原始資料","各洲外賓、教育團體、重要教育人士來臺拜訪教育部人數統計","年度;地區;中央政府官員人數;地方政府人數;大學人員人數;高中以下學校人員人數;文教人士人數;接待總人數","教育部國際及兩岸教育司","每1年","政府資料開放授權條款-第1版","https://ws.moe.edu.tw/Download.ashx?u=LzAwMS9VcGxvYWQvNy9yZWxmaWxlLzkyNDAvOTIwODYvYTQxODY3MjItODcxOC00YmQzLWJjNzEtMmM1OTYyMWYxNTNlLmNzdg%3d%3d&n=MTEwLTExNOW5tOaOpeW%2bheWkluizk%2be1seioiChGKS5jc3Y%3d&icon=..csv","免費","楊舜帆","02-77365736","2016-09-14 00:00:00","2026-08-14 10:12:32","授權說明網址: http://data.gov.tw/license","25"
"6315","國民中小學教科書審定通過表","檔案資料","求學及進修","金","CSV","https://opendata.naer.edu.tw/國民中小學教科書審定通過表.csv","UTF-8","原始資料","本資料集主要是國民中小學教科書採一綱多本為主，由民間出版業者依據國民中小學九年一貫課程綱要編纂，並交由國家教育研究院審定，通過後發行執照，作為學校選用書之依據。","依據;圖書名稱;冊次;版本別（依筆畫排序）","國家教育研究院","不定期更新","政府資料開放授權條款-第1版","","免費","徐小姐","02-77407760","2013-09-25 00:00:00","2026-08-12 16:30:54","授權說明網址: http://data.gov.tw/license","142"
"6238","高級中等學校校別資料(含進修部(學校)) ","檔案資料","求學及進修","無(白名單)","CSV;JSON","https://stats.moe.gov.tw/files/opendata/base0.csv;https://stats.moe.gov.tw/files/opendata/base0.json","UTF-8;UTF-8","原始資料","提供全國高級中等學校各校於9月底之專任教師數(男/女)、兼任教師數(男/女)、職員數(男/女)、班級數、學生數(男/女)及上學年畢業生數(男/女)等統計結果。","學年度;縣市代碼;縣市名稱;學校代碼;學校名稱;專任教師數男;專任教師數女;兼任教師數男;兼任教師數女;職員數男;職員數女;班級數;學生數男;學生數女;上學年畢業生數男;上學年畢業生數女","教育部統計處","每1年","政府資料開放授權條款-第1版","","免費","李先生","02-77365754","2015-01-30 00:00:00","2026-08-12 15:57:36","更新頻率說明: 每學年度
授權說明網址: http://data.gov.tw/license","1000;6297"
"46318","高級中等學校學生休學人數","檔案資料","求學及進修","白金","CSV;JSON","https://stats.moe.gov.tw/files/opendata/HighSuspended.csv;https://stats.moe.gov.tw/files/opendata/HighSuspended.json","UTF-8;UTF-8","原始資料","提供全臺灣高級中等學校學生休學人數，原因包含因病、因志趣不合、因經濟困難、因兵役、因出國及其他原因。","學年度;學校別;因病人數;因志趣不合人數;因經濟困難人數;因兵役人數;因出國人數;其他原因人數;","教育部統計處","每1年","政府資料開放授權條款-第1版","","免費","李先生","02-77365754","2017-06-15 00:00:00","2026-08-12 15:44:48","更新頻率說明: 每學年度
授權說明網址: http://data.gov.tw/license","53;53"
"46317","高級中等學校學生學籍喪失人數","檔案資料","求學及進修","白金","CSV;JSON","https://stats.moe.gov.tw/files/opendata/HighWithdrawn.csv;https://stats.moe.gov.tw/files/opendata/HighWithdrawn.json","UTF-8;UTF-8","原始資料","提供全臺灣高級中等學校學生學籍喪失人數，原因包含因自動辦理放棄學籍、因休學期滿辦理放棄_廢止學籍、放棄_廢止_註銷學籍-其他、修業年限期滿及德行評量未達畢業標準。","學年度;學校別;因自動辦理放棄學籍人數;因休學期滿辦理放棄_廢止學籍人數;放棄_廢止_註銷學籍人數-其他;修業年限期滿人數;德行評量未達畢業標準人數","教育部統計處","每1年","政府資料開放授權條款-第1版","","免費","李先生","02-77365754","2017-06-15 00:00:00","2026-08-12 15:42:04","更新頻率說明: 每學年度
授權說明網址: http://data.gov.tw/license","11;11"
"146649","新住民子女就讀國中小學生人數資料－鄉鎮市區別","檔案資料","求學及進修","白金","CSV;JSON;CSV;JSON;CSV;JSON;CSV;JSON;CSV;JSON;CSV;JSON;CSV;JSON","https://stats.moe.gov.tw/files/opendata/108son_of_foreign.csv;https://stats.moe.gov.tw/files/opendata/108son_of_foreign.json;https://stats.moe.gov.tw/files/opendata/109son_of_foreign.csv;https://stats.moe.gov.tw/files/opendata/109son_of_foreign.json;https://stats.moe.gov.tw/files/opendata/110son_of_foreign.csv;https://stats.moe.gov.tw/files/opendata/110son_of_foreign.json;https://stats.moe.gov.tw/files/opendata/111son_of_foreign.csv;https://stats.moe.gov.tw/files/opendata/111son_of_foreign.json;https://stats.moe.gov.tw/files/opendata/112son_of_foreign.csv;https://stats.moe.gov.tw/files/opendata/112son_of_foreign.json;https://stats.moe.gov.tw/files/opendata/113son_of_foreign.csv;https://stats.moe.gov.tw/files/opendata/113son_of_foreign.json;https://stats.moe.gov.tw/files/opendata/114son_of_foreign.csv;https://stats.moe.gov.tw/files/opendata/114son_of_foreign.json","UTF-8;UTF-8;UTF-8;UTF-8;UTF-8;UTF-8;UTF-8;UTF-8;UTF-8;UTF-8;UTF-8;UTF-8;UTF-8;UTF-8","原始資料","1.全國按鄉鎮市區別分之新住民子女就讀國中小學生人數資料。
2.新住民子女係指設籍本國之在學學生其生父或生母一方為外國人、無國籍人、大陸地區人民及香港、澳門居民等新住民者，若已入本國籍，或已死亡、失蹤、離婚，仍應計列；另父母雙方均為外國籍者視為外國籍學生不計列。
","學年度;縣市別;鄉鎮市區別;國小小計;國中小計","教育部統計處","每1年","政府資料開放授權條款-第1版","https://depart.moe.edu.tw/ED4500/News_Content.aspx?n=48EBDB3B9D51F2B8&sms=F78B10654B1FDBB5&s=4C810A112728CC60","免費","鄭先生","02-77365760","2021-11-29 00:00:00","2026-08-12 15:24:50","更新頻率說明：每學年度。授權說明網址：http://data.gov.tw/license。","368;368;368;368;368;368;368;368;368;368;368;368;368;368"
"6090","獨立高級中等進修學校名錄","檔案資料","求學及進修","無(白名單)","CSV;JSON","https://stats.moe.gov.tw/files/opendata/highV.csv;https://stats.moe.gov.tw/files/opendata/highV.json","UTF-8;UTF-8","原始資料","提供全國獨立高級中等進修學校基本資料，包含學校代碼、學校名稱、公/私立、地址、電話及網址等。","學年度;代碼;學校名稱;公/私立;縣市名稱;地址;電話;網址","教育部統計處","不定期更新","政府資料開放授權條款-第1版","","免費","李先生","02-77365754","2014-08-01 00:00:00","2026-08-12 14:32:45","自106學年起停止編布
授權說明網址: http://data.gov.tw/license","9;9"
"46316","高級中等學校開設綜合高中一覽表","檔案資料","求學及進修","白金","CSV;JSON","https://stats.moe.gov.tw/files/opendata/edu_B_8_2.csv;https://stats.moe.gov.tw/files/opendata/edu_B_8_2.json","UTF-8;UTF-8","原始資料","提供全國高級中等學校開設綜合高中各校於9月底之各年級班級數、學生數、延修生及上學年畢業生數等統計結果。","學年度;學校代碼;學校名稱;1年級班級數;2年級班級數;3年級班級數;1年級學生數;2年級學生數;3年級學生數;延修生;上學年度畢業生數","教育部統計處","每1年","政府資料開放授權條款-第1版","","免費","李先生","02-77365754","2017-06-15 00:00:00","2026-08-12 14:15:27","更新頻率說明: 每學年度
授權說明網址: http://data.gov.tw/license","712;712"
"24393","大專附設高級中等進修學校名錄","檔案資料","求學及進修","白金","CSV;JSON","https://stats.moe.gov.tw/files/school/115/highT.csv;https://stats.moe.gov.tw/files/school/115/highT.json","UTF-8;UTF-8","原始資料","提供全國大專附設高級中等進修學校基本資料，包含學校代碼、學校名稱、公/私立、地址、電話及網址等。","學年度;代碼;學校名稱;公/私立;縣市名稱;地址;電話;網址;備註","教育部統計處","每1年","政府資料開放授權條款-第1版","","免費","李先生","02-77365754","2015-12-08 00:00:00","2026-08-12 13:41:30","更新頻率說明: 每學年度
授權說明網址: http://data.gov.tw/license","21;21"
"157381","澎湖縣110年度412-8185全國家庭教育諮詢個案統計表","檔案資料","求學及進修","白金","CSV;XML;JSON","https://opendata.penghu.gov.tw/dataset/e90dd9a9-6e07-4480-aa8a-aa622c5042ab/resource/75759e38-6b85-48ba-8e05-9d289c2de542/download/hf10000-2022-08-15-1660555316.csv;https://opendata.penghu.gov.tw/dataset/e90dd9a9-6e07-4480-aa8a-aa622c5042ab/resource/995b9510-6d90-432b-bcef-cb15d54ae0bd/download/hf10000-2022-08-15-1660555316.xml;https://opendata.penghu.gov.tw/dataset/e90dd9a9-6e07-4480-aa8a-aa622c5042ab/resource/f2819e44-3cee-4a56-a2b3-0ecf40cf24da/download/hf10000-2022-08-15-1660555316.json","UTF-8;UTF-8;UTF-8","系統介接程式","412-8185全國家庭教育諮詢個案統計表","月份別;一月-數量-;二月-數量-;三月-數量-;四月-數量-;五月-數量-;六月-數量-;七月-數量-;八月-數量-;九月-數量-;十月-數量-;十一月-數量-;十二月-數量-;合計-數量-","澎湖縣政府","不定期更新","政府資料開放授權條款-第1版","http://data.gov.tw/opendata/principle","免費","蔡孟欣","9262085","2022-08-15 17:39:37","2026-08-11 17:38:55","無","21;21;21"
"157380","澎湖縣 110 年度推展家庭教育實施計畫辦理成果統計一覽表","檔案資料","求學及進修","白金","CSV;XML;JSON","https://opendata.penghu.gov.tw/dataset/3c0b79d0-bca7-4cc0-bdf9-715f3669a4d4/resource/fa7d75fe-b5a3-49e7-a94e-075a0ac9ba8a/download/hf10000-2022-08-15-1660554957.csv;https://opendata.penghu.gov.tw/dataset/3c0b79d0-bca7-4cc0-bdf9-715f3669a4d4/resource/898af07a-7664-49da-86e6-cbee10e126c6/download/hf10000-2022-08-15-1660554957.xml;https://opendata.penghu.gov.tw/dataset/3c0b79d0-bca7-4cc0-bdf9-715f3669a4d4/resource/5801d4f3-07d0-40a9-a5c5-6cc9cc00e2bd/download/hf10000-2022-08-15-1660554957.json","UTF-8;UTF-8;UTF-8","系統介接程式","家庭教育實施計畫辦理成果統計一覽表","家庭教育專案計畫;原定辦理場次;辦理成果-場次;辦理成果-人次-合計;辦理成果-人次-男;辦理成果-人次-女","澎湖縣政府","不定期更新","政府資料開放授權條款-第1版","http://data.gov.tw/opendata/principle","免費","蔡孟欣","9262085","2022-08-15 17:35:59","2026-08-11 17:38:53","無","35;35;35"
"156996","113年度澎湖縣公共圖書館各館辦證數","檔案資料","求學及進修","白金","CSV;XML;JSON","https://opendata.penghu.gov.tw/dataset/c1436c95-4db0-4cbb-83d8-02bf06ab1a6f/resource/72072ec8-0239-4af0-a6d6-49ee6221b66f/download/fs30000-2022-08-09-1660034479.csv;https://opendata.penghu.gov.tw/dataset/c1436c95-4db0-4cbb-83d8-02bf06ab1a6f/resource/e0e39226-c6df-401d-b6ff-d72344e42950/download/fs30000-2022-08-09-1660034479.xml;https://opendata.penghu.gov.tw/dataset/c1436c95-4db0-4cbb-83d8-02bf06ab1a6f/resource/3ceb9302-6a1e-4f7c-8680-1ac4359030bc/download/fs30000-2022-08-09-1660034479.json","UTF-8;UTF-8;UTF-8","系統介接程式","澎湖縣公共圖書館各館辦證數","單位;人數","澎湖縣政府","不定期更新","政府資料開放授權條款-第1版","http://data.gov.tw/opendata/principle","免費","龔思穎","06-9261141#182","2022-08-09 16:41:19","2026-08-11 17:35:36","無","9;9;9"
"156905","澎湖縣政府所屬體育班概況","檔案資料","求學及進修","白金","CSV;XML;JSON","https://opendata.penghu.gov.tw/dataset/5de449c2-ee4a-4634-8bc6-bebf604f9768/resource/c67c9dba-80f0-48db-935b-e8ebe36ef989/download/u630000-03-2022-08-03-1659490902.csv;https://opendata.penghu.gov.tw/dataset/5de449c2-ee4a-4634-8bc6-bebf604f9768/resource/bda305c5-fc66-44f1-b0e1-bb666d292856/download/u630000-03-2022-08-03-1659490902.xml;https://opendata.penghu.gov.tw/dataset/5de449c2-ee4a-4634-8bc6-bebf604f9768/resource/10900ca1-568d-49a3-923e-e426af4f2679/download/u630000-03-2022-08-03-1659490902.json","UTF-8;UTF-8;UTF-8","系統介接程式","本縣所屬體育班概況","編號;學校;年級;發展項目","澎湖縣政府","不定期更新","政府資料開放授權條款-第1版","http://data.gov.tw/opendata/principle","免費","張黃嘉","(06)927-4400#468","2022-08-03 17:32:43","2026-08-11 17:35:04","無","3;3;3"
"156211","澎湖縣獎助就讀大專院校學生助學金及交通圖書券106-110年受理申請統計","檔案資料","求學及進修","白金","CSV;XML;JSON","https://opendata.penghu.gov.tw/dataset/c937d5de-cbc6-414a-bc6e-9e77afd97c87/resource/11cb2eee-af75-4419-8f02-3f2d1d229175/download/u630000-01-2022-07-06-1657072964.csv;https://opendata.penghu.gov.tw/dataset/c937d5de-cbc6-414a-bc6e-9e77afd97c87/resource/6a837993-5b3e-4541-ba7f-9046e5b1af7e/download/u630000-01-2022-07-06-1657072964.xml;https://opendata.penghu.gov.tw/dataset/c937d5de-cbc6-414a-bc6e-9e77afd97c87/resource/d6b3c5f7-7c0b-4a18-94ce-b7225e207ff2/download/u630000-01-2022-07-06-1657072964.json","UTF-8;UTF-8;UTF-8","系統介接程式","澎湖縣獎助就讀大專院校學生助學金及交通圖書券106-110年受理申請統計之相關資料","年度;交通圖書券;澎科大;助學金;澎科大","澎湖縣政府","不定期更新","政府資料開放授權條款-第1版","http://data.gov.tw/opendata/principle","免費","葉小姐","06-9274400#269","2022-07-06 10:02:44","2026-08-11 17:34:27","無","9;9;9"
"156209","澎湖縣110學年度第2學期國民小學辦理兒童課後照顧服務班學校清單","檔案資料","求學及進修","白金","CSV;XML;JSON","https://opendata.penghu.gov.tw/dataset/b2dac72b-b2be-4244-82b5-cd796efb60e2/resource/75cbb01e-37cc-4f54-ad8e-47c7daab9482/download/u630000-04-2022-07-06-1657072226.csv;https://opendata.penghu.gov.tw/dataset/b2dac72b-b2be-4244-82b5-cd796efb60e2/resource/8cea8722-223c-449f-a59c-fea2270bd599/download/u630000-04-2022-07-06-1657072226.xml;https://opendata.penghu.gov.tw/dataset/b2dac72b-b2be-4244-82b5-cd796efb60e2/resource/2c055309-f41f-4664-9fe2-9b50da7cd23f/download/u630000-04-2022-07-06-1657072226.json","UTF-8;UTF-8;UTF-8","系統介接程式","澎湖縣110學年度第2學期國民小學辦理兒童課後照顧服務班學校清單之相關資料","序號;學校名稱;學年度","澎湖縣政府","不定期更新","政府資料開放授權條款-第1版","http://data.gov.tw/opendata/principle","免費","陳小姐","06-9274400#519","2022-07-06 09:50:26","2026-08-11 17:34:25","無","10;10;10"
"156012","澎湖縣政府通過英檢人數統計","檔案資料","求學及進修","白金","CSV;XML;JSON","https://opendata.penghu.gov.tw/dataset/a7ddcef7-a60a-41a5-a9f3-392bb58d186e/resource/606fbd8f-50b2-4a9f-b753-1754276e35cd/download/u100000-01-2022-05-02-1651464301.csv;https://opendata.penghu.gov.tw/dataset/a7ddcef7-a60a-41a5-a9f3-392bb58d186e/resource/2d7f69df-0d58-46aa-a433-fc2cda3c2e2c/download/u100000-01-2022-05-02-1651464301.xml;https://opendata.penghu.gov.tw/dataset/a7ddcef7-a60a-41a5-a9f3-392bb58d186e/resource/871201d8-b753-4ec0-b458-7778c40533e4/download/u100000-01-2022-05-02-1651464301.json","UTF-8;UTF-8;UTF-8","系統介接程式","澎湖縣政府通過英檢人數統計相關資料","機關;機關預算員額數;通過英檢人數;通過英檢人數佔機關總人數百分比","澎湖縣政府","不定期更新","政府資料開放授權條款-第1版","http://data.gov.tw/opendata/principle","免費","陳怡蓁","06-9274400#707","2022-06-23 15:40:22","2026-08-11 17:34:16","無","7;7;7"
"113443","澎湖縣107學年度第2學期國民小學辦理兒童課後照顧服務班學校清單","檔案資料","求學及進修","白金","CSV;XML;JSON","https://opendata.penghu.gov.tw/dataset/4fd9610f-1fc8-41b8-a304-d8be0ed70250/resource/6eb8f5d8-a4f1-4cca-812d-a8a188dff06c/download/u630000-04-2019-03-05-1551773864.csv;https://opendata.penghu.gov.tw/dataset/4fd9610f-1fc8-41b8-a304-d8be0ed70250/resource/fd266ffe-184c-44e0-9d44-d1f94489413f/download/u630000-04-2019-03-05-1551773864.xml;https://opendata.penghu.gov.tw/dataset/4fd9610f-1fc8-41b8-a304-d8be0ed70250/resource/dd75d297-88fd-42fa-ade8-4355857c5559/download/u630000-04-2019-03-05-1551773864.json","UTF-8;UTF-8;UTF-8","系統介接程式","澎湖縣107學年度第2學期國民小學辦理兒童課後照顧服務班學校清單資料","編號;學校名稱;學年度","澎湖縣政府","不定期更新","政府資料開放授權條款-第1版","http://data.gov.tw/opendata/principle","免費","陳小姐","(06)927-4400#519","2019-12-17 00:00:00","2026-08-11 13:40:08","無","4;4;4"
"113342","澎湖縣公立幼兒園名冊","檔案資料","求學及進修","白金","CSV;XML;JSON","https://opendata.penghu.gov.tw/dataset/ba3a8378-71ea-4235-8bb7-ffb54f84f0bc/resource/4b460875-508f-472a-a6c2-79e6f544517e/download/u630000-01-2017-05-31-1496203455.csv;https://opendata.penghu.gov.tw/dataset/ba3a8378-71ea-4235-8bb7-ffb54f84f0bc/resource/3a2dc399-4560-4e7b-84de-0336020bf6a5/download/u630000-01-2017-05-31-1496203455.xml;https://opendata.penghu.gov.tw/dataset/ba3a8378-71ea-4235-8bb7-ffb54f84f0bc/resource/a584f078-fc16-486c-88b9-e5d78bc6e7da/download/u630000-01-2017-05-31-1496203455.json","UTF-8;UTF-8;UTF-8","系統介接程式","澎湖縣公立幼兒園基本資料","編號;縣市;鄉鎮;設立別;幼兒園名稱;負責人-董事長-;園長;幼兒園電話;分機;幼兒園住址","澎湖縣政府","不定期更新","政府資料開放授權條款-第1版","http://data.gov.tw/opendata/principle","免費","黃祐輔","(06)927-4400#461","2019-12-16 00:00:00","2026-08-11 11:19:56","無","23;23;23"
"124223","新北市短期補習班立案資訊","檔案資料","求學及進修","白金","CSV","https://data.ntpc.gov.tw/api/datasets/a3716c81-3652-4450-897d-3574b875888b/csv/file","UTF-8","系統介接程式","提供新北市立案短期補習班相關資訊，本資料由教育局提供，如有疑問請洽本市教育局。","c_schoolname(補習班名稱);district(補習班);areacode(地址-行政區域代碼);address(地址);date(立案日期)","新北市政府教育局","不定期更新","政府資料開放授權條款-第1版","","免費","黃歆絜","(02)29603456#2599","2017-11-22 00:00:00","2026-08-11 10:55:06","OpenAPI文件下載: https://data.ntpc.gov.tw/api/v1/openapi/units/1050000","2917"
"125808","新北市立圖書館地址電話一覽表","檔案資料","求學及進修","無(白名單)","CSV","https://data.ntpc.gov.tw/api/datasets/6be524a8-ef72-4cd7-82de-e75c9f46821d/csv/file","UTF-8","系統介接程式","新北市各圖書館名稱、地址及電話資料","name(館別);address(地址);tel(電話)","新北市政府文化局","不定期更新","政府資料開放授權條款-第1版","","免費","林小姐","(02)29537868#8202","2013-04-18 00:00:00","2026-08-11 10:53:17","OpenAPI文件下載: https://data.ntpc.gov.tw/api/v1/openapi/units/1230000","109"
"113169","中山大學公共事務管理所澎湖班在職專班暨學分班學員人數統計表","檔案資料","求學及進修","白金","CSV;XML;JSON","https://opendata.penghu.gov.tw/dataset/65e7004f-cb01-4a50-a089-3325dbcd3177/resource/847df993-37c1-4263-9cd8-c3c5cab7647d/download/u100000-02-2018-05-14-1526283551.csv;https://opendata.penghu.gov.tw/dataset/65e7004f-cb01-4a50-a089-3325dbcd3177/resource/77b48fac-0b6e-4e57-9547-763b63476b8a/download/u100000-02-2018-05-14-1526283551.xml;https://opendata.penghu.gov.tw/dataset/65e7004f-cb01-4a50-a089-3325dbcd3177/resource/05f41d04-6853-4b8c-9f1a-e95e5ccc9460/download/u100000-02-2018-05-14-1526283551.json","UTF-8;UTF-8;UTF-8","系統介接程式","中山大學公共事務管理所澎湖班在職專班暨學分班進修人數情形","屆數-期數-及班別;在職專班-人數;學分班-人數","澎湖縣政府","不定期更新","政府資料開放授權條款-第1版","http://data.gov.tw/opendata/principle","免費","歐佳華","06-9274400#713","2019-11-29 09:32:39","2026-08-11 10:31:06","無","32;32;32"
"6089","一般高級中等學校名錄","檔案資料","求學及進修","無(白名單)","CSV;CSV;CSV;CSV;CSV;JSON;CSV;JSON;CSV;JSON;CSV;JSON;CSV;JSON;CSV;JSON;CSV;JSON;CSV;JSON;CSV;JSON","https://stats.moe.gov.tw/files/school/103/high.csv;https://stats.moe.gov.tw/files/school/104/high.csv;https://stats.moe.gov.tw/files/school/105/high.csv;https://stats.moe.gov.tw/files/school/106/high.csv;https://stats.moe.gov.tw/files/school/107/high.csv;https://stats.moe.gov.tw/files/school/107/high.json;https://stats.moe.gov.tw/files/school/108/high.csv;https://stats.moe.gov.tw/files/school/108/high.json;https://stats.moe.gov.tw/files/school/109/high.csv;https://stats.moe.gov.tw/files/school/109/high.json;https://stats.moe.gov.tw/files/school/110/high.csv;https://stats.moe.gov.tw/files/school/110/high.json;https://stats.moe.gov.tw/files/school/111/high.csv;https://stats.moe.gov.tw/files/school/111/111_high.json;https://stats.moe.gov.tw/files/school/112/high.csv;https://stats.moe.gov.tw/files/school/112/high.json;https://stats.moe.gov.tw/files/school/113/high.csv;https://stats.moe.gov.tw/files/school/113/high.json;https://stats.moe.gov.tw/files/school/114/high.csv;https://stats.moe.gov.tw/files/school/114/high.json;https://stats.moe.gov.tw/files/school/115/high.csv;https://stats.moe.gov.tw/files/school/115/high.json","UTF-8;UTF-8;UTF-8;UTF-8;UTF-8;UTF-8;UTF-8;UTF-8;UTF-8;UTF-8;UTF-8;UTF-8;UTF-8;UTF-8;UTF-8;UTF-8;UTF-8;UTF-8;UTF-8;UTF-8;UTF-8;UTF-8","原始資料","提供全國一般高級中等學校基本資料，包含學校代碼、學校名稱、公/私立、地址、電話及網址等。","代碼;學校名稱;縣市名稱;地址;電話;網址;備註","教育部統計處","每1年","政府資料開放授權條款-第1版","","免費","李先生","02-77365754","2014-08-01 00:00:00","2026-08-10 17:33:55","更新頻率說明: 每學年度
授權說明網址: http://data.gov.tw/license","502;503;520;519;516;516;513;513;513;513;515;515;513;513;511;511;508;508;507;507;506;506"
"177688","雲林縣政府115年度青年社團發展補助計畫補助名單(按月份分-5月)","檔案資料","求學及進修","白金","XLSX;CSV;XML;JSON","https://ws.yunlin.gov.tw/001/Upload/539/opendata/15369/2423/47a0b648-0071-4786-9522-11472a047044.xlsx;https://ws.yunlin.gov.tw/001/Upload/539/opendata/15369/2423/47a0b648-0071-4786-9522-11472a047044.csv;https://ws.yunlin.gov.tw/001/Upload/539/opendata/15369/2423/47a0b648-0071-4786-9522-11472a047044.xml;https://ws.yunlin.gov.tw/001/Upload/539/opendata/15369/2423/47a0b648-0071-4786-9522-11472a047044.json","UTF-8;UTF-8;UTF-8;UTF-8","系統介接程式","115年度青年社團發展補助計畫補助名單(按月份分-5月)","計畫編號;申請單位;申請補助項目;計畫總經費;自籌經費;申請補助經費;核准補助經費;核銷經費","雲林縣政府勞工處","每1月","政府資料開放授權條款-第1版","","免費","蔡小姐","05-5523622","2026-06-01 00:00:00","2026-08-10 08:53:29","","0;0;0;0"
"178278","雲林縣政府115年度青年社團發展補助計畫補助名單(按月份分-7月)","檔案資料","求學及進修","無(未做品檢)","XLSX;CSV;XML;JSON","https://ws.yunlin.gov.tw/001/Upload/539/opendata/15369/2488/c5c172f5-6f0a-4765-8e2a-84d1655f93c3.xlsx;https://ws.yunlin.gov.tw/001/Upload/539/opendata/15369/2488/c5c172f5-6f0a-4765-8e2a-84d1655f93c3.csv;https://ws.yunlin.gov.tw/001/Upload/539/opendata/15369/2488/c5c172f5-6f0a-4765-8e2a-84d1655f93c3.xml;https://ws.yunlin.gov.tw/001/Upload/539/opendata/15369/2488/c5c172f5-6f0a-4765-8e2a-84d1655f93c3.json","UTF-8;UTF-8;UTF-8;UTF-8","系統介接程式","115年度青年社團發展補助計畫補助名單(按月份分-7月)","計畫編號;申請單位;申請補助項目;計畫總經費;自籌經費;申請補助經費;核准補助經費;核銷經費","雲林縣政府勞工處","每1月","政府資料開放授權條款-第1版","","免費","蔡小姐","05-5523622","2026-08-03 00:00:00","2026-08-10 08:52:09","","0;0;0;0"
"177383","雲林縣政府115年度青年社團發展補助計畫補助名單(按月份分-3月)","檔案資料","求學及進修","白金","XLSX;CSV;XML;JSON","https://ws.yunlin.gov.tw/001/Upload/539/opendata/15369/2409/ac01210a-8d59-4147-8164-1dfcbcd034c6.xlsx;https://ws.yunlin.gov.tw/001/Upload/539/opendata/15369/2409/ac01210a-8d59-4147-8164-1dfcbcd034c6.csv;https://ws.yunlin.gov.tw/001/Upload/539/opendata/15369/2409/ac01210a-8d59-4147-8164-1dfcbcd034c6.xml;https://ws.yunlin.gov.tw/001/Upload/539/opendata/15369/2409/ac01210a-8d59-4147-8164-1dfcbcd034c6.json","UTF-8;UTF-8;UTF-8;UTF-8","系統介接程式","115年度青年社團發展補助計畫補助名單(按月份分-3月)","計畫編號;申請單位;申請補助項目;計畫總經費;自籌經費;申請補助經費;核准補助經費;核銷經費","雲林縣政府勞工處","每1月","政府資料開放授權條款-第1版","","免費","蔡小姐","05-5523622","2026-04-01 00:00:00","2026-08-10 08:51:31","","0;0;0;0"
"177503","雲林縣政府115年度青年社團發展補助計畫補助名單(按月份分-4月)","檔案資料","求學及進修","白金","XLSX;CSV;XML;JSON","https://ws.yunlin.gov.tw/001/Upload/539/opendata/15369/2422/fa66fe69-a206-46ef-9f27-79c0270c8caf.xlsx;https://ws.yunlin.gov.tw/001/Upload/539/opendata/15369/2422/fa66fe69-a206-46ef-9f27-79c0270c8caf.csv;https://ws.yunlin.gov.tw/001/Upload/539/opendata/15369/2422/fa66fe69-a206-46ef-9f27-79c0270c8caf.xml;https://ws.yunlin.gov.tw/001/Upload/539/opendata/15369/2422/fa66fe69-a206-46ef-9f27-79c0270c8caf.json","UTF-8;UTF-8;UTF-8;UTF-8","系統介接程式","115年度青年社團發展補助計畫補助名單(按月份分-4月)","計畫編號;申請單位;申請補助項目;計畫總經費;自籌經費;申請補助經費;核准補助經費;核銷經費","雲林縣政府勞工處","每1月","政府資料開放授權條款-第1版","","免費","蔡小姐","05-5523622","2026-05-01 00:00:00","2026-08-10 08:50:55","","0;0;0;0"
"139663","中央警察大學國境警察學系專任教師資訊","檔案資料","求學及進修","白金","CSV","https://opdadm.moi.gov.tw/api/v1/no-auth/resource/api/dataset/BA5FB67C-6B07-40F8-A850-85B5E0F01214/resource/836F5A99-115B-4C44-81F9-7DE0AE9F5DAA/download","UTF-8","系統介接程式","中央警察大學國境警察學系專任教師專長及聯絡資訊等。","Name(姓名);Gender(性別);Position(職稱);Specialty(專長);Extension(分機);Office(研究室);Email(電子郵件)","中央警察大學","不定期更新","政府資料開放授權條款-第1版","","免費","呂敏禎","03-3282321#4303","2021-05-21 15:51:09","2026-08-07 16:18:04","","8"
"163099","中央警察大學國境警察學系專任教師專長","檔案資料","求學及進修","白金","CSV","https://opdadm.moi.gov.tw/api/v1/no-auth/resource/api/dataset/12314735-94CF-4697-B535-902827A8D17C/resource/26ABC016-894E-4A05-8E2A-3321DD0DBA29/download","UTF-8","系統介接程式","中央警察大學國境警察學系專任教師專長介紹及聯絡方式。","Name(姓名);Position(職稱);Specialty(專長);URL(網址);Extension(分機);Office(研究室);Email(電子郵件)","中央警察大學","不定期更新","政府資料開放授權條款-第1版","","免費","呂敏禎","03-3282321#4303","2023-06-27 14:35:25","2026-08-07 16:17:01","","8"
"28585","大陸臺商子弟學校與海外臺灣學校名錄","檔案資料","求學及進修","白金","CSV;JSON","https://stats.moe.gov.tw/files/opendata/school04_new.csv;https://stats.moe.gov.tw/files/opendata/school04_new.json","UTF-8;UTF-8","原始資料","本資料集係大陸臺商子弟學校與海外臺灣學校通訊錄，內容包含學校代碼、學校名稱、英文校名、地址、電話及傳真資料。","序號;學年度;代碼;學校名稱;英文校名;地址;電話;傳真;備註","教育部統計處","每1年","政府資料開放授權條款-第1版","","免費","蕭小姐","0277365749","2016-04-15 00:00:00","2026-08-06 16:07:07","更新頻率說明: 每學年度
授權說明網址: https://data.gov.tw/license","88;88"
"68588","輔助全國大專校院舉辦應屆畢業僑生畢業聯誼活動參與人數","檔案資料","求學及進修","白金","CSV","https://oas.ocac.gov.tw/OCAC_openDATA/API/CSV_EXPORT?TableID=A0068588","UTF-8","原始資料","僑務委員會為表達對各大專校院應屆畢業僑生之關懷，歷年來於僑生畢業前均輔導各校辦理應屆畢業僑生畢業聯誼活動，本資料集內容包含歷學年度參與活動人數。本資料集主要內容包括歷年大專畢業僑生參與畢業聯誼活動人數。","年度;人數;校數","僑務委員會","每1年","政府資料開放授權條款-第1版","https://oas.ocac.gov.tw/OCAC_openDATA/API/CSV_EXPORT?TableID=A0068588","免費","陳小姐","02-23272816","2017-12-07 00:00:00","2026-08-05 16:00:35","","11"
"84165","臺中市立特殊教育學校通訊資料","檔案資料","求學及進修","白金","CSV","https://newdatacenter.taichung.gov.tw/api/v1/no-auth/resource.download?rid=928ac070-68aa-4f42-beeb-031562920fe7","UTF-8","系統介接程式","臺中市立特殊教育學校通訊資料。","行政區域代碼;資源彙整機關;校名;連絡電話;傳真;地址;X坐標;Y坐標;設立別;教育階段;相關網址;備註;最後更新時間;機關代碼;電子郵件;縣市別代碼;郵遞區號","臺中市政府教育局","不定期更新","政府資料開放授權條款-第1版","","免費","李先生","22289111+54617","2018-05-28 12:00:00","2026-08-04 16:03:52","臺中市政府OAS標準之API說明文件:https://datacenter.taichung.gov.tw/swagger/yaml/387040000E ，Swagger 產生API說明頁面網址。https://datacenter.taichung.gov.tw/swagger/api-docs/","3"
"28589","軍警大專校院名錄","檔案資料","求學及進修","白金","CSV;JSON","https://stats.moe.gov.tw/files/opendata/school08_new.csv;https://stats.moe.gov.tw/files/opendata/school08_new.json","UTF-8;UTF-8","原始資料","本資料集係軍警大專校院通訊錄，內容包含學校級別、學校代碼、學校名稱、郵遞區號及地址資料。","學年度;學校級別;學校代碼;學校名稱;郵遞區號;地址;電話","教育部統計處","每1年","政府資料開放授權條款-第1版","","免費","蕭小姐","0277365749","2016-04-15 00:00:00","2026-08-03 15:30:45","更新頻率說明: 每學年度
授權說明網址: https://data.gov.tw/license","108;108"
"28588","空大及大專附設進修學校名錄","檔案資料","求學及進修","白金","CSV;JSON","https://stats.moe.gov.tw/files/opendata/u2_new.csv;https://stats.moe.gov.tw/files/opendata/u2_new.json","UTF-8;UTF-8","原始資料","全臺灣空大及大專附設進修學校通訊資料","學年度;代碼;學校名稱;公/私立;縣市名稱;地址;電話;網址","教育部統計處","每1年","政府資料開放授權條款-第1版","","免費","吳先生","0277366370","2016-04-15 00:00:00","2026-08-03 11:53:10","更新頻率說明: 每學年度(如遇下學期學校異動，則多更新一次)
授權說明網址: http://data.gov.tw/license","561;561"
"28586","宗教研修學院名錄","檔案資料","求學及進修","白金","CSV;JSON","https://stats.moe.gov.tw/files/opendata/u3_new.csv;https://stats.moe.gov.tw/files/opendata/u3_new.json","UTF-8;UTF-8","原始資料","全臺灣宗教研修學院通訊資料","學年度;代碼;學校名稱;公/私立;縣市名稱;地址;電話;網址","教育部統計處","每1年","政府資料開放授權條款-第1版","","免費","吳先生","0277366370","2016-04-15 00:00:00","2026-08-03 10:52:57","更新頻率說明: 每學年度(如遇下學期學校異動，則多更新一次)
授權說明網址: http://data.gov.tw/license","73;81"
"6091","大專校院名錄","檔案資料","求學及進修","無(白名單)","CSV;JSON","https://stats.moe.gov.tw/files/opendata/u1_new.csv;https://stats.moe.gov.tw/files/opendata/u1_new.json","UTF-8;UTF-8","原始資料","全臺灣大專校院通訊資料","學年度;代碼;學校名稱;公/私立;縣市名稱;地址;電話;網址;體系別","教育部統計處","每1年","政府資料開放授權條款-第1版","","免費","吳先生","0277366370","2014-08-01 00:00:00","2026-08-03 10:45:20","更新頻率說明: 每學年度(如遇下學期學校異動，則多更新一次)
授權說明網址: http://data.gov.tw/license","1000;1946"
"6112","各級學校及海青班在學僑生人數統計","檔案資料","求學及進修","無(白名單)","CSV","https://oas.ocac.gov.tw/OCAC_openDATA/API/CSV_EXPORT?TableID=A0006112","UTF-8","原始資料","所謂「僑生」係依據「僑生回國就學及輔導辦法」規定來臺就學者，而「港澳生」則依「香港澳門居民來臺就學辦法」規定辦理，以鼓勵港澳學生來臺升學；本資料集內容包含歷學年度公私立大學、國防醫學院、僑生先修部、專科學校、高國中、職業學校、國小及海青班等在學僑生人數等9大類資料。","學年度;總計;各級學校計;公私立大學;國防醫學院;僑生先修部;專科學校;高國中;職業學校;國小;各級補校;海青班","僑務委員會","每1年","政府資料開放授權條款-第1版","","免費","孫小姐","02-2327-2812","2013-04-03 00:00:00","2026-07-31 10:41:47","授權說明網址: http://data.gov.tw/license","19"
"55929","大專院校畢業僑生人數─按性別","檔案資料","求學及進修","白金","CSV","https://oas.ocac.gov.tw/OCAC_openDATA/API/CSV_EXPORT?TableID=A0055929","UTF-8","原始資料","本資料集主要內容包括歷年大專畢業僑生人數性別比例。","民國年;身分別;男;女;男女合計","僑務委員會","每1年","政府資料開放授權條款-第1版","","免費","孫小姐","02-23272812","2017-10-08 00:00:00","2026-07-30 17:10:58","","36"
"52278","僑生就讀大專院校男、女僑生人數及所占比例","檔案資料","求學及進修","白金","CSV","https://oas.ocac.gov.tw/OCAC_openDATA/API/CSV_EXPORT?TableID=A0052278","UTF-8","原始資料","僑生就讀之大專校院遍及全臺各地，本資料集內容包含歷學年度在學之男、女僑生人數及所占比例。","民國年;人;男生;男生比例;女生;女生比例","僑務委員會","每1年","政府資料開放授權條款-第1版","","免費","孫小姐","02-23272812","2017-08-22 00:00:00","2026-07-30 17:09:40","","14"
"48212","歷年補助僑生醫療急難及喪葬慰問金情形","檔案資料","求學及進修","白金","CSV","https://oas.ocac.gov.tw/OCAC_openDATA/API/CSV_EXPORT?TableID=A0048212","UTF-8","原始資料","本資料集主要內容包括歷年度補助僑生醫療急難及喪葬慰問金情形。","民國年;人;總計金額;馬來西亞僑生;港澳地區僑生;其它地區僑生","僑務委員會","每1年","政府資料開放授權條款-第1版","","免費","孫小姐","02-23272812","2017-07-17 00:00:00","2026-07-30 17:07:39","授權說明網址: http://data.gov.tw/license","16"
"9742","大專畢業僑生統計－按研習科別分","檔案資料","求學及進修","無(白名單)","CSV","https://oas.ocac.gov.tw/OCAC_openDATA/API/CSV_EXPORT?TableID=A0009742","UTF-8","原始資料","僑生就讀之大專校院遍及全臺各地；近學年度大專畢業者中，以藝術科人數最多，商科次之，再者為工科。","學年度;教育;藝術;文;商;法;理;醫;工;農;運輸通信;觀光及服務;大眾傳播;其他","僑務委員會","每1年","政府資料開放授權條款-第1版","","免費","孫小姐","02-23272812","2014-12-15 00:00:00","2026-07-30 17:06:07","授權說明網址: http://data.gov.tw/license","16"
"6294","大專院校畢業僑生人數","檔案資料","求學及進修","無(白名單)","CSV","https://oas.ocac.gov.tw/OCAC_openDATA/API/CSV_EXPORT?TableID=A0006294","UTF-8","原始資料","僑生就讀之大專院校遍及全臺各地；本資料集內容包括歷學年度來自各洲僑生在臺灣的大專院校畢業人數。","學年度;總計;亞洲;美洲;歐洲;大洋洲;非洲","僑務委員會","每1年","政府資料開放授權條款-第1版","","免費","孫小姐","02-23272812","2013-09-06 00:00:00","2026-07-30 17:04:11","授權說明網址: http://data.gov.tw/license","19"
"84058","臺中市公私立幼兒園基礎評鑑通過名單","檔案資料","求學及進修","白金","CSV","https://newdatacenter.taichung.gov.tw/api/v1/no-auth/resource.download?rid=b0547d8b-8498-4d18-8723-a6a92c6d7694","UTF-8","系統介接程式","臺中市公私立幼兒園基礎評鑑通過名單檔案","序號;縣市別代碼;受評日期;行政區;受評學校;評鑑結果","臺中市政府教育局","不定期更新","政府資料開放授權條款-第1版","","免費","謝明均","22289111+54405","2018-05-28 12:00:00","2026-07-29 14:18:44","臺中市政府OAS標準之API說明文件:https://datacenter.taichung.gov.tw/swagger/yaml/387040000E ，Swagger 產生API說明頁面網址。https://datacenter.taichung.gov.tw/swagger/api-docs/","78"
"85036","臺中市托育(保母)人員專業訓練課程(126小時自費班)","檔案資料","求學及進修","白金","CSV;XML;JSON","https://newdatacenter.taichung.gov.tw/api/v1/no-auth/resource.download?rid=5849f1cd-1903-4dab-92d4-fba841ee944a;https://newdatacenter.taichung.gov.tw/api/v1/no-auth/resource.download?rid=a8225569-e3bf-46a4-90b1-b2bab0d5eec1;https://newdatacenter.taichung.gov.tw/api/v1/no-auth/resource.download?rid=6a96aa54-7fa6-4484-8f3d-4912f17684c7","UTF-8;UTF-8;UTF-8","系統介接程式","提供本市托育(保母)人員專業訓練課程資料，實際開課訊息請依各辦訓單位資料為準，未盡事宜本局得隨時補充及更新訊息。
相關連結為https://www.society.taichung.gov.tw/735636/post","序號;班別名稱;辦理區域;上課地點_學科;上課地點_術科;訓練起日;訓練迄日;上課時間;訓練時數;訓練人數;報名期間;辦理單位及連絡電話","臺中市政府社會局","每6月","政府資料開放授權條款-第1版","","免費","周怡汝","22289111+37526","2018-05-04 03:00:00","2026-07-29 10:07:16","臺中市政府OAS標準之API說明文件:https://datacenter.taichung.gov.tw/swagger/yaml/387120000J，Swagger 產生API說明頁面網址。https://datacenter.taichung.gov.tw/swagger/api-docs/","28;28;28"
"46787","歷年海外青年技術訓練班報到入學人數統計－按地區別分","檔案資料","求學及進修","白金","CSV","https://oas.ocac.gov.tw/OCAC_openDATA/API/CSV_EXPORT?TableID=A0046787","UTF-8","原始資料","本會為培養海外華裔青年獲得實用知識與生產技能，發展農、工、商、家政事業，促進當地繁榮，特於民國52年創辦海外青年技術訓練班，招收高二肄業以上學生，施以為期2年之技術性課程訓練；本資料集內容包括第1至39期入學學生人數。","年度;期別;洲別;國家;人數","僑務委員會","不定期更新","政府資料開放授權條款-第1版","https://oas.ocac.gov.tw/OCAC_openDATA/API/CSV_EXPORT?TableID=A0046787","免費","張小姐","02-23272640","2017-07-03 00:00:00","2026-07-28 08:54:17","","1000"
"172893","新北市115學年度公立國中學區一覽表","檔案資料","求學及進修","白金","CSV","https://data.ntpc.gov.tw/api/datasets/3170b117-f14b-4675-8bd8-3406da91a888/csv/file","UTF-8","系統介接程式","115學年度公立國中學區一覽表","agency codes(機關代碼);sname(學校名稱(原資料));district(區別);areacode(地址-行政區域代碼);pzoon(基本學區);fzoon(自由學區);mark(備註)","新北市政府教育局","每1年","政府資料開放授權條款-第1版","","免費","柯汝璇","(02)29603456#2670","2025-02-17 00:00:00","2026-07-27 11:01:47","OpenAPI文件下載: https://data.ntpc.gov.tw/api/v1/openapi/units/1050000","81"
"106619","海外青年技術訓練班班畢業學生人數統計表","檔案資料","求學及進修","白金","CSV","https://oas.ocac.gov.tw/OCAC_openDATA/API/CSV_EXPORT?TableID=A0106619","UTF-8","原始資料","為培育海外華裔青年獲得實用農、工、商、家政事業等知識與生產技能，促進當地繁榮，僑務委員會特創辦海外青年技術訓練班，招收高二肄業以上學生，施以為期2年之技術性課程訓練；本資料提供海外青年技術訓練班畢業學生人數統計，內容包含年度、學校、科別、國家、性別及人數等原始資料。可提供研究者分析不同學校、科別、國家、性別等之趨勢。","年度;期別;學校;科別;國家;性別;人數","僑務委員會","不定期更新","政府資料開放授權條款-第1版",";","免費","張小姐","02-23272640","2019-08-06 00:00:00","2026-07-24 17:34:46","","1000"
"158117","臺北市民免費數位課程情形","檔案資料","求學及進修","白金","CSV","https://data.taipei/api/dataset/8cc19f6f-d5ab-4bfc-8cf7-ae46ccd4d228/resource/07fdc506-4811-43fe-99eb-90c9aaac9821/download","BIG5","系統介接程式","臺北市民免費數位課程各行政區辦理情形資料","年度;序號;行政區;上課地點;上課日期;上課時間;課程名稱;人數","臺北市政府資訊局","不定期更新","政府資料開放授權條款-第1版","","免費","張瓊恩","02-27208889#51425","2022-09-29 00:00:00","2026-07-24 10:53:45","因受疫情影響，110年5月起至111年8月課程暫停辦理。113年課程自3月辦理至10月。114年課程自4月辦理至10月。","1149"
"166494","臺北市YouBike區域互補站點","檔案資料","求學及進修","白金","CSV","https://data.taipei/api/dataset/fe8a0ddd-6f70-4e63-92a1-a3463c790a1b/resource/6d38ddf5-ae05-4dab-ac24-1e05f5841b01/download","UTF-8","系統介接程式","根據YouBike交易資料計算，互補人數越高代表某兩站越可以被視為共同提供服務。
具體來說，根據卡、借/還、上午/下午將某月交易切分多個子集，逐子集使用DBSCAN(200, 2)進行分群，最後統計A站與B站在多少張卡中被分為一群。
資料分析範圍為112年7月整。","times;stop_id1;longitude1（經度）;latitude1（緯度）;stop_id2;longitude2;latitude2","臺北市政府資訊局","不定期更新","政府資料開放授權條款-第1版","","免費","詹士民","02-27208889#51752","2023-11-17 00:00:00","2026-07-24 10:53:42","","3878"
"127111","高雄市新住民子女學生數","檔案資料","求學及進修","白金","JSON;CSV","https://openapi.kcg.gov.tw/Api/Service/Get/c06f9da6-0b20-4bca-b62a-e2aa9c06a110;https://data.kcg.gov.tw/File/directDownload/c06f9da6-0b20-4bca-b62a-e2aa9c06a110","UTF-8;UTF-8","系統介接程式","新住民子女學生數","Seq(Seq);年別(年別);女性新住民子女學生數(女性新住民子女學生數);男性新住民子女學生數(男性新住民子女學生數);女性新住民子女學生數國中百分比(女性新住民子女學生數國中百分比);男性新住民子女學生數國中百分比(男性新住民子女學生數國中百分比);女性新住民子女學生數國小百分比(女性新住民子女學生數國小百分比);男性新住民子女學生數國小百分比(男性新住民子女學生數國小百分比)","高雄市政府主計處","不定期更新","政府資料開放授權條款-第1版","https://data.kcg.gov.tw/DataSet/Detail/14933f27-3c78-4952-b468-751293f76117","免費","吳柏松","(07)3368333","2019-07-01 03:33:38","2026-07-24 10:01:15","","13;13"
"138223","高雄市大專校院環境相關科系(所)","檔案資料","求學及進修","白金","JSON;CSV","https://openapi.kcg.gov.tw/Api/Service/Get/34c58eb2-abf6-4280-8346-f65daae4d9a3;https://data.kcg.gov.tw/File/directDownload/34c58eb2-abf6-4280-8346-f65daae4d9a3","UTF-8;UTF-8","系統介接程式","大專校院環境相關科系(所)","Seq(Seq);年別(年別);女性大專校院環境相關科系所教師人數(女性大專校院環境相關科系所教師人數);男性大專校院環境相關科系所教師人數(男性大專校院環境相關科系所教師人數);女性大專校院環境相關科系所在學學生人數(女性大專校院環境相關科系所在學學生人數);男性大專校院環境相關科系所在學學生人數(男性大專校院環境相關科系所在學學生人數);女性大專校院環境相關科系所畢業學生人數(女性大專校院環境相關科系所畢業學生人數);男性大專校院環境相關科系所畢業學生人數(男性大專校院環境相關科系所畢業學生人數)","高雄市政府主計處","不定期更新","政府資料開放授權條款-第1版","https://data.kcg.gov.tw/DataSet/Detail/9d93b313-ec2f-41cc-83c5-09e31e3f6a31","免費","吳柏松","(07)3368333","2020-07-03 08:19:29","2026-07-24 10:00:06","","13;13"
"127116","高雄市社區大學學員數","檔案資料","求學及進修","白金","JSON;CSV","https://openapi.kcg.gov.tw/Api/Service/Get/6213fea5-3643-402b-89f3-9bd49a4e54ed;https://data.kcg.gov.tw/File/DirectDownload/6213fea5-3643-402b-89f3-9bd49a4e54ed","UTF-8;UTF-8","系統介接程式","社區大學學員數","Seq(Seq);年別(年別);女性社區大學學員數(女性社區大學學員數);男性社區大學學員數(男性社區大學學員數)","高雄市政府主計處","不定期更新","政府資料開放授權條款-第1版","https://data.kcg.gov.tw/DataSet/Detail/8fe8bfb4-db82-48c7-a667-baeb5dae71b1","免費","吳柏松","(07)3368333","2019-07-01 03:16:18","2026-07-24 09:03:45","","13;13"
"155818","高雄市高級中等學校校數及班級數","檔案資料","求學及進修","白金","JSON;CSV","https://openapi.kcg.gov.tw/Api/Service/Get/c97242d4-d5bb-43ed-8deb-716f84b83d82;https://data.kcg.gov.tw/File/DirectDownload/c97242d4-d5bb-43ed-8deb-716f84b83d82","UTF-8;UTF-8","系統介接程式","提供高雄市高級中等學校校數及班級數","Seq(Seq);學年別(學年別);校數(校數);班級數(班級數)","高雄市政府主計處","不定期更新","政府資料開放授權條款-第1版","https://data.kcg.gov.tw/DataSet/Detail/b635a872-0ae7-4ad5-8c4d-f128ec5189ae","免費","吳柏松","(07)3368333","2021-12-06 07:41:14","2026-07-24 08:54:35","","15;15"
"155817","高雄市國民中學校數及班級數","檔案資料","求學及進修","白金","JSON;CSV","https://openapi.kcg.gov.tw/Api/Service/Get/06aef081-f70b-46d0-a68c-c4aa5816ff32;https://data.kcg.gov.tw/File/DirectDownload/06aef081-f70b-46d0-a68c-c4aa5816ff32","UTF-8;UTF-8","系統介接程式","提供高雄市國民中學校數及班級數","Seq(Seq);學年別(學年別);校數(校數);班級數(班級數)","高雄市政府主計處","不定期更新","政府資料開放授權條款-第1版","https://data.kcg.gov.tw/DataSet/Detail/b3a941d3-d88a-41e5-95a2-46432d0c3a96","免費","吳柏松","(07)3368333","2021-12-06 07:42:41","2026-07-24 08:52:19","","15;15"
"6241","國民中小學進修部(補校)校別資料","檔案資料","求學及進修","無(白名單)","CSV;JSON","https://stats.moe.gov.tw/files/opendata/bases.csv;https://stats.moe.gov.tw/files/opendata/bases.json","UTF-8;UTF-8","原始資料","提供全國國民中小學進修部(補校)校別資料，包含班級數、學生數及上學年畢業生數等資訊。（因應《國民教育法》第九章自114年8月1日施行，114學年起國民中小學補習學校轉型為進修部。）","學年度;縣市代碼;縣市名稱;學校代碼;學校名稱;1年級班級數;2年級班級數;3年級班級數;1年級男學生數;1年級女學生數;2年級男學生數;2年級女學生數;3年級男學生數;3年級女學生數;上學年男畢業生;上學年女畢業生","教育部統計處","每1年","政府資料開放授權條款-第1版","","免費","林小姐","0277366372","2015-01-30 00:00:00","2026-07-24 08:50:22","更新頻率說明: 每學年度
授權說明網址: http://data.gov.tw/license","998;4851"
"155816","高雄市國民小學校數及班級數","檔案資料","求學及進修","白金","JSON;CSV","https://openapi.kcg.gov.tw/Api/Service/Get/8f59bc1e-ca6f-4eaa-b35c-54dd4fbc451f;https://data.kcg.gov.tw/File/DirectDownload/8f59bc1e-ca6f-4eaa-b35c-54dd4fbc451f","UTF-8;UTF-8","系統介接程式","提供高雄市國民小學校數及班級數","Seq(Seq);學年別(學年別);校數(校數);班級數(班級數)","高雄市政府主計處","不定期更新","政府資料開放授權條款-第1版","https://data.kcg.gov.tw/DataSet/Detail/31c0db76-ca1b-4d9d-a15a-ce71d48754ac","免費","吳柏松","(07)3368333","2021-12-06 07:43:58","2026-07-24 08:50:02","","15;15"
"155815","高雄市幼兒教育校數及班級數","檔案資料","求學及進修","白金","JSON;CSV","https://openapi.kcg.gov.tw/Api/Service/Get/0e156974-f61c-41bb-9c72-745eaf683a49;https://data.kcg.gov.tw/File/DirectDownload/0e156974-f61c-41bb-9c72-745eaf683a49","UTF-8;UTF-8","系統介接程式","提供高雄市幼兒教育校數及班級數","Seq(Seq);學年別(學年別);校數(校數);班級數(班級數)","高雄市政府主計處","不定期更新","政府資料開放授權條款-第1版","https://data.kcg.gov.tw/DataSet/Detail/bcc0a0e2-43d4-466c-875d-972308f0a7a8","免費","吳柏松","(07)3368333","2021-12-06 07:45:24","2026-07-24 08:23:29","","15;15"
"127115","高雄市年底高級中等以下學校家長會","檔案資料","求學及進修","白金","JSON;CSV","https://openapi.kcg.gov.tw/Api/Service/Get/39e152d4-5846-490b-82c2-51ffa08813fe;https://data.kcg.gov.tw/File/DirectDownload/39e152d4-5846-490b-82c2-51ffa08813fe","UTF-8;UTF-8","系統介接程式","年底高級中等以下學校家長會","Seq(Seq);年別(年別);女性年底高級中等以下學校家長會長人數(女性年底高級中等以下學校家長會長人數);男性年底高級中等以下學校家長會長人數(男性年底高級中等以下學校家長會長人數);女性年底高級中等以下學校家長代表大會人數(女性年底高級中等以下學校家長代表大會人數);男性年底高級中等以下學校家長代表大會人數(男性年底高級中等以下學校家長代表大會人數);女性年底高級中等以下學校家長會委員人數(女性年底高級中等以下學校家長會委員人數);男性年底高級中等以下學校家長會委員人數(男性年底高級中等以下學校家長會委員人數)","高雄市政府主計處","不定期更新","政府資料開放授權條款-第1版","https://data.kcg.gov.tw/DataSet/Detail/1081ef83-eea6-4a9c-8d44-c35d16ca0a07","免費","吳柏松","(07)3368333","2019-07-01 03:23:03","2026-07-24 08:18:54","","13;13"
"127114","高雄市原住民中輟生人數","檔案資料","求學及進修","白金","JSON;CSV","https://openapi.kcg.gov.tw/Api/Service/Get/17c2e3fa-a0ba-4bb2-b779-774d24d4dc22;https://data.kcg.gov.tw/File/DirectDownload/17c2e3fa-a0ba-4bb2-b779-774d24d4dc22","UTF-8;UTF-8","系統介接程式","原住民中輟生人數","Seq(Seq);年別(年別);女性國中原住民中輟生人數(女性國中原住民中輟生人數);男性國中原住民中輟生人數(男性國中原住民中輟生人數);女性國小原住民中輟生人數(女性國小原住民中輟生人數);男性國小原住民中輟生人數(男性國小原住民中輟生人數)","高雄市政府主計處","不定期更新","政府資料開放授權條款-第1版","https://data.kcg.gov.tw/DataSet/Detail/2aea681b-674f-4086-a718-9cd78da4079e","免費","吳柏松","(07)3368333","2019-07-01 03:23:37","2026-07-24 08:16:36","","12;12"
"127113","高雄市中途輟學學生人數","檔案資料","求學及進修","白金","JSON;CSV","https://openapi.kcg.gov.tw/Api/Service/Get/b89ed78b-c184-4df4-ac53-a73602009b11;https://data.kcg.gov.tw/File/DirectDownload/b89ed78b-c184-4df4-ac53-a73602009b11","UTF-8;UTF-8","系統介接程式","中途輟學學生人數","Seq(Seq);年別(年別);女性中途輟學學生人數(女性中途輟學學生人數);男性中途輟學學生人數(男性中途輟學學生人數);女性中途輟學學生人數國中百分比(女性中途輟學學生人數國中百分比);男性中途輟學學生人數國中百分比(男性中途輟學學生人數國中百分比);女性中途輟學學生人數國小百分比(女性中途輟學學生人數國小百分比);男性中途輟學學生人數國小百分比(男性中途輟學學生人數國小百分比)","高雄市政府主計處","不定期更新","政府資料開放授權條款-第1版","https://data.kcg.gov.tw/DataSet/Detail/2843217b-2692-43cc-8770-15ceff407d33","免費","吳柏松","(07)3368333","2019-07-01 03:24:17","2026-07-24 08:14:17","","12;12"
"127109","高雄市幼兒園幼生數","檔案資料","求學及進修","白金","JSON;CSV","https://openapi.kcg.gov.tw/Api/Service/Get/5ca5290d-9485-4ea5-898b-69b70adae93e;https://data.kcg.gov.tw/File/DirectDownload/5ca5290d-9485-4ea5-898b-69b70adae93e","UTF-8;UTF-8","系統介接程式","幼兒園幼生數","Seq(Seq);年別(年別);女性幼兒園幼生數(女性幼兒園幼生數);男性幼兒園幼生數(男性幼兒園幼生數)","高雄市政府主計處","不定期更新","政府資料開放授權條款-第1版","https://data.kcg.gov.tw/DataSet/Detail/e75bbc32-dd8a-4331-aaef-6d8cf994d07a","免費","吳柏松","(07)3368333","2019-07-01 03:35:27","2026-07-24 08:12:00","","13;13"
"127108","高雄市各級學校學生數","檔案資料","求學及進修","金","JSON;CSV","https://openapi.kcg.gov.tw/Api/Service/Get/2b0eacad-5f40-48f1-a310-1ee00f841845;https://data.kcg.gov.tw/File/DirectDownload/2b0eacad-5f40-48f1-a310-1ee00f841845","UTF-8;UTF-8","系統介接程式","各級學校學生數","Seq(Seq);年別(年別);女性(女性);男性(男性);女性大專院校(女性大專院校);男性大專院校(男性大專院校);女性高級中等學校(女性高級中等學校);男性高級中等學校(男性高級中等學校);女性高級中等學校普通科(女性高級中等學校普通科);男性高級中等學校普通科(男性高級中等學校普通科);女性高級中等學校綜合高中(女性高級中等學校綜合高中);男性高級中等學校綜合高中(男性高級中等學校綜合高中);女性高級中等學校專業群職業科(女性高級中等學校專業群職業科);男性高級中等學校專業群職業科(男性高級中等學校專業群職業科);女性高級中等學校實用技能學程(女性高級中等學校實用技能學程);男性高級中等學校實用技能學程(男性高級中等學校實用技能學程);女性高級中等學校進修部學校(女性高級中等學校進修部學校);男性高級中等學校進修部學校(男性高級中等學校進修部學校);女性特殊學校(女性特殊學校);男性特殊學校(男性特殊學校);女性特殊學校國中(女性特殊學校國中);男性特殊學校國中(男性特殊學校國中);女性特殊學校國小(女性特殊學校國小);男性特殊學校國小(男性特殊學校國小);女性特殊學校國中補校(女性特殊學校國中補校);男性特殊學校國中補校(男性特殊學校國中補校);女性特殊學校國小補校(女性特殊學校國小補校);男性特殊學校國小補校(男性特殊學校國小補校)","高雄市政府主計處","不定期更新","政府資料開放授權條款-第1版","https://data.kcg.gov.tw/DataSet/Detail/6a02fa74-2f2d-41b4-a88c-7c8230a2bf1d","免費","吳柏松","(07)3368333","2019-07-01 03:36:00","2026-07-24 08:09:43","","13;13"
"127107","高雄市幼兒園教保服務人員人數","檔案資料","求學及進修","白金","JSON;CSV","https://openapi.kcg.gov.tw/Api/Service/Get/c1c3c11a-399d-41c7-9f90-0b50cc45e391;https://data.kcg.gov.tw/File/DirectDownload/c1c3c11a-399d-41c7-9f90-0b50cc45e391","UTF-8;UTF-8","系統介接程式","幼兒園教保服務人員人數","Seq(Seq);年別(年別);女性幼兒園教保服務人員人數(女性幼兒園教保服務人員人數);男性幼兒園教保服務人員人數(男性幼兒園教保服務人員人數)","高雄市政府主計處","不定期更新","政府資料開放授權條款-第1版","https://data.kcg.gov.tw/DataSet/Detail/b0b9880b-d63d-48e2-9cee-56dbcd1feede","免費","吳柏松","(07)3368333","2019-07-01 03:42:03","2026-07-24 08:07:26","","13;13"
"159661","高雄市補習學校班級數","檔案資料","求學及進修","白金","JSON;CSV","https://openapi.kcg.gov.tw/Api/Service/Get/32a0f3d2-f23f-4333-a776-135e518bd861;https://data.kcg.gov.tw/File/DirectDownload/32a0f3d2-f23f-4333-a776-135e518bd861","UTF-8;UTF-8","系統介接程式","提供高雄市補習學校班級數資料","Seq(Seq);年度(年度);國小補校校數(國小補校校數);國中補校校數(國中補校校數);高級中等學校進修部校數(高級中等學校進修部校數);國小補校班級數(國小補校班級數);國中補校班級數(國中補校班級數);高級中等學校進修部班級數(高級中等學校進修部班級數)","高雄市政府主計處","不定期更新","政府資料開放授權條款-第1版","https://data.kcg.gov.tw/DataSet/Detail/d6676b26-e06e-4f6f-9af9-6271e72ae5d7","免費","吳柏松","(07)3368333","2022-11-09 09:11:10","2026-07-24 07:58:19","","9;9"
"28584","國民中小學進修部(補校)名錄","檔案資料","求學及進修","白金","CSV;JSON","https://stats.moe.gov.tw/files/opendata/s2_new.csv;https://stats.moe.gov.tw/files/opendata/s2_new.json","UTF-8;UTF-8","原始資料","提供全國國民中小學進修部(補校)名錄資料，包含地址、電話及網址等資訊。（因應《國民教育法》第九章自114年8月1日施行，114學年起國民中小學補習學校轉型為進修部。）","學年度;代碼;學校名稱;公/私立;縣市名稱;地址;電話;網址","教育部統計處","每1年","政府資料開放授權條款-第1版","","免費","林小姐","0277366372","2016-04-15 00:00:00","2026-07-23 18:30:15","更新頻率說明: 每學年度
授權說明網址: http://data.gov.tw/license","1000;4247"
"28582","偏遠地區國中小名錄","檔案資料","求學及進修","白金","CSV;CSV;JSON;JSON","https://stats.moe.gov.tw/files/opendata/faraway1.csv;https://stats.moe.gov.tw/files/opendata/faraway3.csv;https://stats.moe.gov.tw/files/opendata/faraway1.json;https://stats.moe.gov.tw/files/opendata/faraway3.json","UTF-8;UTF-8;UTF-8;UTF-8","原始資料","提供全國偏遠地區國民中小學名錄資料，包含地區屬性、地址、電話、網址、班級數、學生數、原住民學生比率及上學年畢業生數等資訊。","學年度;縣市名稱;鄉鎮市區;學生等級;學校代碼;學校名稱;公/私立;地區屬性;地址;電話;網址;班級數;男學生數[人];女學生數[人];原住民學生比率;上學年男畢業生數[人];上學年女畢業生數[人]","教育部統計處","每1年","政府資料開放授權條款-第1版","","免費","林小姐","0277366372","2016-04-15 00:00:00","2026-07-23 18:28:56","更新頻率說明: 每學年度
授權說明網址: http://data.gov.tw/license","1000;495;12337;495"
"31441","國民中小學進修部(補校)概況—按學校所在縣市別分","檔案資料","求學及進修","白金","CSV;JSON","https://stats.moe.gov.tw/files/opendata/edu_B_7_2.csv;https://stats.moe.gov.tw/files/opendata/edu_B_7_2.json","UTF-8;UTF-8","原始資料","提供全國依學校所在縣市別區分之國民中小學進修部(補校)概況資料，包含校數、班級數、學生數及上學年畢業生數等資訊。（因應《國民教育法》第九章自114年8月1日起施行，114學年起國民中小學補習學校轉型為進修部，並併入國民中小學體系，故校數不重複計算。）","學年度;縣市別;國小進修部(補校)校數;國中進修部(補校)校數;國小進修部(補校)班級數;國中進修部(補校)班級數;國小進修部(補校)學生數[人];國中進修部(補校)學生數[人];國小進修部(補校)上學年畢業生數[人];國中進修部(補校)上學年畢業生數[人]","教育部統計處","每1年","政府資料開放授權條款-第1版","","免費","林小姐","0277366372","2016-06-15 00:00:00","2026-07-23 18:11:22","更新頻率說明: 每學年度
授權說明網址: http://data.gov.tw/license","242;242"
"40121","各級學校縣市別學生人數","檔案資料","求學及進修","白金","CSV;JSON","https://stats.moe.gov.tw/files/opendata/edu_B_1_4.csv;https://stats.moe.gov.tw/files/opendata/edu_B_1_4.json","UTF-8;UTF-8","原始資料","提供全國各縣市各級學校學生人數資料，包含幼兒園、國小、國中、高級中等學校、大專校院、宗教研修學院、國中小進修部(補校)及大專進修學校及空大、特殊教育學校等資料。（因應《國民教育法》第九章自114年8月1日起施行，114學年起國民中小學補習學校轉型為進修部。）","學年度;縣市別;幼兒園[人];國小[人];國中[人];高級中等學校-普通科[人];高級中等學校-專業群科[人];高級中等學校-綜合高中[人];高級中等學校-實用技能學程[人];高級中等學校-進修部[人];大專校院(全部計入校本部)[人];大專校院(跨縣市教學計入所在地縣市)[人];宗教研修學院[人];國中小進修部(補校)及大專進修學校及空大[人];特殊教育學校[人]","教育部統計處","每1年","政府資料開放授權條款-第1版","","免費","林小姐","0277366372","2016-12-15 00:00:00","2026-07-23 18:07:30","更新頻率說明: 每學年度
授權說明網址: http://data.gov.tw/license","242;242"
"31442","國民中小學進修部(補校)概況—按設立別分","檔案資料","求學及進修","白金","CSV;JSON","https://stats.moe.gov.tw/files/opendata/edu_B_7_1.csv;https://stats.moe.gov.tw/files/opendata/edu_B_7_1.json","UTF-8;UTF-8","原始資料","提供全國依設立別區分之國民中小學進修部(補校)概況資料，包含校數、班級數、學生數及上學年畢業生數等資訊。（因應《國民教育法》第九章自114年8月1日施行，114學年起國民中小學補習學校轉型為進修部，並併入國民中小學體系，故校數不重複計算。）","學年度;項目別;國立小計;直轄市立小計;縣市立小計;私立小計","教育部統計處","每1年","政府資料開放授權條款-第1版","","免費","林小姐","0277366372","2016-06-15 00:00:00","2026-07-23 18:06:26","更新頻率說明: 每學年度
授權說明網址: http://data.gov.tw/license","262;262"
"40118","各級學校學生人數占年底人口比率","檔案資料","求學及進修","白金","CSV;JSON","https://stats.moe.gov.tw/files/opendata/edu_A_2_6.csv;https://stats.moe.gov.tw/files/opendata/edu_A_2_6.json","UTF-8;UTF-8","原始資料","提供全國各級學校學生人數占年底人口比率資料，包含「含幼兒園」及「不含幼兒園」兩類學生人數，以及高等教育學生人數，並依學年度計算其占年底人口比率。","學年度;各級學校學生人數(含幼兒園)總計;學生人數(含幼兒園)總計占年底人口千分比;各級學校學生人數(不含幼兒園)總計;學生人數(不含幼兒園)總計占年底人口千分比;高等教育學生人數;高等教育學生人數占年底人口千分比","教育部統計處","每1年","政府資料開放授權條款-第1版","","免費","林小姐","0277366372","2016-12-15 00:00:00","2026-07-23 18:02:33","更新頻率說明: 每學年度
授權說明網址: http://data.gov.tw/license","76;76"
"40119","國中小圖書館(室)概況","檔案資料","求學及進修","白金","CSV;JSON","https://stats.moe.gov.tw/files/opendata/edu_B_3_12.csv;https://stats.moe.gov.tw/files/opendata/edu_B_3_12.json","UTF-8;UTF-8","原始資料","提供全國公私立國民中小學圖書館概況資料，包含當學年圖書收藏冊數、圖書閱覽座位數，以及上學年圖書借閱人次及借閱冊次等資訊。","學年度;項目別;國民小學-公立小計;國民小學-私立小計;國民中學-公立小計;國民中學-私立小計","教育部統計處","每1年","政府資料開放授權條款-第1版","","免費","林小姐","0277366372","2016-12-15 00:00:00","2026-07-23 18:00:34","授權說明網址: http://data.gov.tw/license","132;132"
"7221","國軍退除役官兵輔導委員會輔導就學退除役官兵畢業人數統計","檔案資料","求學及進修","白金","CSV","https://www.vac.gov.tw/files/a0輔導就學退除役官兵畢業人數.csv","UTF-8","原始資料","本資料統計國軍退除役官兵於各學年度的各層次學歷畢業人數，涵蓋博士、碩士、大學、專科等不同類別，並區分榮民與第二類退除役官兵。可供教育政策制定者、軍事人事單位及研究者分析退除役官兵教育成效與需求，協助規劃資源分配與未來輔導方案。","學年度別;榮民博士人數;榮民碩士人數;榮民大學人數;榮民專科人數;第二類退除役官兵博士人數;第二類退除役官兵碩士人數;第二類退除役官兵大學人數;第二類退除役官兵專科人數","國軍退除役官兵輔導委員會","每1年","政府資料開放授權條款-第1版","","免費","李小姐","02-27571790","2013-12-17 00:00:00","2026-07-23 17:07:01","授權說明網址: http://data.gov.tw/license","17"
"11365","國軍退除役官兵輔導委員會就學輔導統計資訊","檔案資料","求學及進修","白金","CSV","https://www.vac.gov.tw/files/a2就學輔導統計資訊.csv","UTF-8","原始資料","提供榮民及第二類退除役官兵就學(專科至博士)輔導統計","民國年月;就讀博士榮民人數;就讀碩士榮民人數;就讀大學榮民人數;就讀專科榮民人數;就讀博士第二類退除役官兵人數;就讀碩士第二類退除役官兵人數;就讀大學第二類退除役官兵人數;就讀專科第二類退除役官兵人數","國軍退除役官兵輔導委員會","每6月","政府資料開放授權條款-第1版","","免費","李小姐","02-27571790","2015-02-10 00:00:00","2026-07-23 16:32:31","原資料集類型:其他
授權說明網址: http://data.gov.tw/license","129"
"31651","海外青年技術訓練班在學人數統計表","檔案資料","求學及進修","白金","CSV","https://oas.ocac.gov.tw/OCAC_openDATA/API/CSV_EXPORT?TableID=A0031651","UTF-8","原始資料","為培育海外華裔青年獲得實用農、工、商、家政事業等知識與生產技能，促進當地繁榮，僑務委員會特創辦海外青年技術訓練班，招收高二肄業以上學生，施以為期2年之技術性課程訓練；本資料提供海外青年技術訓練班在學人數統計，內容包含年度、期別、學校、科別、國家、性別及人數等原始資料。可提供研究者分析不同年度、期別、國家等之趨勢。","年度;期別;學校;科別;國家;性別;人數","僑務委員會","不定期更新","政府資料開放授權條款-第1版","","免費","張小姐","02-23272640","2016-05-27 00:00:00","2026-07-23 15:58:56","","1000"
"177892","各級學校經費支出－按學年分","檔案資料","求學及進修","白金","CSV;JSON","https://stats.moe.gov.tw/files/opendata/edu_A_3_3.csv;https://stats.moe.gov.tw/files/opendata/edu_A_3_3.json","UTF-8;UTF-8","原始資料","提供102學年至113學年全國各幼兒園、國民中小學、高級中等學校、專科學校、大學及學院、進修學校及特教學校，學年內學校預算經費支出金額等資料統計結果。","學年度;幼兒園[新臺幣千元];國民中小學[新臺幣千元];高級中等學校[新臺幣千元];專科學校[新臺幣千元];大學及學院[新臺幣千元];進修學校[新臺幣千元];特教學校[新臺幣千元]","教育部統計處","每1年","政府資料開放授權條款-第1版","","免費","林小姐","02-77366373","2026-07-01 00:00:00","2026-07-23 14:21:02","授權說明網址: http://data.gov.tw/license","12;12"
"33506","中等以下各級學校僑生、港澳生及畢業生人數—按性別、校別與僑居地別分","檔案資料","求學及進修","白金","CSV;JSON","https://stats.moe.gov.tw/files/opendata/oversea_B1-2.csv;https://stats.moe.gov.tw/files/opendata/oversea_B1-2.json","UTF-8;UTF-8","原始資料","本資料係以每年9月30日為資料標準日，統計全臺灣各高級中等以下學校學年內依學校代碼與名稱、等級別、僑居地、性別、新舊生之僑生、港澳生之學生數及上學年畢業生數。","學年度;學校代碼及名稱;等級;僑居地;僑生及港澳生男[人];僑生及港澳生女[人];上學年度僑生及港澳生畢業生人數男[人];上學年度僑生及港澳生畢業生人數女[人]","教育部統計處","每1年","政府資料開放授權條款-第1版","","免費","程先生","0277366374","2016-08-15 00:00:00","2026-07-23 11:30:24","更新頻率說明: 每學年度
授權說明網址: http://data.gov.tw/license","1000;6544"
"33507","中等以下各級學校僑生、港澳生及畢業生人數—按等級別與縣市別分","檔案資料","求學及進修","白金","CSV;JSON","https://stats.moe.gov.tw/files/opendata/oversea_APP5.csv;https://stats.moe.gov.tw/files/opendata/oversea_APP5.json","UTF-8;UTF-8","原始資料","本資料係以每年9月30日為資料標準日，統計全臺灣各高級中等以下學校學年內依縣市名稱、教育階段之僑生、港澳生之學生數及上學年畢業生數。","學年度;縣市別;國小僑生及港澳學生數;國小僑生及港澳畢業生數;國中僑生及港澳學生數;國中僑生及港澳畢業生數;高級中等學校僑生及港澳學生數;高級中等學校僑生及港澳畢業生數","教育部統計處","每1年","政府資料開放授權條款-第1版","","免費","程先生","0277366374","2016-08-15 00:00:00","2026-07-23 11:19:21","更新頻率說明: 每學年度
授權說明網址: http://data.gov.tw/license","242;242"
"33517","高級中等學校原住民學生及畢業生人數—按年級別與校別分","檔案資料","求學及進修","白金","CSV;JSON","https://stats.moe.gov.tw/files/opendata/indigenous_B1-7.csv;https://stats.moe.gov.tw/files/opendata/indigenous_B1-7.json","UTF-8;UTF-8","原始資料","本資料係以每年9月30日為資料標準日，統計全臺灣各高級中等學校學年內依學校代碼、學校名稱、年級別之原住民學生及上學年畢業生人數。","學年度;學校代碼;學校名稱;高級中等學校原住民一年級學生數;高級中等學校原住民二年級學生數;高級中等學校原住民三年級學生數;高級中等學校原住民四年級學生數;高級中等學校原住民延修生學生數;高級中等學校上學年度原住民畢業生人數","教育部統計處","每1年","政府資料開放授權條款-第1版","","免費","程先生","0277366374","2016-08-15 00:00:00","2026-07-23 11:14:42","更新頻率說明: 每學年度
授權說明網址: http://data.gov.tw/license","1000;5488"
"177315","各級學校學生懷孕事件統計","檔案資料","求學及進修","白金","CSV;JSON","https://stats.moe.gov.tw/files/opendata/121-1.csv;https://stats.moe.gov.tw/files/opendata/121-1.json","UTF-8;UTF-8","原始資料","提供各級學校學生懷孕事件統計，包含國中小、高級中等學校及大專校院之資料。","學年度;大專校院[人];高級中等學校[人];國中小[人]","教育部統計處","每1年","政府資料開放授權條款-第1版","","免費","林效荷","02-77366372","2026-03-30 00:00:00","2026-07-23 11:12:47","更新頻率說明: 每學年度
授權說明網址: http://data.gov.tw/license","5;5"
"6237","空大及大專進修學校概況","檔案資料","求學及進修","無(白名單)","CSV;CSV;JSON;JSON","https://stats.moe.gov.tw/files/opendata/highera1.csv;https://stats.moe.gov.tw/files/opendata/highera2.csv;https://stats.moe.gov.tw/files/opendata/highera1.json;https://stats.moe.gov.tw/files/opendata/highera2.json","UTF-8;UTF-8;UTF-8;UTF-8","原始資料","本資料集分為「學校概況」及「學生及畢業生人數」兩表，係以每年10月15日為資料基準日，統計全國各空大暨大專進修學校統計結果，「學校概況」提供專任教師數、兼任教師數、助教數、職員數、學生數及上學年畢業生數；「學生及畢業生人數」提供年級別學生數及上學年度畢業生資料。","學年度;學校代碼;學校名稱;專任教師(不含助教)男;專任教師(不含助教)女;兼任教師男;兼任教師女;助教男;助教女;職員男;職員女;二專學生數;二技(大學)學生數;二專上學年畢業生數;二技(大學)上學年畢業生數","教育部統計處","每1年","政府資料開放授權條款-第1版","","免費","蕭小姐","0277365749","2015-01-30 00:00:00","2026-07-23 10:58:14","更新頻率說明: 每學年度
授權說明網址: https://data.gov.tw/license","567;602;567;602"
"33516","高級中等學校原住民學生及畢業生人數—按年級別、等級別與性別分","檔案資料","求學及進修","白金","CSV;JSON","https://stats.moe.gov.tw/files/opendata/indigenous_B1-6.csv;https://stats.moe.gov.tw/files/opendata/indigenous_B1-6.json","UTF-8;UTF-8","原始資料","本資料係以每年9月30日為資料標準日，統計全臺灣各高級中等學校學年內依學校類別、性別、年級別之原住民學生及上學年畢業生人數。","學年度;學校類別;性別;一年級學生數;二年級學生數;三年級學生數;四年級學生數;延修生學生數;上學年度畢業生人數","教育部統計處","每1年","政府資料開放授權條款-第1版","","免費","程先生","0277366374","2016-08-15 00:00:00","2026-07-23 10:44:06","更新頻率說明: 每學年度
授權說明網址: http://data.gov.tw/license","110;110"
"6288","大專校院圖書館統計","檔案資料","求學及進修","無(白名單)","CSV;CSV;JSON;JSON","https://stats.moe.gov.tw/files/opendata/library1.csv;https://stats.moe.gov.tw/files/opendata/library2.csv;https://stats.moe.gov.tw/files/opendata/library1.json;https://stats.moe.gov.tw/files/opendata/library2.json","UTF-8;UTF-8;UTF-8;UTF-8","原始資料","本資料集分為「彙整資料」及「校別資料」兩表，係以每年10月15日為資料基準日，統計全國各大專校院圖書館概況統計結果，提供學校依設立別、學校級別及校別分之中(外)文圖書收藏冊數、期刊合訂本、線上資料庫、電子期刊、電子書、視聽資料、圖書館閱覽座位數、全年圖書借閱人次及借閱冊次與線上及光碟資料庫檢索人次資料。","學年度;項目;公立大學及獨立學院;私立大學及獨立學院;公立專科學校;私立專科學校","教育部統計處","每1年","政府資料開放授權條款-第1版","","免費","蕭小姐","0277365749","2015-01-30 00:00:00","2026-07-23 10:34:10","更新頻率說明: 每學年度
授權說明網址: https://data.gov.tw/license","180;1000;180;1812"
"124990","新北市公私立立案幼兒園資料","檔案資料","求學及進修","白金","CSV","https://data.ntpc.gov.tw/api/datasets/f563b4cd-b850-41f5-9709-b910f2d147e9/csv/file","UTF-8","系統介接程式","由本市幼兒教育資源網所提供之公私立立案幼兒園資料","type(編號);district(行政區);areacode(地址-行政區域代碼);title(幼兒園名稱);tel(幼兒園電話);zipcode(郵遞區號);address(幼兒園住址)","新北市政府教育局","不定期更新","政府資料開放授權條款-第1版","","免費","林小姐","(02)29603456 #2896","2015-12-07 00:00:00","2026-07-23 09:45:34","OpenAPI文件下載: https://data.ntpc.gov.tw/api/v1/openapi/units/1050000","1111"
"31450","特殊教育學校概況","檔案資料","求學及進修","白金","CSV;JSON;CSV;JSON","https://stats.moe.gov.tw/files/opendata/104_108edu_B_6_2.csv;https://stats.moe.gov.tw/files/opendata/104_108edu_B_6_2.json;https://stats.moe.gov.tw/files/opendata/109_114edu_B_6_2.csv;https://stats.moe.gov.tw/files/opendata/109_114edu_B_6_2.json","UTF-8;UTF-8;UTF-8;UTF-8","原始資料","全國按設立別分之國立、直轄市立、私立特殊教育學校概況資料，其中包含校數、教師數、職員數、年級別班級數、畢業生數及年級別學生數。","學年度;項目別;國立啟智學校小計;國立啟聰學校小計;國立啟明學校小計;國立特教學校小計;直轄市立啟智學校小計;直轄市立啟聰學校小計;直轄市立啟明學校小計;直轄市立特教學校小計;私立啟明學校小計","教育部統計處","每1年","政府資料開放授權條款-第1版","","免費","鄭先生","02-77365760","2016-06-15 00:00:00","2026-07-23 09:32:32","更新頻率說明: 每學年度
授權說明網址: http://data.gov.tw/license","305;305;300;300"
"31451","特殊教育概況","檔案資料","求學及進修","白金","CSV;JSON;CSV;JSON","https://stats.moe.gov.tw/files/opendata/104_108edu_B_6_1.csv;https://stats.moe.gov.tw/files/opendata/104_108edu_B_6_1.json;https://stats.moe.gov.tw/files/opendata/109_114edu_B_6_1.csv;https://stats.moe.gov.tw/files/opendata/109_114edu_B_6_1.json","UTF-8;UTF-8;UTF-8;UTF-8","原始資料","全國按特教學校不分類、一般學校附設特殊教育班身心障礙類及一般學校附設特殊教育班資賦優異類區分之特殊教育概況資料，其中包含校數、教師數、職員數、班級數、學生數及畢業生數。","學年度;項目別;特教學校啟智學校小計;特教學校啟聰學校小計;特教學校啟明學校小計;特教學校不分類小計;一般學校附設特殊教育班身心障礙類小計;一般學校附設特殊教育班資賦優異類小計","教育部統計處","每1年","政府資料開放授權條款-第1版","","免費","鄭先生","02-77365760","2016-06-15 00:00:00","2026-07-23 09:30:13","更新頻率說明: 每學年度
授權說明網址: http://data.gov.tw/license","115;115;138;138"
"46320","新住民子女就讀幼兒園及國中小學生人數","檔案資料","求學及進修","白金","CSV;JSON","https://stats.moe.gov.tw/files/opendata/104_114edu_A_1_9.csv;https://stats.moe.gov.tw/files/opendata/104_114edu_A_1_9.json","UTF-8;UTF-8","原始資料","1.全國按國籍別、縣市別及性別分之新住民子女就讀幼兒園及國中小學生人數資料。
2.新住民子女係指設籍本國之在學學生其生父或生母一方為外國人、無國籍人、大陸地區人民及香港、澳門居民等新住民者，若已入本國籍，或已死亡、失蹤、離婚，仍應計列；另父母雙方均為外國籍者視為外國籍學生不計列。
","學年度;國籍別/縣市別;幼兒園男小計;幼兒園女小計;國小男小計;國小女小計;國中男小計;國中女小計","教育部統計處","每1年","政府資料開放授權條款-第1版","","免費","鄭先生","02-77365760","2017-06-15 00:00:00","2026-07-23 09:04:43","更新頻率說明: 每學年度
授權說明網址: http://data.gov.tw/license","396;396"
"6234","大專院校校別班級數","檔案資料","求學及進修","無(白名單)","CSV","https://stats.moe.gov.tw/files/detail/101/101_class.csv","UTF-8","原始資料","本資料集係以每年10月15日為資料基準日，統計全國各大專校院依日夜別、等級別、年級別、縣市別及體系別分之班級數資料。","學校代碼;學校名稱;日夜別;等級別;一年級;二年級;三年級;四年級;五年級;六年級;七年級;縣市名稱;體系別","教育部統計處","不定期更新","政府資料開放授權條款-第1版","","免費","蕭小姐","02-7736-5749","2013-08-01 00:00:00","2026-07-22 15:37:45","102學年起停止編布
授權說明網址: https://data.gov.tw/license","875"
"178138","國家教育研究院電子報","檔案資料","求學及進修","白金","JSON","https://opendata.naer.edu.tw/國家教育研究院電子報.json","UTF-8","原始資料","本資料集彙整國家教育研究院所發行的電子報全文與發佈時間，涵蓋教育研究成果、政策說明與最新教學資訊。使用者可透過分析郵件內容掌握教育趨勢、比較歷年議題變化，或作為教學與政策制定的參考依據。同時支援自然語言處理與時間序列分析，協助學者與決策者快速萃取關鍵資訊。","序號;年度;出刊日;期數;標題;連結","國家教育研究院","不定期更新","政府資料開放授權條款-第1版","","免費","馬小姐","02-77407877","2026-07-20 00:00:00","2026-07-22 09:14:28","","3784"
"130055","臺南市政府教育局公布違反幼兒教育及照顧法暨教保服務人員條例之名單","檔案資料","求學及進修","白金","JSON","https://soa.tainan.gov.tw/Api/Service/Get/9de766f4-0093-49f7-acac-e28402aeb08f","UTF-8","系統介接程式","提供臺南市政府教育局公布違反幼兒教育及照顧法暨教保服務人員條例之名單","違規事項;發文字號;性質;裁罰依據;負責人、\n行為人姓名;發文日期;序號;行政區;處分內容;機構名稱","臺南市政府教育局","不定期更新","政府資料開放授權條款-第1版","https://data.tainan.gov.tw/DataSet/Detail/8d814cc8-1513-43c4-9d19-cc828913c8e2","免費","辛龍香","(06)2991111","2020-09-11 07:24:47","2026-07-20 16:42:40","資料更新日期：113年10月30日      一、	依幼兒教育及照顧法(下稱幼照法)第50條、第58條第2項及教保服務人員條例(下稱本條例)第40條、第46條第2項規定，公布行為人之姓名及教保服務機構之名稱。 二、	依幼照法第51條第2項規定，公布場所地址及負責人或行為人之姓名。 三、	依幼照法第61條第2項及本條例第49條第2項規定，公布教保服務機構名稱及負責人姓名。 四、	依教育部112年3月1日台教授國部字第1120016376A號公告幼兒教育及照顧法與教保服務人員條例公布負責人行為人機構名稱及場址之公布期間。","0"
"124085","非營利幼兒園名錄","檔案資料","求學及進修","白金","CSV","https://data.ntpc.gov.tw/api/datasets/b03e4670-b49c-44d9-9aff-8d549b6b964e/csv/file","UTF-8","系統介接程式","非營利幼兒園名錄。","no(編號);district(行政區);areacode(地址-行政區域代碼);name(幼兒園名稱);tel(幼兒園電話);zipcode(郵遞區號);address(幼兒園住址)","新北市政府教育局","不定期更新","政府資料開放授權條款-第1版","","免費","林宜蓁","(02)29603456#2896","2018-12-04 00:00:00","2026-07-20 09:19:03","OpenAPI文件下載: https://data.ntpc.gov.tw/api/v1/openapi/units/1050000","44"
"125387","公立幼兒園名錄","檔案資料","求學及進修","白金","CSV","https://data.ntpc.gov.tw/api/datasets/fe53260e-c279-44eb-a1ec-4f17a1db8753/csv/file","UTF-8","系統介接程式","公立幼兒園名錄。","no(編號);areacode(行政區域代碼);name(幼兒園名稱);tel(幼兒園電話);zipcode(郵遞區號);address(幼兒園住址)","新北市政府教育局","不定期更新","政府資料開放授權條款-第1版","","免費","林宜蓁","(02)29603456#2896","2018-12-04 00:00:00","2026-07-20 09:18:33","OpenAPI文件下載: https://data.ntpc.gov.tw/api/v1/openapi/units/1050000","282"
"103755","臺南市樂齡學習中心","檔案資料","求學及進修","白金","JSON;CSV;JSON;CSV;JSON;CSV","https://soa.tainan.gov.tw/Api/Service/Get/aef4b523-e73e-4105-b388-04d5702dc748;https://data.tainan.gov.tw/File/ResourceCsvDownload/aef4b523-e73e-4105-b388-04d5702dc748;https://soa.tainan.gov.tw/Api/Service/Get/0b1d5aec-30bf-4d2b-95a2-163fdf20a93c;https://data.tainan.gov.tw/File/ResourceCsvDownload/0b1d5aec-30bf-4d2b-95a2-163fdf20a93c;https://soa.tainan.gov.tw/Api/Service/Get/af08150c-983d-4c48-b104-ffc36fc39173;https://data.tainan.gov.tw/File/ResourceCsvDownload/af08150c-983d-4c48-b104-ffc36fc39173","UTF-8;UTF-8;UTF-8;UTF-8;UTF-8;UTF-8","系統介接程式","承辦單位、名稱、連絡電話、地址","名稱;承辦單位;連絡電話[市話];CountyCode;AreaCode;地址","臺南市政府教育局","不定期更新","政府資料開放授權條款-第1版","https://data.tainan.gov.tw/DataSet/Detail/1539d263-6826-4671-8840-c7f99c75c914","免費","辛龍香","(06)2991111","2019-06-04 01:39:50","2026-07-16 14:44:13","","1;1;0;0;0;0"
"157660","臺北天文館舉辦天文知能檢定之試題及解答","檔案資料","求學及進修","白金","CSV","https://data.taipei/api/dataset/74a0f17b-af34-43f2-b370-0eede5402c90/resource/1b857c71-14b6-42fd-add6-ae971df86157/download","BIG5","系統介接程式","天文知能檢定－天文知識考題附答案","題目編號;題目;答題選項1;答題選項2;答題選項3;答題選項4;答案編號;機關代碼","臺北市立天文科學教育館","不定期更新","政府資料開放授權條款-第1版","","免費","朱技佐","02-28314551#302","2022-05-16 00:00:00","2026-07-14 11:52:43","",""
"40116","中等以下學校僑生人數","檔案資料","求學及進修","白金","CSV;JSON","https://stats.moe.gov.tw/files/opendata/edu_B_4_19.csv;https://stats.moe.gov.tw/files/opendata/edu_B_4_19.json","UTF-8;UTF-8","原始資料","本資料係以每年9月30日為資料標準日，統計全臺灣各高級中等以下學校學年內依國別、等級別、設立別之僑生人數。","學年度;國別;國小公立合計;國小私立合計;國中公立合計;國中私立合計;高級中等學校公立合計;高級中等學校私立合計","教育部統計處","每1年","政府資料開放授權條款-第1版","","免費","程先生","0277366374","2016-12-15 00:00:00","2026-07-13 17:30:21","更新頻率說明: 每學年度
授權說明網址: http://data.gov.tw/license","351;351"
"9617","高級中等學校科別資料","檔案資料","求學及進修","無(白名單)","CSV;JSON","https://stats.moe.gov.tw/files/opendata/base2.csv;https://stats.moe.gov.tw/files/opendata/base2.json","UTF-8;UTF-8","原始資料","1.本資料以每年9月30日為資料標準日，統計全臺灣各高級中等學校學年內依縣市代碼、縣市名稱、學校代碼、學校名稱、等級別、等級名稱、日夜別、群別代碼、群別名稱、科系代碼、科系名稱、年級別、性別之在學學生數及上學年畢業生數。
2.在學學生包含本國籍學生、僑生、外國學生與陸生；不包含休退學生或無學籍學生。","學年度;縣市代碼;縣市名稱;學校代碼;學校名稱;等級別;等級名稱;日夜別;日夜別名稱;群別代碼;群別名稱;科系代碼;科系名稱;一年級班級數;二年級班級數;三年級班級數;四年級班級數;一年級男學生數;一年級女學生數;二年級男學生數;二年級女學生數;三年級男學生數;三年級女學生數;四年級男學生數;四年級女學生數;延修生男學生數;延修生女學生數;上學年畢業生數男;上學年畢業生數女","教育部統計處","每1年","政府資料開放授權條款-第1版","","免費","程先生","0277366374","2015-01-30 00:00:00","2026-07-13 17:19:59","更新頻率說明: 每學年度
授權說明網址: http://data.gov.tw/license","1000;45837"
"171462","臺南市學習資源網","檔案資料","求學及進修","白金","JSON","https://soa.tainan.gov.tw/Api/Service/Get/cb63306c-a1d1-44ea-aeb7-d0ea7adf13dd","UTF-8","系統介接程式","本資料集提供學習資源網資料 學習資源網JSON  參數說明 五個參數為ResourceTypeID(1為教案， 2為教材，3為著作)，AreaID(領域代碼)，Keyword(關鍵字)，PageSize(每頁筆數)，PageIndex(第幾頁)","ResourceID","臺南市政府教育局","不定期更新","政府資料開放授權條款-第1版","https://data.tainan.gov.tw/DataSet/Detail/704c0741-038b-44df-9e18-e5b351b20262","免費","辛龍香","(06)2991111","2024-11-12 12:01:34","2026-07-10 11:44:55","","0"
"161602","臺北市終身學習教育資源辦理情形","檔案資料","求學及進修","白金","CSV","https://data.taipei/api/dataset/7b451e4e-969c-460f-85b1-5ceac69affec/resource/785e563c-a2e9-461e-87bd-7028242ba726/download","UTF-8","系統介接程式","103至114年臺北市終身學習教育資源辦理情形","年;社區大學課程班次;社區大學學員人數;樂齡學習中心辦理場次;樂齡學習中心參加人次;樂齡學堂辦理場次;樂齡學堂參加人次","臺北市政府教育局","每1年","政府資料開放授權條款-第1版","","免費","許伃萱","02-27208889#1243","2023-04-11 00:00:00","2026-07-08 09:07:37","",""
"103023","文化部高等教育推廣教育中心名錄","檔案資料","求學及進修","金","JSON","https://www.moc.gov.tw/OpenData.aspx?SN=502862C4E7007BBF","UTF-8","系統介接程式","文化部調查之高等教育推廣教育中心名錄(高等教育文化人才培訓單位名錄)","ArticleType(文章類型);FileName(附件模式檔案下載連結);Link(連結模式連結);Source(圖文模式頁面網址);title(標題);相關檔案(相關檔案);點擊數(點擊數)","文化部","每1年","政府資料開放授權條款-第1版","https://www.moc.gov.tw","免費","謝采潔 小姐","02-85126766","2019-06-05 00:00:00","2026-07-06 17:00:15","","1"
"152468","臺南市國民小學原住民學生數","檔案資料","求學及進修","白金","JSON;CSV;JSON;CSV;JSON;CSV;JSON;CSV;JSON;CSV;JSON;CSV;JSON;CSV;JSON;CSV;JSON;CSV;JSON;CSV;JSON;CSV;JSON;CSV;JSON;CSV;JSON;CSV;JSON;CSV;JSON;CSV;JSON;CSV;JSON;CSV;JSON;CSV;JSON;CSV;JSON;CSV;JSON;CSV;JSON;CSV","https://soa.tainan.gov.tw/Api/Service/Get/b39c22f2-28d7-4860-b8ca-0570d7f6636a;https://data.tainan.gov.tw/File/ResourceCsvDownload/b39c22f2-28d7-4860-b8ca-0570d7f6636a;https://soa.tainan.gov.tw/Api/Service/Get/1ca05065-0ced-4cea-8d93-08a8cfe19e33;https://data.tainan.gov.tw/File/ResourceCsvDownload/1ca05065-0ced-4cea-8d93-08a8cfe19e33;https://soa.tainan.gov.tw/Api/Service/Get/9fa25828-6f66-4da6-b13d-12a77aa8dfd2;https://data.tainan.gov.tw/File/ResourceCsvDownload/9fa25828-6f66-4da6-b13d-12a77aa8dfd2;https://soa.tainan.gov.tw/Api/Service/Get/77d5dfc7-5fe2-4186-8a36-4285b4595b62;https://data.tainan.gov.tw/File/ResourceCsvDownload/77d5dfc7-5fe2-4186-8a36-4285b4595b62;https://soa.tainan.gov.tw/Api/Service/Get/ee5ed5b5-3078-440d-ba76-4d1348e16ae2;https://data.tainan.gov.tw/File/ResourceCsvDownload/ee5ed5b5-3078-440d-ba76-4d1348e16ae2;https://soa.tainan.gov.tw/Api/Service/Get/d6026755-36a3-4795-8435-51beca3a7129;https://data.tainan.gov.tw/File/ResourceCsvDownload/d6026755-36a3-4795-8435-51beca3a7129;https://soa.tainan.gov.tw/Api/Service/Get/ac767965-870c-4b50-a59e-665640bd1be2;https://data.tainan.gov.tw/File/ResourceCsvDownload/ac767965-870c-4b50-a59e-665640bd1be2;https://soa.tainan.gov.tw/Api/Service/Get/58965692-afd2-48da-869c-73d58d752a0c;https://data.tainan.gov.tw/File/ResourceCsvDownload/58965692-afd2-48da-869c-73d58d752a0c;https://soa.tainan.gov.tw/Api/Service/Get/4ef8d41a-8cfb-4d74-badd-790bc6f2ad68;https://data.tainan.gov.tw/File/ResourceCsvDownload/4ef8d41a-8cfb-4d74-badd-790bc6f2ad68;https://soa.tainan.gov.tw/Api/Service/Get/daedd718-1c6a-4034-a88f-7cc7512d7c88;https://data.tainan.gov.tw/File/ResourceCsvDownload/daedd718-1c6a-4034-a88f-7cc7512d7c88;https://soa.tainan.gov.tw/Api/Service/Get/50a9c8ca-2204-41a2-91f8-954c97bd3206;https://data.tainan.gov.tw/File/ResourceCsvDownload/50a9c8ca-2204-41a2-91f8-954c97bd3206;https://soa.tainan.gov.tw/Api/Service/Get/650b3460-fb37-4ec4-8815-9b0e572d8b4c;https://data.tainan.gov.tw/File/ResourceCsvDownload/650b3460-fb37-4ec4-8815-9b0e572d8b4c;https://soa.tainan.gov.tw/Api/Service/Get/8f31ce7c-67f0-45c6-ad75-a794b15ed78b;https://data.tainan.gov.tw/File/ResourceCsvDownload/8f31ce7c-67f0-45c6-ad75-a794b15ed78b;https://soa.tainan.gov.tw/Api/Service/Get/496192bf-e422-4ba8-a975-a9a0f9b5bd74;https://data.tainan.gov.tw/File/ResourceCsvDownload/496192bf-e422-4ba8-a975-a9a0f9b5bd74;https://soa.tainan.gov.tw/Api/Service/Get/428d79c2-576b-4bbf-8c3d-ad089dd1957c;https://data.tainan.gov.tw/File/ResourceCsvDownload/428d79c2-576b-4bbf-8c3d-ad089dd1957c;https://soa.tainan.gov.tw/Api/Service/Get/2cd3ab69-56fc-4ea5-85e8-b0a020f78e42;https://data.tainan.gov.tw/File/ResourceCsvDownload/2cd3ab69-56fc-4ea5-85e8-b0a020f78e42;https://soa.tainan.gov.tw/Api/Service/Get/d10d1e00-8834-4a25-844a-b1b2062e60cc;https://data.tainan.gov.tw/File/ResourceCsvDownload/d10d1e00-8834-4a25-844a-b1b2062e60cc;https://soa.tainan.gov.tw/Api/Service/Get/8e1d9874-f826-4df6-bab5-bf09bf6e162b;https://data.tainan.gov.tw/File/ResourceCsvDownload/8e1d9874-f826-4df6-bab5-bf09bf6e162b;https://soa.tainan.gov.tw/Api/Service/Get/1e76e50d-33fa-427a-a8de-c067b98f4e27;https://data.tainan.gov.tw/File/ResourceCsvDownload/1e76e50d-33fa-427a-a8de-c067b98f4e27;https://soa.tainan.gov.tw/Api/Service/Get/23b8d1ad-9567-4241-96dc-c0e4adc2bfb8;https://data.tainan.gov.tw/File/ResourceCsvDownload/23b8d1ad-9567-4241-96dc-c0e4adc2bfb8;https://soa.tainan.gov.tw/Api/Service/Get/1298ccd6-472b-4026-b7fb-c6962e54b738;https://data.tainan.gov.tw/File/ResourceCsvDownload/1298ccd6-472b-4026-b7fb-c6962e54b738;https://soa.tainan.gov.tw/Api/Service/Get/f768b0cc-8e10-4400-b4ab-e2169a4f6ad2;https://data.tainan.gov.tw/File/ResourceCsvDownload/f768b0cc-8e10-4400-b4ab-e2169a4f6ad2;https://soa.tainan.gov.tw/Api/Service/Get/840165e8-a7f1-4f55-88c4-ebfe9e4fe8e4;https://data.tainan.gov.tw/File/ResourceCsvDownload/840165e8-a7f1-4f55-88c4-ebfe9e4fe8e4","UTF-8;UTF-8;UTF-8;UTF-8;UTF-8;UTF-8;UTF-8;UTF-8;UTF-8;UTF-8;UTF-8;UTF-8;UTF-8;UTF-8;UTF-8;UTF-8;UTF-8;UTF-8;UTF-8;UTF-8;UTF-8;UTF-8;UTF-8;UTF-8;UTF-8;UTF-8;UTF-8;UTF-8;UTF-8;UTF-8;UTF-8;UTF-8;UTF-8;UTF-8;UTF-8;UTF-8;UTF-8;UTF-8;UTF-8;UTF-8;UTF-8;UTF-8;UTF-8;UTF-8;UTF-8;UTF-8","系統介接程式","臺南市國民小學原住民學生數，依性別、學校、年級、行政區域分類","Seq;序號;族別;1年級;2年級;3年級;4年級;5年級;6年級;特教班;總計","臺南市政府教育局","不定期更新","政府資料開放授權條款-第1版","https://data.tainan.gov.tw/DataSet/Detail/81c89f58-046c-4669-93c7-c89b6489bc54","免費","辛龍香","(06)2991111","2022-04-22 03:18:37","2026-07-03 10:05:37","","0;0;0;0;0;0;0;0;0;0;0;0;0;0;0;0;0;0;0;0;0;0;0;0;0;0;0;0;0;0;0;0;0;0;0;0;0;0;0;0;0;0;0;0;0;0"
"6485","僑務委員會自行編製(印)華文教材","檔案資料","求學及進修","金","CSV","https://www.ocac.gov.tw/OCAC/File/Attach/1235/File_1922.csv","UTF-8","原始資料","本資料集主要內容為僑委會自行編製且仍印製流通之華語文教材。","項次編號;教材項目;連結網址","僑務委員會","每1年","政府資料開放授權條款-第1版","","免費","胡小姐","0223272950","2013-10-25 00:00:00","2026-07-02 16:18:31","授權說明網址: http://data.gov.tw/license","117"
"112641","海外僑民兒童或少年至校短期體驗計畫","檔案資料","求學及進修","白金","CSV","https://www.ocac.gov.tw/OCAC/Pages/ashx/File.ashx?FilePath=~/File/Attach/13879500/File_172237.csv","UTF-8","原始資料","本資料集提供107及108學年度海外僑民兒童或少年至校短期體驗計畫之承辦學校等相關資料。","年度;承辦學校;英文名稱;地址;電話;網址","僑務委員會","不定期更新","政府資料開放授權條款-第1版","","免費","胡小姐","02-23272950","2019-11-29 00:00:00","2026-07-02 16:05:14","","66"
"46779","僑務委員會自編教材ISBN","檔案資料","求學及進修","白金","CSV","https://oas.ocac.gov.tw/OCAC_openDATA/API/CSV_EXPORT?TableID=A0046779","UTF-8","原始資料","本資料集主要內容為歷年僑委會自編教材之出版品編號(ISBN)、級別及教材簡介說明","項次編號;教材名稱;ISBN;精通級別;簡介說明","僑務委員會","每1年","政府資料開放授權條款-第1版","https://oas.ocac.gov.tw/OCAC_openDATA/API/CSV_EXPORT?TableID=A0046779","免費","胡小姐","0223272950","2017-07-03 00:00:00","2026-07-02 15:58:52","授權說明網址: http://data.gov.tw/license","430"
"31445","大專校院概況","檔案資料","求學及進修","白金","CSV;JSON","https://stats.moe.gov.tw/files/opendata/edu_B_5_1.csv;https://stats.moe.gov.tw/files/opendata/edu_B_5_1.json","UTF-8;UTF-8","原始資料","提供國立、直轄市立、私立之大專校院概況，包括校數、研究所數、學系(科)數、專(兼)任教師數、助教人數、職員人數、學生人數及畢業生數；本資料集以每年10月15日為資料標準日","學年度;學料類型;校數;研究所數;學系數(系);學科數(科);專任教師(含助教)男;專任教師(含助教)女;專任教師(不含助教)男;專任教師(不含助教)女;兼任教師男;兼任教師女;助教人數男;助教人數女;職員人數男;職員人數女;學生人數－博士班;學生人數－碩士班;學生人數－學士班;學生人數－二專;學生人數－五專;上學年度畢業人數－博士班;上學年度畢業人數－碩士班;上學年度畢業人數－學士班;上學年度畢業人數－二專;上學年度畢業人數－五專","教育部統計處","每1年","政府資料開放授權條款-第1版","","免費","鄭小姐","0277365753","2016-06-15 00:00:00","2026-07-02 11:41:22","更新頻率說明: 每學年度
授權說明網址: http://data.gov.tw/license","77;77"
"6287","大專校院校地校舍面積統計","檔案資料","求學及進修","無(白名單)","CSV;JSON","https://stats.moe.gov.tw/files/opendata/land.csv;https://stats.moe.gov.tw/files/opendata/land.json","UTF-8;UTF-8","原始資料","提供大專校院校舍總樓地板面積包括普通教室、特別教室、實習工場及實驗室、教師研究室、學生研究室、辦公室、會議室、禮堂、圖書館、體育館(含學生活動中心)、餐廳、學生宿舍、單身教職員宿舍、有眷教職員宿舍、其他；校地面積指可使用校地、無法使用校地面積，並以現有使用面積列計，包括租借入，不包括租借出者，另資料不包括學校附設醫院、農林畜牧作業組織(例如附設醫院、附設農場、附設林場)之場地及建築；本資料集以每年10月15日為資料標準日。","學年度;學校類型;學校代碼;學校名稱;縣市別;學生宿舍床位數(床);自有宿舍床位數(床);教職員宿舍單身床位(床);教職員宿舍有眷戶數(戶);可使用校地-校舍基地(平方公尺);可使用校地-露天運動場地(平方公尺);可使用校地-其他校地(平方公尺);無法使用校地(平方公尺)","教育部統計處","每1年","政府資料開放授權條款-第1版","","免費","鄭小姐","0277365753","2015-01-30 00:00:00","2026-07-02 10:55:18","更新頻率說明: 每學年度
授權說明網址: http://data.gov.tw/license","1000;2613"
"31452","空中大學概況","檔案資料","求學及進修","白金","CSV;CSV;JSON;JSON;CSV;JSON","https://stats.moe.gov.tw/files/opendata/edu_B_7_6-大學部.csv;https://stats.moe.gov.tw/files/opendata/edu_B_7_6-專科部.csv;https://stats.moe.gov.tw/files/opendata/edu_B_7_6-大學部.json;https://stats.moe.gov.tw/files/opendata/edu_B_7_6-專科部.json;https://stats.moe.gov.tw/files/opendata/edu_B_7_6_105.csv;https://stats.moe.gov.tw/files/opendata/edu_B_7_6_105.json","UTF-8;UTF-8;UTF-8;UTF-8;UTF-8;UTF-8","原始資料","本資料集分為「大學部」及「專科部」兩表，統計全臺空中大學學生/畢業生數統計結果，提供年齡別、性別及學習中心別學生及畢業生人數資料。","學年度;項目;上學年度畢業生數-男;上學年度畢業生數-女;未滿25歲學生數-男;未滿25歲學生數-女;25至未滿30歲學生數-男;25至未滿30歲學生數-女;30至未滿35歲學生數-男;30至未滿35歲學生數-女;35至未滿40歲學生數-男;35至未滿40歲學生數-女;40至未滿45歲學生數-男;40至未滿45歲學生數-女;45至未滿50歲學生數-男;45至未滿50歲學生數-女;50至未滿55歲學生數-男;50至未滿55歲學生數-女;55至未滿60歲學生數-男;55至未滿60歲學生數-女;60歲以上學生數-男;60歲以上學生數-女","教育部統計處","每1年","政府資料開放授權條款-第1版","","免費","蕭小姐","0277365749","2016-06-15 00:00:00","2026-07-02 10:43:45","更新頻率說明: 每學年度
授權說明網址: https://data.gov.tw/license","229;181;229;181;22;22"
"31447","宗教研修學院概況","檔案資料","求學及進修","白金","CSV;JSON","https://stats.moe.gov.tw/files/opendata/edu_B_5_12.csv;https://stats.moe.gov.tw/files/opendata/edu_B_5_12.json","UTF-8;UTF-8","原始資料","本資料集係統計全臺宗教研修學院概況統計結果，提供學校依性別、設立別、年級別分之校數、研究所數、學系數、教師數、學生數及畢業生數資料。","學年度;項目;學校設立別-公立總計;學校設立別-私立總計;專任教師、兼任教師、職員、學生及上學年度畢業人數性別-男;專任教師、兼任教師、職員、學生及上學年度畢業人數性別-女;1 年級學生數;2 年級學生數;3 年級學生數;4 年級學生數;延修生數","教育部統計處","每1年","政府資料開放授權條款-第1版","","免費","蕭小姐","0277365749","2016-06-15 00:00:00","2026-07-02 10:43:01","更新頻率說明: 每學年度
授權說明網址: https://data.gov.tw/license","144;144"
"33505","各級學校僑生及港澳生分發入學人數統計","檔案資料","求學及進修","白金","CSV;JSON;CSV;JSON","https://stats.moe.gov.tw/files/opendata/oversea_APP1.csv;https://stats.moe.gov.tw/files/opendata/oversea_APP1.json;https://stats.moe.gov.tw/files/opendata/oversea_APP1_104-112.csv;https://stats.moe.gov.tw/files/opendata/oversea_APP1_104-112.json","UTF-8;UTF-8;UTF-8;UTF-8","原始資料","本資料集係由教育部技術及職業教育司、國民及學前教育署及大學海外僑生聯招會(暨南大學)等單位，提供全臺各大學校院、國防醫學院、國立臺灣師範大學僑生先修部(包含秋季班及春季班)、五專、高級中等學校與國中、小之僑生及港澳生分發入學人數按僑居地分之資料。","學年度;洲別;國別;大學校院分發人數;國防醫學院分發人數;國立臺灣師範大學僑生先修部_秋季班分發人數;國立臺灣師範大學僑生先修部_春季班分發人數;五專分發人數;高級中等學校分發人數;國中分發人數;國小分發人數;海外青年就學輔導技術研習班分發人數","教育部統計處","每1年","政府資料開放授權條款-第1版","","免費","蕭小姐","02-7736-5749","2016-08-15 00:00:00","2026-07-02 10:37:15","更新頻率說明: 每學年度
授權說明網址: https://data.gov.tw/license","79;79;376;376"
"46319","空大及大專進修學校學生數及畢業生數—按科系別分","檔案資料","求學及進修","白金","CSV;JSON;CSV;JSON","https://stats.moe.gov.tw/files/opendata/edu_B_7_5.csv;https://stats.moe.gov.tw/files/opendata/edu_B_7_5.json;https://stats.moe.gov.tw/files/opendata/edu_B_7_5_106.csv;https://stats.moe.gov.tw/files/opendata/edu_B_7_5_106.json","UTF-8;UTF-8;UTF-8;UTF-8","原始資料","本資料集係以每年10月15日為資料基準日，統計全臺各空大暨大專進修學校依學校類型、學制別、細學類代碼及名稱、年級別及性別之學生數及上學年畢業生數資料。","學年度;學校類型;學制別;細學類代碼;細學類名稱;1年級學生數-男;1年級學生數-女;2年級學生數-男;2年級學生數-女;3年級學生數-男;3年級學生數-女;上學年畢業生數-男;上學年畢業生數-女","教育部統計處","每1年","政府資料開放授權條款-第1版","","免費","蕭小姐","0277365749","2017-06-15 00:00:00","2026-07-02 10:36:33","更新頻率說明: 每學年度
授權說明網址: https://data.gov.tw/license","561;561;211;211"
"46326","大專校院學士班及專科延修生人數及比率－按學年別與設立別分","檔案資料","求學及進修","白金","CSV;JSON","https://stats.moe.gov.tw/files/opendata/edu_A_1_18.csv;https://stats.moe.gov.tw/files/opendata/edu_A_1_18.json","UTF-8;UTF-8","原始資料","本資料集係以每年10月15日為資料基準日，統計全臺各大專校院依等級別、性別、學年別及設立別分之延修生人數及比率資料。","學年度;設立別;學士班(大學四年制)延修生數-男;學士班(大學四年制)延修生數-女;學士班(大學二年制)延修生數-男;學士班(大學二年制)延修生數-女;二專延修生數-男;二專延修生數-女;五專延修生數-男;五專延修生數-女;學士班(大學四年制)延修比率-男;學士班(大學四年制)延修比率-女;學士班(大學二年制)延修比率-男;學士班(大學二年制)延修比率-女;二專延修比率-男;二專延修比率-女;五專延修比率-男;五專延修比率-女","教育部統計處","每1年","政府資料開放授權條款-第1版","","免費","蕭小姐","0277365749","2017-06-15 00:00:00","2026-07-02 10:35:55","更新頻率說明: 每學年度
授權說明網址: https://data.gov.tw/license","46;46"
"31446","大專進修學校概況—按設立別分","檔案資料","求學及進修","白金","CSV;JSON;CSV;JSON","https://stats.moe.gov.tw/files/opendata/edu_B_7_4.csv;https://stats.moe.gov.tw/files/opendata/edu_B_7_4.json;https://stats.moe.gov.tw/files/opendata/edu_B_7_4_105.csv;https://stats.moe.gov.tw/files/opendata/edu_B_7_4_105.json","UTF-8;UTF-8;UTF-8;UTF-8","原始資料","本資料集係統計全臺空大及大專進修學校概況統計結果，提供學校依設立別、性別分之校數、教師數、職員數、學生數及畢業生數資料。","學年度;項目別;公立校數(所);私立校數(所);公立人數-男;公立人數-女;私立人數-男;私立人數-女","教育部統計處","每1年","政府資料開放授權條款-第1版","","免費","蕭小姐","0277365749","2016-06-15 00:00:00","2026-07-02 10:34:22","更新頻率說明: 每學年度
授權說明網址: https://data.gov.tw/license","150;150;14;14"
"177801","高雄市政府港都e學苑數位學習課程清單","檔案資料","求學及進修","白金","JSON;CSV","https://openapi.kcg.gov.tw/Api/Service/Get/e0410d9b-1c3d-42d8-ae5b-648a7bca7d52;https://data.kcg.gov.tw/File/DirectDownload/e0410d9b-1c3d-42d8-ae5b-648a7bca7d52","UTF-8;UTF-8","系統介接程式","高雄市港都e學苑數位學習課程清單資料","項次(項次);課程名稱(課程名稱);認證時數-小時(認證時數-小時);課程說明(課程說明);課程目的(課程目的)","高雄市政府人事處","不定期更新","政府資料開放授權條款-第1版","https://data.kcg.gov.tw/DataSet/Detail/6a6db2e0-39cc-4b8e-a7c4-599574247186","免費","劉瑞敏","(07)3368333","2026-01-07 00:00:00","2026-07-02 10:26:23","","162;162"
"40154","國立臺灣史前文化博物館-館藏圖書目錄","檔案資料","求學及進修","金","JSON","https://libm7.moc.gov.tw/webopac/opendata/nmp.json","UTF-8","系統介接程式","國立臺灣史前文化博物館之館藏圖書目錄，包含英文圖書等。
","書名(書本名稱);作者(作者名稱);出版單位(出版單位名稱);版次(出版版本);出版年月(出版日期);標題(標題名稱);中文圖書分類法類號(中文圖書分類法類號碼);美國國會分類法類號(美國國會分類法類號碼);杜威十進分類法類號(杜威十進分類法類號碼);ISBN(ISBN號碼);ISSN(ISSN號碼);ISRC(ISRC號碼);單位(館藏單位名稱);資料來源(資料來源連結網址)","國立臺灣史前文化博物館","每1年","政府資料開放授權條款-第1版","","免費","陸幸江 小姐","089-381166#381~383","2016-03-02 00:00:00","2026-07-01 23:47:43","","31700"
"31443","國民小學概況—按學校所在縣市別分","檔案資料","求學及進修","白金","CSV;JSON","https://stats.moe.gov.tw/files/opendata/edu_B_3_2.csv;https://stats.moe.gov.tw/files/opendata/edu_B_3_2.json","UTF-8;UTF-8","原始資料","本資料集係提供自104學年起各學年國民小學按學校所在縣市之校數、教師數、職員數、班級數、學生數及上學年畢業生數等資料","學年度;縣市別;校數;公立校數;12班以下校數;49班以上校數;教師數;公立教師數;職員數;公立職員數;班級數;公立班級數;平均30人以下班級數;平均40人以上班級數;學生數;公立學生數;上學年畢業生數;公立上學年畢業生數","教育部統計處","每1年","政府資料開放授權條款-第1版","","免費","劉小姐","0277366380","2016-06-15 00:00:00","2026-07-01 16:30:14","更新頻率說明: 每學年度
授權說明網址: http://data.gov.tw/license","275;275"
"31444","國民小學概況—按設立別分","檔案資料","求學及進修","白金","CSV;JSON","https://stats.moe.gov.tw/files/opendata/edu_B_3_1.csv;https://stats.moe.gov.tw/files/opendata/edu_B_3_1.json","UTF-8;UTF-8","原始資料","本資料集係提供各學年國民小學按設立別（國立、直轄市立、縣市立、私立）之校數、教師數、職員數、班級數、學生數及上學年畢業生數等資料","學年度;項目;總計;國立專設小計;國立附設國小部小計;直轄市立專設小計;直轄市立附設國小部小計;縣市立專設小計;縣市立附設國小部小計;私立專設小計;私立附設國小部小計","教育部統計處","每1年","政府資料開放授權條款-第1版","","免費","劉小姐","0277366380","2016-06-15 00:00:00","2026-07-01 16:27:29","更新頻率說明: 每學年度
授權說明網址: http://data.gov.tw/license","418;418"
"9633","高級中等學校應屆畢業生未升學未就業情形(按群別分）","檔案資料","求學及進修","無(白名單)","CSV;JSON","https://stats.moe.gov.tw/files/opendata/1_2_11.csv;https://stats.moe.gov.tw/files/opendata/1_2_11.json","UTF-8;UTF-8","原始資料","全臺灣按群別、設立別及學程別分之高級中等學校應屆畢業生未升學未就業情形","學年度;設立別;學程別;群科別;畢業生人數;正在接受職業訓練人數;正在軍中服義務役人數;需要工作而未找到人數;正在補習或自修準備升學人數;健康不良在家休養人數;準備出國人數;其他人數;正在接受職業訓練比率;正在軍中服義務役比率;需要工作而未找到比率;正在補習或自修準備升學比率;健康不良在家休養比率;準備出國比率;其他比率","教育部統計處","每1年","政府資料開放授權條款-第1版","","免費","郭小姐","0277365763","2014-11-28 00:00:00","2026-07-01 11:07:03","更新頻率說明: 每學年度
授權說明網址: http://data.gov.tw/license","1000;1718"
"9632","高級中等學校應屆畢業生就業概況(按群別分)","檔案資料","求學及進修","無(白名單)","CSV;JSON","https://stats.moe.gov.tw/files/opendata/1_2_10.csv;https://stats.moe.gov.tw/files/opendata/1_2_10.json","UTF-8;UTF-8","原始資料","全臺灣按群別、設立別及學程別分之高級中等學校應屆畢業生就業概況","學年度;設立別;學程別;群科別;畢業生人數;農_林_漁_牧業人數;礦業及土石採取業人數;製造業人數;電力及燃氣供應業人數;用水供應及污染整治業人數;營建工程業人數;批發及零售業人數;運輸及倉儲業人數;住宿及餐飲業人數;出版影音及資通訊業人數;金融及保險業人數;不動產業人數;專業_科學及技術服務業人數;支援服務業人數;公共行政及國防_強制性社會安全人數;教育業人數;醫療保健及社會工作服務業人數;藝術_娛樂及休閒服務業人數;其他服務業人數;就業率;農_林_漁_牧業比率;礦業及土石採取業比率;製造業比率;電力及燃氣供應業比率;用水供應及污染整治業比率;營建工程業比率;批發及零售業比率;運輸及倉儲業比率;住宿及餐飲業比率;出版影音及資通訊業比率;金融及保險業比率;不動產業比率;專業_科學及技術服務業比率;支援服務業比率;公共行政及國防_強制性社會安全比率;教育業比率;醫療保健及社會工作服務業比率;藝術_娛樂及休閒服務業比率;其他服務業比率","教育部統計處","每1年","政府資料開放授權條款-第1版","","免費","郭小姐","0277365754","2014-11-28 00:00:00","2026-07-01 11:05:08","更新頻率說明: 每學年度
授權說明網址: http://data.gov.tw/license","1000;1718"
"9631","高級中等學校應屆畢業生升學情形(按群別分)","檔案資料","求學及進修","無(白名單)","CSV;JSON","https://stats.moe.gov.tw/files/opendata/1_2_9.csv;https://stats.moe.gov.tw/files/opendata/1_2_9.json","UTF-8;UTF-8","原始資料","全臺灣按群別、設立別及學程別分之高級中等學校應屆畢業生升學情形","學年度;設立別;學程別;群科別;畢業生人數;公立大學日間部人數;公立大學進修學士班人數;私立大學日間部人數;私立大學進修學士班人數;公立二專日間部人數;公立二專進修(夜間)部人數;私立二專日間部人數;私立二專進修(夜間)部人數;警察大學人數;警察專科學校人數;軍事院校人數;赴國外_大陸及港澳就讀人數;其他學校人數;升學率;公立大學日間部比率;公立大學進修學士班比率;私立大學日間部比率;私立大學進修學士班比率;公立二專日間部比率;公立二專進修(夜間)部比率;私立二專日間部比率;私立二專進修(夜間)部比率;警察大學比率;警察專科學校比率;軍事院校比率;赴國外_大陸及港澳就讀比率;其他學校比率","教育部統計處","每1年","政府資料開放授權條款-第1版","","免費","郭小姐","0277365763","2014-11-28 00:00:00","2026-07-01 11:02:43","更新頻率說明: 每學年度
授權說明網址: http://data.gov.tw/license","1000;1719"
"9630","高級中等學校應屆畢業生未升學未就業情形(按縣市別分）","檔案資料","求學及進修","無(白名單)","CSV;JSON","https://stats.moe.gov.tw/files/opendata/1_2_7.csv;https://stats.moe.gov.tw/files/opendata/1_2_7.json","UTF-8;UTF-8","原始資料","全臺灣按縣市別與設立別分之高級中等學校應屆畢業生未升學未就業情形","學年度;設立別;學校所在地別;畢業生人數;正在接受職業訓練人數;正在軍中服義務役人數;需要工作而未找到人數;正在補習或自修準備升學人數;健康不良在家休養人數;準備出國人數;其他人數;正在接受職業訓練比率;正在軍中服義務役比率;需要工作而未找到比率;正在補習或自修準備升學比率;健康不良在家休養比率;準備出國比率;其他比率","教育部統計處","每1年","政府資料開放授權條款-第1版","","免費","郭小姐","0277365763","2014-11-28 00:00:00","2026-07-01 11:01:15","更新頻率說明: 每學年度
授權說明網址: http://data.gov.tw/license","736;736"
"9629","高級中等學校應屆畢業生就業概況(按縣市別分)","檔案資料","求學及進修","無(白名單)","CSV;JSON","https://stats.moe.gov.tw/files/opendata/1_2_6.csv;https://stats.moe.gov.tw/files/opendata/1_2_6.json","UTF-8;UTF-8","原始資料","全臺灣按縣市別與學程別分之高級中等學校應屆畢業生就業概況","學年度;設立別;學校所在地別;畢業生人數;農_林_漁_牧業人數;礦業及土石採取業人數;製造業人數;電力及燃氣供應業人數;用水供應及污染整治業人數;營建工程業人數;批發及零售業人數;運輸及倉儲業人數;住宿及餐飲業人數;出版影音及資通訊業人數;金融及保險業人數;不動產業人數;專業_科學及技術服務業人數;支援服務業人數;公共行政及國防_強制性社會安全人數;教育業人數;醫療保健及社會工作服務業人數;藝術_娛樂及休閒服務業人數;其他服務業人數;就業率;農_林_漁_牧業比率;礦業及土石採取業比率;製造業比率;電力及燃氣供應業比率;用水供應及污染整治業比率;營建工程業比率;批發及零售業比率;運輸及倉儲業比率;住宿及餐飲業比率;出版影音及資通訊業比率;金融及保險業比率;不動產業比率;專業_科學及技術服務業比率;支援服務業比率;公共行政及國防_強制性社會安全比率;教育業比率;醫療保健及社會工作服務業比率;藝術_娛樂及休閒服務業比率;其他服務業比率","教育部統計處","每1年","政府資料開放授權條款-第1版","","免費","郭小姐","0277365763","2014-11-28 00:00:00","2026-07-01 10:59:36","更新頻率說明: 每學年度
授權說明網址: http://data.gov.tw/license","736;736"
"9628","高級中等學校應屆畢業生升學情形(按縣市別分）","檔案資料","求學及進修","無(白名單)","CSV;JSON","https://stats.moe.gov.tw/files/opendata/1_2_5.csv;https://stats.moe.gov.tw/files/opendata/1_2_5.json","UTF-8;UTF-8","原始資料","全臺灣按縣市別與設立別分之高級中等學校應屆畢業生升學情形","學年度;設立別;學校所在地別;畢業生人數;公立大學日間部人數;公立大學進修學士班人數;私立大學日間部人數;私立大學進修學士班人數;公立二專日間部人數;公立二專進修(夜間)部人數;私立二專日間部人數;私立二專進修(夜間)部人數;警察大學人數;警察專科學校人數;軍事院校人數;赴國外_大陸及港澳就讀人數;其他學校人數;升學率;公立大學日間部比率;公立大學進修學士班比率;私立大學日間部比率;私立大學進修學士班比率;公立二專日間部比率;公立二專進修(夜間)部比率;私立二專日間部比率;私立二專進修(夜間)部比率;警察大學比率;警察專科學校比率;軍事院校比率;赴國外_大陸及港澳就讀比率;其他學校比率","教育部統計處","每1年","政府資料開放授權條款-第1版","","免費","郭小姐","0277365763","2014-11-28 00:00:00","2026-07-01 10:57:32","更新頻率說明: 每學年度
授權說明網址: http://data.gov.tw/license","736;736"
"9627","高級中等學校應屆畢業生未升學未就業情形(按設立別分)","檔案資料","求學及進修","無(白名單)","CSV;JSON","https://stats.moe.gov.tw/files/opendata/1_2_3.csv;https://stats.moe.gov.tw/files/opendata/1_2_3.json","UTF-8;UTF-8","原始資料","全臺灣按設立別、學程別及性別分之高級中等學校應屆畢業生未升學未就業情形","學年度;學程別;設立別;性別;畢業生人數;正在接受職業訓練人數;正在軍中服義務役人數;需要工作而未找到人數;正在補習或自修準備升學人數;健康不良在家休養人數;準備出國人數;其他人數;正在接受職業訓練比率;正在軍中服義務役比率;需要工作而未找到比率;正在補習或自修準備升學比率;健康不良在家休養比率;準備出國比率;其他比率","教育部統計處","每1年","政府資料開放授權條款-第1版","","免費","郭小姐","0277365763","2014-11-28 00:00:00","2026-07-01 10:55:37","更新頻率說明: 每學年度
授權說明網址: http://data.gov.tw/license","354;354"
"9626","高級中等學校應屆畢業生就業概況(按設立別分)","檔案資料","求學及進修","無(白名單)","CSV;JSON","https://stats.moe.gov.tw/files/opendata/1_2_2.csv;https://stats.moe.gov.tw/files/opendata/1_2_2.json","UTF-8;UTF-8","原始資料","全臺灣按設立別、學程別及性別分之高級中等學校應屆畢業生就業概況","學年度;學程別;設立別;性別;畢業生人數;農_林_漁_牧業人數;礦業及土石採取業人數;製造業人數;電力及燃氣供應業人數;用水供應及污染整治業人數;營建工程業人數;批發及零售業人數;運輸及倉儲業人數;住宿及餐飲業人數;出版影音及資通訊業人數;金融及保險業人數;不動產業人數;專業_科學及技術服務業人數;支援服務業人數;公共行政及國防_強制性社會安全人數;教育業人數;醫療保健及社會工作服務業人數;藝術_娛樂及休閒服務業人數;其他服務業人數;就業率;農_林_漁_牧業比率;礦業及土石採取業比率;製造業比率;電力及燃氣供應業比率;用水供應及污染整治業比率;營建工程業比率;批發及零售業比率;運輸及倉儲業比率;住宿及餐飲業比率;出版影音及資通訊業比率;金融及保險業比率;不動產業比率;專業_科學及技術服務業比率;支援服務業比率;公共行政及國防_強制性社會安全比率;教育業比率;醫療保健及社會工作服務業比率;藝術_娛樂及休閒服務業比率;其他服務業比率","教育部統計處","每1年","政府資料開放授權條款-第1版","","免費","郭小姐","0277365763","2014-11-28 00:00:00","2026-07-01 10:52:37","更新頻率說明: 每學年度
授權說明網址: http://data.gov.tw/license","354;354"
"9625","高級中等學校應屆畢業生升學情形(按設立別分）","檔案資料","求學及進修","無(白名單)","CSV;JSON","https://stats.moe.gov.tw/files/opendata/1_2_1.csv;https://stats.moe.gov.tw/files/opendata/1_2_1.json","UTF-8;UTF-8","原始資料","全臺灣按設立別與縣市別分之高級中等學校應屆畢業生升學情形","學年度;學程別;設立別;性別;畢業生人數;公立大學日間部人數;公立大學進修學士班人數;私立大學日間部人數;私立大學進修學士班人數;公立二專日間部人數;公立二專進修(夜間)部人數;私立二專日間部人數;私立二專進修(夜間)部人數;警察大學人數;警察專科學校人數;軍事院校人數;赴國外_大陸及港澳就讀人數;其他學校人數;升學率;公立大學日間部比率;公立大學進修學士班比率;私立大學日間部比率;私立大學進修學士班比率;公立二專日間部比率;公立二專進修(夜間)部比率;私立二專日間部比率;私立二專進修(夜間)部比率;警察大學比率;警察專科學校比率;軍事院校比率;赴國外_大陸及港澳就讀比率;其他學校比率","教育部統計處","每1年","政府資料開放授權條款-第1版","","免費","郭小姐","0277365763","2014-11-28 00:00:00","2026-07-01 10:51:01","更新頻率說明: 每學年度
授權說明網址: http://data.gov.tw/license","354;354"
"31455","高級中等學校概況—按設立別分","檔案資料","求學及進修","白金","CSV;JSON","https://stats.moe.gov.tw/files/opendata/edu_B_4_1.csv;https://stats.moe.gov.tw/files/opendata/edu_B_4_1.json","UTF-8;UTF-8","原始資料","提供104學年至114學年全臺灣各高級中等學校學年內依據公立及私立學校區分校數、教師數、職員數、班級數、學生數及上學年畢業生數等資料統計結果。","學年度;項目;年級別;性別;國立[小計];直轄市立[小計];縣市立[小計];私立[小計]","教育部統計處","每1年","政府資料開放授權條款-第1版","","免費","林小姐","0277366373","2016-06-15 00:00:00","2026-07-01 09:55:58","更新頻率說明: 每學年度
授權說明網址: http://data.gov.tw/license","198;198"
"46325","大專校院學生休、退學人數－按原因別分","檔案資料","求學及進修","白金","CSV;JSON;CSV;JSON;CSV;JSON","https://stats.moe.gov.tw/files/opendata/98_104_HigherSuspended.csv;https://stats.moe.gov.tw/files/opendata/98_104_HigherSuspended.json;https://stats.moe.gov.tw/files/opendata/105_110_HigherSuspended.csv;https://stats.moe.gov.tw/files/opendata/105_110_HigherSuspended.json;https://stats.moe.gov.tw/files/opendata/111_HigherSuspended.csv;https://stats.moe.gov.tw/files/opendata/111_HigherSuspended.json","UTF-8;UTF-8;UTF-8;UTF-8;UTF-8;UTF-8","原始資料","本資料集係提供自98學年起各學年大專校院按休學原因別(如經濟困難、懷孕等)之休學人數及按退學原因別(如逾期未註冊、休學逾期未復學等)之退學人數資料。","學年度;於學年底處於休學狀態之人數-因病;於學年底處於休學狀態之人數-因經濟困難;於學年底處於休學狀態之人數-因學業志趣;於學年底處於休學狀態之人數-因工作需求;於學年底處於休學狀態之人數-因懷孕;於學年底處於休學狀態之人數-因育嬰;於學年底處於休學狀態之人數-其他原因;學年間退學人數-因學業成績;學年間退學人數-因操行成績;學年間退學人數-因志趣不合;學年間退學人數-逾期未註冊、休學逾期未復學;學年間退學人數-其他原因","教育部統計處","每1年","政府資料開放授權條款-第1版","","免費","姚小姐","0277365756","2017-06-15 00:00:00","2026-07-01 09:53:52","更新頻率說明: 每學年度
授權說明網址: http://data.gov.tw/license","7;7;6;6;3;3"
"31454","高級中等學校概況—按學校所在縣市別分","檔案資料","求學及進修","白金","CSV;JSON","https://stats.moe.gov.tw/files/opendata/edu_B_4_2.csv;https://stats.moe.gov.tw/files/opendata/edu_B_4_2.json","UTF-8;UTF-8","原始資料","本資料提供104學年至114學年全臺灣各公私立高級中等學校該學年內依據學校所在縣市區分校數、教師數、職員數、班級數、學生數及上學年畢業生數等資料統計結果。","學年度;學校所在地[縣市別];公立校數;私立校數;公立教師數[人];私立教師數[人];公立職員數[人];私立職員數[人];公立班級數;私立班級數;公立學生數[人];私立學生數[人];公立上學年畢業生數[人];私立上學年畢業生數[人]","教育部統計處","每1年","政府資料開放授權條款-第1版","","免費","林小姐","0277366373","2016-06-15 00:00:00","2026-07-01 09:53:45","更新頻率說明: 每學年度
授權說明網址: http://data.gov.tw/license","242;242"
"40115","高級中等學校圖書館（室）概況","檔案資料","求學及進修","白金","CSV;JSON","https://stats.moe.gov.tw/files/opendata/edu_B_4_20.csv;https://stats.moe.gov.tw/files/opendata/edu_B_4_20.json","UTF-8;UTF-8","原始資料","本資料提供103至113學年度全臺灣各公私立高級中等學校圖書館（室）之概況統計資料，資料內容包含中文各分類圖書冊數、外國圖書收冊數、圖書館閱覽座位數、圖書館借閱人次以及冊次等。","學年度;項目別;國立[小計];直轄市立[小計];縣市立[小計];私立[小計]","教育部統計處","每1年","政府資料開放授權條款-第1版","","免費","林小姐","02-77366373","2016-12-15 00:00:00","2026-07-01 09:48:03","授權說明網址: http://data.gov.tw/license","143;143"
"123257","臺中市讀書會名單","檔案資料","求學及進修","白金","CSV","https://newdatacenter.taichung.gov.tw/api/v1/no-auth/resource.download?rid=d19fa7aa-60bf-41cc-ab15-af7316714b76","UTF-8","系統介接程式","臺中市立圖書館讀書會名單地址及聯絡資訊","機關代碼;縣市別代碼;郵遞區號;區域;名稱;活動時間;聚會地點;聯絡人;聯絡電話","臺中市政府文化局","不定期更新","政府資料開放授權條款-第1版","https://www.library.taichung.gov.tw/public/gallery/index-1.asp?Parser=99;20;573;11;7#txt1","免費","張小姐","04-24225101#703","2020-05-25 09:09:50","2026-06-30 18:22:00","臺中市政府OAS標準之API說明文件:https://datacenter.taichung.gov.tw/swagger/yaml/387330000E ，Swagger 產生API說明頁面網址。https://datacenter.taichung.gov.tw/swagger/api-docs/","75"
"137545","中正預校校外活動與競賽成果","檔案資料","求學及進修","白金","CSV","https://www.mnd.gov.tw/NewUpload/202606/中正預校校外活動與競賽成果_1150629_533598.csv","UTF-8","原始資料","中正預校的學生在課餘時間，積極參與各項校外活動與競賽，累積了豐碩的成果。從體育賽事到創意競賽，學生們不畏挑戰、勇於參賽，展現了優異的才華與團隊精神。透過這些努力，學生們不僅拓展了視野、增進了技能，也為未來的發展奠定了堅實的基礎。","DataName;Date;Time;Participants;Nationality;CountyCode;Place","中正國防幹部預備學校","每1年","政府資料開放授權條款-第1版","","免費","劉小姐","07-7414188#740184","2021-02-25 00:00:00","2026-06-30 16:54:06","","10"
"137875","中正預校社團參與校內外活動成果","檔案資料","求學及進修","白金","CSV","https://www.mnd.gov.tw/NewUpload/202606/中正預校社團參與校內外活動成果_1150629_512558.csv","UTF-8","原始資料","透過中正預校的社團，活躍於校內外的參與活動，展現了豐富的社團生命力。從參與各類競賽到辦理校內活動，甚至是跨校的交流與展演，這些成果都展現出學生們的創意、活力與團隊精神。這份資料彙整了社團參與各項活動的豐碩成果，反映出學生在多元活動中的成長與成就。","DataName;Date;Time;Activities;EventLocation;Results;CountyCode","中正國防幹部預備學校","每1年","政府資料開放授權條款-第1版","","免費","劉小姐","07-7534697#740184","2021-03-04 00:00:00","2026-06-30 16:51:58","","26"
"137877","中正預校樂旗隊成果","檔案資料","求學及進修","白金","CSV","https://www.mnd.gov.tw/NewUpload/202606/中正預校樂旗隊成果_1150629_475615.csv","UTF-8","原始資料","本資料集收錄中正預校樂旗隊的表演、比賽、訓練等成果紀錄，提供使用者了解樂旗隊活動內容，並了解學校教育訓練成果。","DataName;Date;Activities;EventLocation;Results;URL","中正國防幹部預備學校","每1年","政府資料開放授權條款-第1版","","免費","劉小姐","07-7534697#740184","2021-03-04 00:00:00","2026-06-30 16:48:38","","19"
"137927","中正預校發行刊物","檔案資料","求學及進修","金","CSV","https://www.mnd.gov.tw/NewUpload/202606/中正預校發行刊物_1150629_453317.csv","UTF-8","原始資料","這份資料收錄了中正預校發行的刊物內容，涵蓋各類主題的文章、報導與評論。內容豐富多元，包括教育、生活、時事等議題。透過這份資料，可以一窺中正預校的校園文化與學子的創作。對於有興趣了解中正預校或想汲取相關知識的人士而言，這是一個寶貴的資源。","SeqNo;DataName;Date;Year;Time;URL;CountyCode;Update","中正國防幹部預備學校","每4月","政府資料開放授權條款-第1版","https://www.mnd.gov.tw/NewUpload/202103/中正青年151期_372545.pdf;https://www.mnd.gov.tw/NewUpload/202103/109年09月心輔園地_374564.pdf;https://www.mnd.gov.tw/NewUpload/202103/109年10月心輔園地1_380586.pdf;https://www.mnd.gov.tw/NewUpload/202103/109年10月心輔園地2_381957.pdf;https://www.mnd.gov.tw/NewUpload/202103/109年11月心輔園地_384881.pdf;https://www.mnd.gov.tw/NewUpload/202103/109年12月份心輔園地_390452.pdf;https://www.mnd.gov.tw/NewUpload/202208/中正青年153期_315516.pdf","免費","劉小姐","07-7534697#740184","2021-03-05 00:00:00","2026-06-30 16:47:02","","24"
"137946","中正預校圖書館館藏統計","檔案資料","求學及進修","金","CSV","https://www.mnd.gov.tw/NewUpload/202606/中正預校資圖中心館藏統計_1150630_421179.csv","BIG5","原始資料","提供圖書館中文圖書、外文圖書、視聽資料、電子書及流通統計等項館藏資訊","DataName;AgencyCodes;Year;Date;Volume-Total;CountyCode;AreaCode","中正國防幹部預備學校","每1年","政府資料開放授權條款-第1版","","免費","劉小姐","07-75346970#740184","2021-03-05 00:00:00","2026-06-30 16:44:14","OAS標準之API文件：
https://www.mnd.gov.tw/API/swagger/ui/index#/2001327491389282665722294263603920839208342553211335336","22"
"137554","中正預校圖書館利用教育資料","檔案資料","求學及進修","金","CSV;CSV","https://www.mnd.gov.tw/NewUpload/202606/中正預校圖書館利用教育_1150630_371501.csv;https://www.mnd.gov.tw/NewUpload/202606/中正預校資圖中心文宣導覽_1150630_393045.csv","UTF-8;UTF-8","原始資料","提供中正預校圖書館導覽、讀書會及主題書展等項活動資訊","DataName;Year;Date;Participants;Activities;CountyCode;Agency Codes","中正國防幹部預備學校","每1年","政府資料開放授權條款-第1版","","免費","劉小姐","07-7414188#740184","2021-03-02 00:00:00","2026-06-30 16:39:47","","11;1"
"46722","童軍教育獲獎名單","檔案資料","求學及進修","白金","CSV;CSV;CSV;CSV;CSV","https://www.k12ea.gov.tw//files/common_unit/2b8e521f-6059-4f6b-812e-7b5ad2266f0f/doc/105年度童軍教育獲獎名單.csv;https://www.k12ea.gov.tw//files/common_unit/2b8e521f-6059-4f6b-812e-7b5ad2266f0f/doc/109年度童軍教育獲獎名單.csv;https://www.k12ea.gov.tw//files/common_unit/2b8e521f-6059-4f6b-812e-7b5ad2266f0f/doc/111年度童軍教育獲獎名單.csv;https://www.k12ea.gov.tw//files/common_unit/2b8e521f-6059-4f6b-812e-7b5ad2266f0f/doc/113年度童軍教育獲獎名單.csv;https://www.k12ea.gov.tw//files/common_unit/2b8e521f-6059-4f6b-812e-7b5ad2266f0f/doc/115年度童軍教育獲獎名單.csv","UTF-8;UTF-8;UTF-8;UTF-8;UTF-8","原始資料","提供童軍教育獲獎名單","年度;獲獎組別;縣市別;單    位;姓    名","教育部國民及學前教育署","不定期更新","政府資料開放授權條款-第1版","","免費","趙先生","0437061333","2017-06-26 00:00:00","2026-06-30 10:24:14","授權說明網址: http://data.gov.tw/license","80;74;74;96;105"
"137557","中正預校沿革史校風校訓","檔案資料","求學及進修","金","CSV","https://www.mnd.gov.tw/NewUpload/202606/中正預校沿革史校風校訓_1150629_013936.csv","UTF-8","原始資料","提供中正預校沿革史、「誠實」校風及「親愛精誠」校訓，秉持不撒謊、不欺騙、不偷竊之榮譽規範，培養智、信、仁、勇、嚴之領導特質，養成忠於國家信念，勇於承擔責任、嚮往追求榮譽之品格與武德兼修的未來國軍幹部","SeqNO;DataName;Content;Motto;Date;Time;CountryCode","中正國防幹部預備學校","不定期更新","政府資料開放授權條款-第1版","","免費","劉小姐","07-7414188#740184","2021-03-02 00:00:00","2026-06-30 10:05:00","","6"
"137548","中正預校歷任校長","檔案資料","求學及進修","金","CSV","https://www.mnd.gov.tw/NewUpload/202606/中正預校歷任校長_1150629_530201.csv","UTF-8","原始資料","歷任中正預校校長的資料收錄了歷任校長的重要資訊，內容包括姓名、任期、以及一位具代表性的頭銜「校長」，這段時期的人事更迭和領導風格。這些資料的彙整，有助於回顧和了解中正預校的歷史發展和教育體系的變遷。","DataName;Gender;Rank;Name;Nationality;Date;WebURL;Update","中正國防幹部預備學校","不定期更新","政府資料開放授權條款-第1版","","免費","劉小姐","07-7414188#740184","2021-02-26 00:00:00","2026-06-30 10:00:16","","20"
"137550","中正預校傑出校友一覽表","檔案資料","求學及進修","白金","CSV","https://www.mnd.gov.tw/NewUpload/202606/中正預校傑出校友一覽表_1150629_464246.csv","UTF-8","原始資料","傑出校友的典範！彙整了中正預校多年來的傑出畢業生，這些優秀的校友在各領域表現傑出，包括軍事、政治、經濟、教育、社會服務等。名單中收錄了多位傑出的校友，他們的成就和貢獻值得肯定和學習。透過這份名單，可以一窺中正預校在培育人才上的成果，以及這些校友為社會所帶來的正向影響。","DataName;MilitaryService;Nationality;Grade;Name;Gender;Update;WebURL","中正國防幹部預備學校","不定期更新","政府資料開放授權條款-第1版","","免費","劉小姐","07-7414188#740184","2021-03-02 00:00:00","2026-06-30 09:47:47","","0"
"137944","中正預校高國中部各年班畢業成果統計表","檔案資料","求學及進修","白金","CSV","https://www.mnd.gov.tw/NewUpload/202606/中正預校高國中部各年班畢業成果_1150630_415678.csv","UTF-8","原始資料","提供歷屆高、國中部各年班畢業總成績第一名學生","DataName;Date;Time;AnnualGrowthRate;Name;Place;Gender","中正國防幹部預備學校","不定期更新","政府資料開放授權條款-第1版","","免費","劉小姐","07-7534697#740184","2021-03-05 00:00:00","2026-06-30 09:43:30","","0"
"137546","中正預校教師學歷統計表","檔案資料","求學及進修","金","CSV","https://www.mnd.gov.tw/NewUpload/202606/中正預校教師學歷統計表_1150630_350699.csv","UTF-8","原始資料","提供歷屆教師學歷(學士、碩士、博士)統計表","DataName;Date;Time;BachelorDegree;MastersDegree;DoctorDegree;AgencyCodes","中正國防幹部預備學校","每1年","政府資料開放授權條款-第1版","","免費","劉小姐","07-7414188#740184","2021-03-02 00:00:00","2026-06-30 09:39:07","","16"
"137945","中正預校學生員額統計表","檔案資料","求學及進修","白金","CSV","https://www.mnd.gov.tw/NewUpload/202606/中正預校學生員額統計表_1150630_061891.csv","BIG5","原始資料","提供歷年各軍種(陸軍、海軍、空軍)畢業員額人數統計資訊","DataName(資料名稱);Year(西元年);Army(陸軍);Navy(海軍);Airforce(空軍);Political(政戰);VolumeTotal(總人數);UpDate(更新日期)","中正國防幹部預備學校","每1年","政府資料開放授權條款-第1版","","免費","劉小姐","07-7534697","2021-03-05 00:00:00","2026-06-30 09:29:29","","0"
"137947","中正預校衛生教育統計表","檔案資料","求學及進修","白金","CSV","https://www.mnd.gov.tw/NewUpload/202606/中正預校衛生教育統計_1150629_050237.csv","UTF-8","原始資料","提供歷年菸害檳榔、傳染病、熱傷害、飲食衛教及登革熱等項「衛生教育」統計資訊","DataName(資料名稱);Gender(性別);Date(日期);TobaccodamagedbetelnutanAIDSprevention(菸草損害 檳榔 愛滋病預防);Infectiousdiseaseprevention(傳染病預防);Heatinjuryprevention(中暑預防);Dietaryhygieneprevention(飲食衛生預防);Denguefeverprevention(登革熱預防);Total(總計)","中正國防幹部預備學校","每1年","政府資料開放授權條款-第1版","","免費","劉小姐","07-7534697","2021-03-05 00:00:00","2026-06-30 09:23:43","","0"
"40646","南部科學園區管理局來賓統計資料","檔案資料","求學及進修","白金","CSV","https://mas.nstc.gov.tw/OPENDATA/GetFile?format=csv&serialno=279&fileodr=2","UTF-8","原始資料","統計國內外學校(高中職以上)、企業界、政府單位、民意機構至南科參訪之來賓人數。統計參訪南科的人數以評估推廣與交流成效。","月Month\訪客人數、團數 Visitors & Groups;本國人數 Domestic Visitors;大陸 China;亞洲其他 Asia;歐洲 Europe;非洲 Africa;北美洲 North America;中南美洲 Central & South America;大洋洲 Oceania;外國人數International Visitors;人數小計 Total Vistors;本國團數 Domestic Groups;外國團數 International Groups;團數小計 Total Groups","國家科學及技術委員會南部科學園區管理局","不定期更新","政府資料開放授權條款-第1版","","免費","林小姐","06-5051001#2131","2016-12-07 00:00:00","2026-06-29 23:27:21","","16"
"102037","南部科學園區各實中學生數一覽表","檔案資料","求學及進修","白金","CSV","https://mas.nstc.gov.tw/OPENDATA/GetFile?format=csv&serialno=407&fileodr=1","UTF-8","原始資料","各實中學生數，提供家長了解南科實中各年級招生名額。","單位名稱;學年度;高中部在校學生數;高中部名額數;國中部在校學生數;國中部名額數;國小部在校學生數;國小部名額數;雙語部在校學生數;雙語部名額數;合計在校學生數;合計名額數","國家科學及技術委員會南部科學園區管理局","不定期更新","政府資料開放授權條款-第1版","","免費","張小姐","06-5051001#2325","2019-05-14 00:00:00","2026-06-29 23:01:52","","4"
"102032","南部科學園區各實中老師人數一覽表","檔案資料","求學及進修","白金","CSV","https://mas.nstc.gov.tw/OPENDATA/GetFile?format=csv&serialno=405&fileodr=1","UTF-8","原始資料","實中編制教職員統計表。瞭解南科實中師資規模與生師比例。","單位名稱;學年度;高中部老師數;國中部老師數;國小部老師數;雙語部老師數;合計老師數","國家科學及技術委員會南部科學園區管理局","不定期更新","政府資料開放授權條款-第1版","","免費","張小姐","06-5051001#2325","2019-05-14 00:00:00","2026-06-29 22:57:29","","4"
"102023","南部科學園區各實中班級數一覽表","檔案資料","求學及進修","白金","CSV","https://mas.nstc.gov.tw/OPENDATA/GetFile?format=csv&serialno=402&fileodr=1","UTF-8","原始資料","實中高中部人數一覽表。瞭解南科實中各學制班級規模與教育資源。","單位名稱;學年度;高中部班級數;國中部班級數;國小部班級數;雙語部班級數;合計班級數","國家科學及技術委員會南部科學園區管理局","不定期更新","政府資料開放授權條款-第1版","","免費","張小姐","06-5051001#2325","2019-05-14 00:00:00","2026-06-29 22:56:59","","4"
"90451","國立公共資訊圖書館數位典藏網-日文舊籍目錄","檔案資料","求學及進修","金","XML","https://das.nlpi.edu.tw/cgi-bin/gs32/open_data_irnlpi.cgi?db=iroldjap&fmt=xml","UTF-8","原始資料","## 國立公共資訊圖書館數位典藏網 - 日文舊籍目錄 資料集描述

**概述:**

本資料集為國立公共資訊圖書館數位典藏網收錄的日文舊籍目錄。內容包含豐富的日文古籍書目資訊，涵蓋廣泛的主題與領域。本資料集提供研究者、圖書館員、以及對日文古籍有興趣的人士，一個探索及利用珍貴數位資源的管道。

**用途:**
本資料集可應用於以下研究或應用：

*   日文古籍研究
*   數位人文研究
*   歷史研究
*   文學史研究
*   圖書館學
*   資源探索與利用
*   教育研究


**免責聲明:**
本資料集的內容以國立公共資訊圖書館數位典藏網所收錄的資料為準。使用者應自行確認資料的正確性與完整性。","tic;sub;publish;auc;pubdate;itemname;uri","國立公共資訊圖書館","不定期更新","政府資料開放授權條款-第1版","http://das.nlpi.edu.tw/gs32/ir_nlpi/Operating/1122911145171.pdf","免費","陳豫宏","04-22625100#1306","2018-09-03 00:00:00","2026-06-29 16:16:18","分為2000餘冊日文舊籍之數位化目錄，以及日文舊籍快速檢索連結","6311"
"36388","社會教育機構或法人申請辦理中小學及幼兒園教師進修課程審查結果統計","檔案資料","求學及進修","白金","CSV","https://ws.moe.edu.tw/Download.ashx?u=LzAwMS9VcGxvYWQvOC9yZWxmaWxlLzc4MzQvNDk5MTcvMzExMzJlNzctMjg2My00ZjNkLThkNjctZjk5N2RkZTJjYWI3LmNzdg%3d%3d&n=56S%2b5pyD5pWZ6IKy5qmf5qeL5oiW5rOV5Lq655Sz6KuL6L6m55CG5Lit5bCP5a245Y%2bK5bm85YWS5ZyS5pWZ5bir6YCy5L%2bu6Kqy56iL5a%2bp5p%2bl57WQ5p6c57Wx6KiILmNzdg%3d%3d&icon=..csv","BIG5","原始資料","社教機構或法人團體申請教師研習課程數及審查通過數量","年度;單位數;申請案;通過案","教育部師資培育及藝術教育司","不定期更新","政府資料開放授權條款-第1版","","免費","任小姐","0277366337","2016-09-22 00:00:00","2026-06-25 16:56:51","授權說明網址: http://data.gov.tw/license","24"
"30085","中小企業網路大學校線上課程","檔案資料","求學及進修","白金","CSV","https://www.sme.gov.tw/files/4536/B56347A3-E4BA-47F9-9D59-DEE59848F13F","UTF-8","原始資料","中小企業網路大學校網站提供線上學習之課程資訊","學院名稱;課程類別;課程編號;課程名稱;課程大綱;授課講師/開課單位;課程來源;課程時數(分鐘);授權日(起);授權日(末);合作單位;課程網址;星等;評鑑人數;封面圖網址;關鍵字;專區TAG;五管分類;五管子分類;最後修改時間","經濟部中小及新創企業署","每3月","政府資料開放授權條款-第1版","","免費","王惠祥","02-23662254","2016-04-01 00:00:00","2026-06-24 12:58:44","授權說明網址: https://data.gov.tw/license","736"
"41257","國家科學及技術委員會科技大觀園新知專欄","檔案資料","求學及進修","白金","CSV","https://mas.nstc.gov.tw/OPENDATA/GetFile?format=csv&serialno=327&fileodr=0","UTF-8","原始資料","新知報運用文字、圖片、動畫或影音等多媒體素材，將複雜艱澀的科技資訊轉化為高中程度以上之社會大眾容易理解的科普知識，以促進民眾理解科學。供外界瞭解國科會科學知識推廣情形。","標題;摘要;連結網址;作者;服務機構;發布日期","國家科學及技術委員會","不定期更新","政府資料開放授權條款-第1版","","免費","胡小姐","02-27377944","2016-12-21 00:00:00","2026-06-23 23:28:17","","1000"
"42159","大陸地區3所臺商學校各學年度學制學生人數統計","檔案資料","求學及進修","白金","CSV","https://ws.moe.edu.tw/Download.ashx?u=LzAwMS9VcGxvYWQvNy9yZWxmaWxlLzg0MjkvOTMyNjcvNmQxZjZlODEtYTFhOC00YmYzLTliZDktYzM3MGI2NmRkMTcxLmNzdg%3d%3d&n=5aSn6Zm45Zyw5Y2AM%2baJgOiHuuWVhuWtuOagoeWQhOWtuOW5tOW6puWtuOWItuWtuOeUn%2bS6uuaVuOe1seioiC5jc3Y%3d&icon=..csv","UTF-8","原始資料","提供東莞台商子弟學校、上海台商子女學校、華東臺商子女學校等3校各學制（幼兒園至高級中等學校）學生人數統計資料","學校名稱;學年度;高中學生人數;高職學生人數;國中學生人數;國小學生人數;幼兒園學生人數","教育部國際及兩岸教育司","每1年","政府資料開放授權條款-第1版","https://ws.moe.edu.tw/Download.ashx?u=LzAwMS9VcGxvYWQvNy9yZWxmaWxlLzg0MjkvOTMyNjcvNmQxZjZlODEtYTFhOC00YmYzLTliZDktYzM3MGI2NmRkMTcxLmNzdg%3d%3d&n=5aSn6Zm45Zyw5Y2AM%2baJgOiHuuWVhuWtuOagoeWQhOWtuOW5tOW6puWtuOWItuWtuOeUn%2bS6uuaVuOe1seioiC5jc3Y%3d&icon=..csv","免費","魏小姐","02-77366326","2017-01-17 00:00:00","2026-06-23 17:25:05","授權說明網址: http://data.gov.tw/license","33"
"6643","全民勞教e網課程","檔案資料","求學及進修","白金","CSV;JSON;WEBSERVICES","https://apiservice.mol.gov.tw/OdService/download/A17000000J-020052-vB5;https://apiservice.mol.gov.tw/OdService/download/A17000000J-020052-GZl;https://apiservice.mol.gov.tw/OdService/rest/datastore/A17000000J-020052-lOw","BIG5;UTF-8;UTF-8","系統介接程式","個別勞動關係、勞動條件、集體勞動關係、勞動三法、勞資爭議處理、社會保險、勞動福利、職業安全衛生與職災保護、就業平等、勞動市場、性別與工作、學校勞動教育之實踐、其他-外國人聘僱、其他-中高齡者就業促進等14大類計131門課程。","序號;課程名稱;系列名稱;課程長度（時間）;作者出處;課程簡介;課程大綱;課程網址","勞動部","不定期更新","政府資料開放授權條款-第1版","","免費","邱先生","02-85902258","2016-01-01 00:00:00","2026-06-23 16:56:09","介紹文稿內容：為本部全民勞教e網提供之個別勞動關係、勞動條件、集體勞動關係、勞動三法、勞資爭議處理、社會保險、勞動福利、職業安全衛生與職災保護、就業平等、勞動市場、性別與工作、學校勞動教育之實踐、其他-外國人聘僱、其他-中高齡者就業促進等14大類線上學習課程，供各界自主學習與運用。勞動部OAS標準之API說明文件：https://apiservice.mol.gov.tw/OdService/doc/v3.json。 勞動部開放資料Open API 頁面：https://apiservice.mol.gov.tw/OdService/openapi/OAS.html。","0;0;0"
"41886","農藥管理人員教育訓練課程","檔案資料","求學及進修","白金","JSON;CSV","https://data.moa.gov.tw/Service/OpenData/PesticideClassData.aspx?IsTransData=1&UnitId=B78;https://data.moa.gov.tw/Service/OpenData/PesticideClassData.aspx?FOTT=CSV&IsTransData=1&UnitId=B78","UTF-8;UTF-8","系統介接程式","提供資料包括：課程名稱、網址、課程內容、發佈日期、舉辦日期起、舉辦日期迄等欄位資訊。","title(課程名稱);link(網址);description(課程內容);pubDate(發佈日期);classstartDT(舉辦日期起);classendDT(舉辦日期迄)","農業部","不定期更新","政府資料開放授權條款-第1版","https://pesticide.aphia.gov.tw/information/","免費","施佩妤","02-23434244","2016-12-30 00:00:00","2026-06-23 16:50:38","進階搜尋請參考 https://data.moa.gov.tw/open_detail.aspx?id=B78","0;0"
"42156","大陸地區3所臺商學校各學年度高中畢業生返臺升學資料統計","檔案資料","求學及進修","白金","CSV","https://ws.moe.edu.tw/Download.ashx?u=LzAwMS9VcGxvYWQvNy9yZWxmaWxlLzg0MjkvOTMyNjkvMDY1Y2IwNmYtZWYxZC00YTQyLWI0ZmItOTc0Mjg3NmNiY2UwLmNzdg%3d%3d&n=5aSn6Zm45Zyw5Y2AM%2baJgOiHuuWVhuWtuOagoeWQhOWtuOW5tOW6pumrmOS4reeVoualreeUn%2bi%2flOiHuuWNh%2bWtuOizh%2baWmee1seioiC5jc3Y%3d&icon=..csv","UTF-8","原始資料","提供東莞台商子弟學校、上海台商子女學校、華東臺商子女學校等3校高級中等學校畢業後返回臺灣地區繼續升學人數資料","校名;學年度;畢業人數;返臺升學人數;比率","教育部國際及兩岸教育司","每1年","政府資料開放授權條款-第1版","https://ws.moe.edu.tw/Download.ashx?u=LzAwMS9VcGxvYWQvNy9yZWxmaWxlLzg0MjkvOTMyNjkvMDY1Y2IwNmYtZWYxZC00YTQyLWI0ZmItOTc0Mjg3NmNiY2UwLmNzdg%3d%3d&n=5aSn6Zm45Zyw5Y2AM%2baJgOiHuuWVhuWtuOagoeWQhOWtuOW5tOW6pumrmOS4reeVoualreeUn%2bi%2flOiHuuWNh%2bWtuOizh%2baWmee1seioiC5jc3Y%3d&icon=..csv","免費","魏小姐","02-77366326","2017-01-17 00:00:00","2026-06-23 16:33:45","授權說明網址: http://data.gov.tw/license","30"
"33408","各學年度3所大陸地區臺商學校學生人數","檔案資料","求學及進修","白金","CSV","https://ws.moe.edu.tw/Download.ashx?u=LzAwMS9VcGxvYWQvNy9yZWxmaWxlLzg0MjkvNjQ4MjcvMmZlM2VhMGEtOWFlNS00YzcxLThjZGUtNDM3ZWFhNWFjZDlmLmNzdg%3d%3d&n=5ZCE5a245bm05bqmM%2baJgOWkp%2bmZuOWcsOWNgOiHuuWVhuWtuOagoeWtuOeUn%2bS6uuaVuC5jc3Y%3d&icon=..csv","UTF-8","原始資料","提供東莞台商子弟學校、上海台商子女學校、華東臺商子女學校等3校全校（幼兒園至高級中等學校）學生人數統計資料","學校;學年度;人數","教育部國際及兩岸教育司","每1年","政府資料開放授權條款-第1版","https://ws.moe.edu.tw/Download.ashx?u=LzAwMS9VcGxvYWQvNy9yZWxmaWxlLzg0MjkvNjQ4MjcvMmZlM2VhMGEtOWFlNS00YzcxLThjZGUtNDM3ZWFhNWFjZDlmLmNzdg%3d%3d&n=5ZCE5a245bm05bqmM%2baJgOWkp%2bmZuOWcsOWNgOiHuuWVhuWtuOagoeWtuOeUn%2bS6uuaVuC5jc3Y%3d&icon=..csv","免費","魏小姐","02-77366326","2016-08-22 00:00:00","2026-06-23 16:18:27","授權說明網址: http://data.gov.tw/license","33"
"124570","新北市托育人員專業訓練課程(自費班)","檔案資料","求學及進修","白金","CSV","https://data.ntpc.gov.tw/api/datasets/7b71f65c-24ad-43fc-8d2a-b7a558178b76/csv/file","UTF-8","系統介接程式","為有效解決新北市父母托育困擾並維持托育品質，結合民間機構團體及學校單位辦理托育人員專業訓練課程，增益托育人員專業知能並協助取得托育人員技術士證，俾利提供優質、普及之托育服務。","no(序號);date(開班起始日);end_date(開班結束日);servicearea(服務行政區);serviceareacode(服務行政區代碼);class_address(課程位置);countycode(縣市代碼);address(地址);class_category(開課班次);class_time(開課時間);person(開班人數);train_organization(單位名稱);localcallservice(市內電話1)","新北市政府社會局","每1年","政府資料開放授權條款-第1版","","免費","呂依蓉","(02)29603456#3678","2016-02-23 00:00:00","2026-06-23 15:08:47","OpenAPI文件下載: https://data.ntpc.gov.tw/api/v1/openapi/units/1100000","54"
"67397","僑務委員會輔助國內大專院校及民間團體赴東南亞僑校志願服務作業計畫統計","檔案資料","求學及進修","白金","CSV","https://oas.ocac.gov.tw/OCAC_openDATA/API/CSV_EXPORT?TableID=A0067397","UTF-8","原始資料","本會鼓勵國內大專院校及民間團體青年赴東南亞僑（華）校進行志願服務，以支援僑校業務，協助推廣華語文教育，並拓展我國青年之國際視野。本資料集提供歷年辦理情形之統計資料。","年度;大專院校或民間團體名稱;團隊名稱;志工人數;服務國家;受服務僑（華）校名稱;活動起始日期;活動結束日期;服務項目","僑務委員會","每1年","政府資料開放授權條款-第1版","https://www.ocac.gov.tw/OCAC/Pages/VDetail.aspx?nodeid=1434&pid=7313","免費","廖先生","02-23272678","2017-12-04 00:00:00","2026-06-23 14:16:27","1.年度：中華民國年度YYY
2.國家代碼：服務國別，引用ISO 3166-1標準
3.活動起始日期、活動結束日期：西元年月日YYYYMMDD","105"
"84521","103學年度臺中市立國民中學班級數核定表","檔案資料","求學及進修","白金","CSV;JSON;XML","https://newdatacenter.taichung.gov.tw/api/v1/no-auth/resource.download?rid=e64e4b39-0be0-4aab-92bc-8d32aa6a6126;https://newdatacenter.taichung.gov.tw/api/v1/no-auth/resource.download?rid=baaa037c-e3d9-4a16-943e-969051ab9a00;https://newdatacenter.taichung.gov.tw/api/v1/no-auth/resource.download?rid=a2e92c85-6980-41b8-830b-ff1d4d47267d","UTF-8;UTF-8;UTF-8","系統介接程式","103學年度臺中市立國民中學班級數核定表資料","編號;校名;普通班學生數_102學年度一年級;普通班學生數_102學年度二年級;普通班學生數_102學年度三年級;普通班學生數_102學年度合計;普通班班級數_102學年度一年級;普通班班級數_102學年度二年級;普通班班級數_102學年度三年級;普通班班級數_102學年度合計;普通班學生數_103學年度一年級;普通班班級數_103學年度一年級;普通班班級數_103學年度二年級;普通班班級數_103學年度三年級;普通班班級數_103學年度合計;較上一學年度普通班增減數;中介教育資源式中途班;體育班;藝術才能班;特殊班_身心障礙類;特殊班_資賦優異類;總班級數;普通班總人數;機關代碼;縣市別代碼;行政區域代碼;西元年;月;日","臺中市政府教育局","不定期更新","政府資料開放授權條款-第1版","","免費","江姿妘","22289111+54220","2018-05-28 00:00:00","2026-06-23 13:21:56","臺中市政府OAS標準之API說明文件:https://datacenter.taichung.gov.tw/swagger/yaml/387040000E ，Swagger 產生API說明頁面網址。https://datacenter.taichung.gov.tw/swagger/api-docs/","80;80;80"
"83665","臺中市社區大學聯絡資訊","檔案資料","求學及進修","白金","CSV","https://newdatacenter.taichung.gov.tw/api/v1/no-auth/resource.download?rid=a51d05cc-b999-4ac7-a998-aee6232c8dc5","UTF-8","系統介接程式","臺中市社區大學聯絡資訊。","?社區大學名稱;地址;電話;行動教室區域;網址;縣市別代碼;郵遞區號（3碼）","臺中市政府教育局","不定期更新","政府資料開放授權條款-第1版","","免費","江玉琳","2228-9111-54529","2018-05-28 12:00:00","2026-06-23 11:58:10","臺中市政府OAS標準之API說明文件:https://datacenter.taichung.gov.tw/swagger/yaml/387040000E ，Swagger 產生API說明頁面網址。https://datacenter.taichung.gov.tw/swagger/api-docs/","11"
"83901","臺中市社區學習資訊","檔案資料","求學及進修","白金","CSV","https://newdatacenter.taichung.gov.tw/api/v1/no-auth/resource.download?rid=773bb836-a6eb-4fdb-879e-26536ff40035","UTF-8","系統介接程式","臺中市社區學習資訊資料","編號;區別;校名;地址;電話;縣市別代碼;郵遞區號（3碼）","臺中市政府教育局","不定期更新","政府資料開放授權條款-第1版","","免費","江玉琳","2228-9111-54529","2018-05-28 12:00:00","2026-06-23 11:43:35","臺中市政府OAS標準之API說明文件:https://datacenter.taichung.gov.tw/swagger/yaml/387040000E ，Swagger 產生API說明頁面網址。https://datacenter.taichung.gov.tw/swagger/api-docs/","65"
"145719","臺北市勞動事務學院","檔案資料","求學及進修","白金","CSV","https://data.taipei/api/dataset/dfd087f3-54f7-4d51-805e-e6c12619b1c2/resource/20b47dca-fe81-4a74-83f3-c334e6f95c27/download","UTF-8","系統介接程式","勞動事務學院開課情形及筆數　","年度;期別;課程總門數（筆數）;開課月份;課程名稱;授課講師;課程時間;上課人數;備註","臺北市政府勞動局","每1年","政府資料開放授權條款-第1版","","免費","林志遠","02-27208889#3345","2020-12-31 00:00:00","2026-06-23 10:54:23","",""
"174773","受理捐贈僑生獎助學金核發情形-獲獎名單","檔案資料","求學及進修","白金","CSV","https://oas.ocac.gov.tw/OCAC_openDATA/API/CSV_EXPORT?TableID=A0009741","UTF-8","原始資料","本會長期致力於培育海內外優秀僑界學子，積極受理來自各僑民團體、熱心僑胞以及社會各界賢達所慷慨捐助之各類獎助學金。目前經管之獎學基金已達百餘項，每年依據各項基金之設立宗旨，核發每名得獎生新臺幣5,000元至25,000元不等之獎助金額。本資料集即為歷年或當年度榮獲上述各項獎助學金之在學僑生名冊與詳細核定名單。","民國年;序號;獎助學金名稱;校名;姓名;國家;金額(元)","僑務委員會","每1年","政府資料開放授權條款-第1版","","免費","林先生","02-23272818","2025-09-10 00:00:00","2026-06-23 10:32:14","","669"
"157265","高雄市政府公務人力發展計畫","檔案資料","求學及進修","金","JSON;CSV","https://openapi.kcg.gov.tw/Api/Service/Get/766a94a4-0730-4ac1-9adb-1fd9c4da26a4;https://data.kcg.gov.tw/File/directDownload/766a94a4-0730-4ac1-9adb-1fd9c4da26a4","UTF-8;UTF-8","系統介接程式","高雄市政府公務人力發展計畫資訊","Seq(Seq);班期代號(班期代號);訓練體系(訓練體系);送訓機關(送訓機關);班期名稱(班期名稱);訓練對象(訓練對象);訓練目標(訓練目標);核心課程(核心課程);預定開班日期(預定開班日期);上課方式(上課方式);期數(期數);每期人數(每期人數);每期天數(每期天數);非本府公務人員人數(非本府公務人員人數)","高雄市政府人事處","不定期更新","政府資料開放授權條款-第1版","https://data.kcg.gov.tw/DataSet/Detail/b30a1e5d-84fe-4c5b-800e-74d2c2d4de15","免費","胡證權","(07)3368333","2022-07-28 03:07:53","2026-06-23 09:59:08","","451;451"
"56062","歷年華文教師線上遠距研習班學員人數","檔案資料","求學及進修","白金","CSV","https://oas.ocac.gov.tw/OCAC_openDATA/API/CSV_EXPORT?TableID=A0056062","UTF-8","原始資料","本資料集提供僑務委員會歷年華文教師線上遠距研習班參訓人數。","年度;地區;國家;參訓人數","僑務委員會","每1年","政府資料開放授權條款-第1版","","免費","陳先生","0223272684","2017-10-09 00:00:00","2026-06-23 09:20:45","","13"
"6479","華文教師回國研習班參加人數","檔案資料","求學及進修","無(白名單)","CSV","https://oas.ocac.gov.tw/OCAC_openDATA/API/CSV_EXPORT?TableID=A0006479","UTF-8","原始資料","本資料集提供各年各洲參加華文教師回國研習班之人數","民國年;洲別;性別;人","僑務委員會","每1年","政府資料開放授權條款-第1版","","免費","陳先生","02-23272684","2013-10-25 00:00:00","2026-06-23 09:18:12","授權說明網址: http://data.gov.tw/license","140"
"89984","10411-01-11-2 臺中市各級學校學生人數","檔案資料","求學及進修","白金","JSON;JSON;JSON;JSON;JSON;JSON;JSON;JSON;JSON;JSON;JSON;JSON","https://newdatacenter.taichung.gov.tw/api/v1/no-auth/resource.download?rid=b51676cf-6bcb-4dbf-a307-340d699ab34f;https://newdatacenter.taichung.gov.tw/api/v1/no-auth/resource.download?rid=03ee99a4-d459-4c10-86d3-7df3c37b0001;https://newdatacenter.taichung.gov.tw/api/v1/no-auth/resource.download?rid=b5ab796f-a913-4039-b2ef-6bdb76a6bfdb;https://newdatacenter.taichung.gov.tw/api/v1/no-auth/resource.download?rid=7a2a5216-9d3d-4556-b4a4-e34534c5cced;https://newdatacenter.taichung.gov.tw/api/v1/no-auth/resource.download?rid=7b64461d-3510-4c5e-9c6f-fd1d3fed9d5b;https://newdatacenter.taichung.gov.tw/api/v1/no-auth/resource.download?rid=38deaa5e-5392-4990-acbe-55acf6d50516;https://newdatacenter.taichung.gov.tw/api/v1/no-auth/resource.download?rid=2f2a3fae-d8db-43a3-ae7f-3caaa808377b;https://newdatacenter.taichung.gov.tw/api/v1/no-auth/resource.download?rid=b0802588-3e21-45d3-b016-be5dd31e77c7;https://newdatacenter.taichung.gov.tw/api/v1/no-auth/resource.download?rid=3db45f52-3371-4d63-a8ac-ecc591eb16d0;https://newdatacenter.taichung.gov.tw/api/v1/no-auth/resource.download?rid=80a002e4-5f60-4693-88e0-24d3a7a2b9f5;https://newdatacenter.taichung.gov.tw/api/v1/no-auth/resource.download?rid=a8609f35-949c-4c33-96a7-593ae7c59479;https://newdatacenter.taichung.gov.tw/api/v1/no-auth/resource.download?rid=cd239c76-78ce-487b-bdb6-e280543ab5f6","UTF-8;UTF-8;UTF-8;UTF-8;UTF-8;UTF-8;UTF-8;UTF-8;UTF-8;UTF-8;UTF-8;UTF-8","系統介接程式","臺中市各級學校學生人數","地區;項目;欄位名稱;數值;資料時間日期;資料週期;郵遞區號;機關代碼;電子郵件;行動電話;市話;縣市別代碼;行政區域代碼","臺中市政府教育局","每6月","政府資料開放授權條款-第1版","http://opendata.taichung.gov.tw/licenseTerms","免費","王慧琳","04-22289111#55835","2018-08-23 13:20:09","2026-06-22 19:10:24","臺中市政府OAS標準之API說明文件:https://datacenter.taichung.gov.tw/swagger/yaml/387040000E ，Swagger 產生API說明頁面網址。https://datacenter.taichung.gov.tw/swagger/api-docs/","76;76;76;76;76;76;76;76;76;76;76;76"
"115974","10430-02-04-2 臺中市國民小學校地校舍概況","檔案資料","求學及進修","白金","JSON;JSON;JSON;JSON;JSON;JSON;JSON;JSON;JSON;JSON;JSON;JSON","https://newdatacenter.taichung.gov.tw/api/v1/no-auth/resource.download?rid=e0fcdc1c-5a4d-4be3-a35e-f6261d31b853;https://newdatacenter.taichung.gov.tw/api/v1/no-auth/resource.download?rid=63e20cf4-94ff-4427-958d-128eca8e6746;https://newdatacenter.taichung.gov.tw/api/v1/no-auth/resource.download?rid=1c68fc60-3afe-4b2f-9985-665aa5939cdb;https://newdatacenter.taichung.gov.tw/api/v1/no-auth/resource.download?rid=124c057e-14cb-41b3-8acb-33cb0a0eec4f;https://newdatacenter.taichung.gov.tw/api/v1/no-auth/resource.download?rid=e30a961a-2eac-495e-9f6b-78592a71bcd5;https://newdatacenter.taichung.gov.tw/api/v1/no-auth/resource.download?rid=14d5b3a7-c41c-4ffa-aca8-c0d758e3e90b;https://newdatacenter.taichung.gov.tw/api/v1/no-auth/resource.download?rid=ec0d1e65-813e-4927-b1a6-82b5e09a690e;https://newdatacenter.taichung.gov.tw/api/v1/no-auth/resource.download?rid=ead893e4-8adf-4a67-8b18-4371d67c03cd;https://newdatacenter.taichung.gov.tw/api/v1/no-auth/resource.download?rid=500fad5b-6d22-4a29-b07b-f5ced29ba170;https://newdatacenter.taichung.gov.tw/api/v1/no-auth/resource.download?rid=9ab3d58f-fa6d-40f5-8101-97b6faa77c61;https://newdatacenter.taichung.gov.tw/api/v1/no-auth/resource.download?rid=3af91090-0c57-4e33-97e5-436349d6dd92;https://newdatacenter.taichung.gov.tw/api/v1/no-auth/resource.download?rid=aaa165c2-508e-49c6-b14b-7973b39c0bf3","UTF-8;UTF-8;UTF-8;UTF-8;UTF-8;UTF-8;UTF-8;UTF-8;UTF-8;UTF-8;UTF-8;UTF-8","系統介接程式","臺中市國民小學校地校舍概況","地區;項目;欄位名稱;數值;資料時間日期;資料週期;郵遞區號;機關代碼;電子郵件;行動電話;市話;縣市別代碼;行政區域代碼","臺中市政府教育局","每6月","政府資料開放授權條款-第1版","http://opendata.taichung.gov.tw/licenseTerms","免費","王慧琳","04-22289111#55835","2020-02-03 10:18:26","2026-06-22 18:56:01","臺中市政府OAS標準之API說明文件:https://datacenter.taichung.gov.tw/swagger/yaml/387040000E ，Swagger 產生API說明頁面網址。https://datacenter.taichung.gov.tw/swagger/api-docs/","18;18;18;18;18;18;18;18;18;18;18;18"
"121345","臺北市立動物園_植物資料","檔案資料","求學及進修","白金","CSV","https://data.taipei/api/dataset/48c4d6a7-4b09-4d1f-9739-ee837d302bd1/resource/e20706d8-bf89-4e6a-9768-db2a10bb2ba4/download","UTF-8","系統介接程式","大自然裡除了有各式各樣的動物活躍其間，還有許多美麗繽紛的植物共榮共存，經由動植物間的交互作用進而創造了地球上的生態系多樣性。本資料集提供臺北市立動物園園區之植物展示導覽資訊，帶領社會大眾一同探索植物的奧秘。(本資料集開放授權應用內容僅限文字範圍，圖片、聲音及影片等多媒體資訊不在開放授權範圍)","F_Name_Ch;F_Summary;F_Keywords;F_AlsoKnown;F_Longitude;F_Latitude;F_Location;F_Name_En;F_Name_Latin;F_Family;F_Genus;F_Brief;F_Feature;F_Function&Application;F_Code;F_Pic01_ALT;F_Pic01_URL;F_Pic02_ALT;F_Pic02_URL;F_Pic03_ALT;F_Pic03_URL;F_Pic04_ALT;F_Pic04_URL;F_pdf01_ALT;F_pdf01_URL;F_pdf02_ALT;F_pdf02_URL;F_Voice01_ALT;F_Voice01_URL;F_Voice02_ALT;F_Voice02_URL;F_Voice03_ALT;F_Voice03_URL;F_Vedio_URL;F_Update;F_CID","臺北市立動物園","每1年","政府資料開放授權條款-第1版","","免費","南珈合","02-29382300#314","2014-04-15 00:00:00","2026-06-22 15:44:39","本資料集提供愛台北市政雲服務「愛遊動物園」單元介接使用。",""
"136169","臺北市補助辦理勞動教育課程概況","檔案資料","求學及進修","白金","CSV","https://data.taipei/api/dataset/879c3928-394d-4a86-888f-967082fecd3c/resource/0576488f-aba2-4c5f-a5cc-84a8599528a5/download","BIG5","系統介接程式","藉由補助工會團體、人民團體等組織辦理勞動教育，以拓展本市勞工視野。","年度;補助對象;補助場次（數）;參與人數;補助金額","臺北市政府勞動局","每1年","政府資料開放授權條款-第1版","","免費","張琇淇","02-27208889#3346","2021-01-07 00:00:00","2026-06-22 11:54:38","",""
"121225","臺北市各級學校分布圖(含國小.國中.高中職.特教學校.市立大專院校)","檔案資料","求學及進修","白金","CSV","https://data.taipei/api/dataset/58b4f7b9-d0c5-4de8-aa7f-981fcb625e45/resource/28c5792b-3af6-4bff-8ad8-f5b5e53d4062/download","UTF-8","系統介接程式","臺北市各級學校地址聯繫方式","項次;school;schoolname;postalcode;address;telephone","臺北市政府教育局","每1年","政府資料開放授權條款-第1版","","免費","陳筑萍","02-27208889#6361","2012-01-04 00:00:00","2026-06-22 09:00:11","",""
"90029","10414-00-02-2 臺中市高級中等學校原住民應屆畢業生升學就業概況","檔案資料","求學及進修","白金","JSON;JSON;JSON;JSON;JSON;JSON;JSON;JSON;JSON","https://newdatacenter.taichung.gov.tw/api/v1/no-auth/resource.download?rid=ec99e7bf-a35a-4fe3-8e64-82b221394e55;https://newdatacenter.taichung.gov.tw/api/v1/no-auth/resource.download?rid=79099fa3-e9d4-4f0f-88f4-6959b90bab9b;https://newdatacenter.taichung.gov.tw/api/v1/no-auth/resource.download?rid=f831a760-dde3-4c06-ae4d-5f3bb97b3a46;https://newdatacenter.taichung.gov.tw/api/v1/no-auth/resource.download?rid=da8b66e6-4a03-4647-ad43-31791cd14acc;https://newdatacenter.taichung.gov.tw/api/v1/no-auth/resource.download?rid=9f0b0dda-abcf-45d9-82a0-d3f63a059524;https://newdatacenter.taichung.gov.tw/api/v1/no-auth/resource.download?rid=afe7d4b4-d183-4b1c-8cf1-094a80e7d3ca;https://newdatacenter.taichung.gov.tw/api/v1/no-auth/resource.download?rid=2e9f90a5-0825-4a7a-a1ac-d3da7d21bb6c;https://newdatacenter.taichung.gov.tw/api/v1/no-auth/resource.download?rid=066290ca-009a-4288-9e46-51862ea0bbf1;https://newdatacenter.taichung.gov.tw/api/v1/no-auth/resource.download?rid=a4548a0e-ca8c-4668-89cf-c88e7e2c0f5d","UTF-8;UTF-8;UTF-8;UTF-8;UTF-8;UTF-8;UTF-8;UTF-8;UTF-8","系統介接程式","臺中市高級中等學校原住民應屆畢業生升學就業概況","地區;項目;欄位名稱;數值;資料時間日期;資料週期;郵遞區號;機關代碼;電子郵件;行動電話;市話;縣市別代碼;行政區域代碼","臺中市政府教育局","不定期更新","政府資料開放授權條款-第1版","http://opendata.taichung.gov.tw/licenseTerms","免費","王慧琳","04-22289111#55835","2018-08-23 16:42:24","2026-06-22 00:38:29","臺中市政府OAS標準之API說明文件:https://datacenter.taichung.gov.tw/swagger/yaml/387040000E ，Swagger 產生API說明頁面網址。https://datacenter.taichung.gov.tw/swagger/api-docs/","340;340;340;340;340;340;340;340;340"
"103714","10430-01-01-2 臺中市高級中等學校辦理學制概況─按行政區別分","檔案資料","求學及進修","白金","JSON;JSON;JSON;JSON;JSON;JSON;JSON;JSON;JSON;JSON;JSON;JSON","https://newdatacenter.taichung.gov.tw/api/v1/no-auth/resource.download?rid=5c49c491-9e23-4ead-832f-b62e3b6194f0;https://newdatacenter.taichung.gov.tw/api/v1/no-auth/resource.download?rid=b5213bd6-93b0-4dc7-a19a-8fda13961bc4;https://newdatacenter.taichung.gov.tw/api/v1/no-auth/resource.download?rid=ead1f1c6-8a0a-4746-acf0-5fe51ebcb5eb;https://newdatacenter.taichung.gov.tw/api/v1/no-auth/resource.download?rid=c11f5bb7-e9f3-4d73-a8ad-a84dc183c652;https://newdatacenter.taichung.gov.tw/api/v1/no-auth/resource.download?rid=1e0e2136-8f09-49c4-a2f7-77a58de28686;https://newdatacenter.taichung.gov.tw/api/v1/no-auth/resource.download?rid=4758a8e7-6b0f-4868-8332-461b87c30935;https://newdatacenter.taichung.gov.tw/api/v1/no-auth/resource.download?rid=04f483f1-3704-4c15-aacd-f028d28a2781;https://newdatacenter.taichung.gov.tw/api/v1/no-auth/resource.download?rid=46c4616d-833a-450b-b2c7-16a6a7c48268;https://newdatacenter.taichung.gov.tw/api/v1/no-auth/resource.download?rid=b06afcf0-7b19-4c5f-bf73-2b0c0cef57f0;https://newdatacenter.taichung.gov.tw/api/v1/no-auth/resource.download?rid=ec2b5afb-7755-4c0a-8952-44a4b399b756;https://newdatacenter.taichung.gov.tw/api/v1/no-auth/resource.download?rid=73426a0e-aada-4b9c-acf8-2024304ed213;https://newdatacenter.taichung.gov.tw/api/v1/no-auth/resource.download?rid=61eeea5c-5156-4eef-a656-e8d9900660d4","UTF-8;UTF-8;UTF-8;UTF-8;UTF-8;UTF-8;UTF-8;UTF-8;UTF-8;UTF-8;UTF-8;UTF-8","系統介接程式","臺中市高級中等學校辦理學制概況─按行政區別分","地區;項目;欄位名稱;數值;資料時間日期;資料週期;郵遞區號;機關代碼;電子郵件;行動電話;市話;縣市別代碼;行政區域代碼","臺中市政府教育局","每6月","政府資料開放授權條款-第1版","http://opendata.taichung.gov.tw/licenseTerms","免費","王慧琳","04-22289111#55835","2019-06-19 14:20:54","2026-06-22 00:38:28","臺中市政府OAS標準之API說明文件:https://datacenter.taichung.gov.tw/swagger/yaml/387040000E ，Swagger 產生API說明頁面網址。https://datacenter.taichung.gov.tw/swagger/api-docs/","435;435;435;435;435;435;435;435;435;435;435;435"
"90002","10411-01-42-2 臺中市高級中等學校原住民學生數-進修部(學校)","檔案資料","求學及進修","白金","JSON;JSON;JSON;JSON;JSON;JSON;JSON;JSON;JSON;JSON;JSON;JSON","https://newdatacenter.taichung.gov.tw/api/v1/no-auth/resource.download?rid=951de4f6-eadf-4caa-b310-f77a31de848e;https://newdatacenter.taichung.gov.tw/api/v1/no-auth/resource.download?rid=22f8ebb7-4725-4ff4-afff-34e364e7f0e8;https://newdatacenter.taichung.gov.tw/api/v1/no-auth/resource.download?rid=33f7bc29-a0f0-4353-8e1b-1e80f55954a0;https://newdatacenter.taichung.gov.tw/api/v1/no-auth/resource.download?rid=45676d24-a851-4e72-851e-0c2f67a5ac9f;https://newdatacenter.taichung.gov.tw/api/v1/no-auth/resource.download?rid=b0772295-f86e-4b24-9d23-5a8278ce08be;https://newdatacenter.taichung.gov.tw/api/v1/no-auth/resource.download?rid=3f2ae55e-b578-4203-9354-e3106705de62;https://newdatacenter.taichung.gov.tw/api/v1/no-auth/resource.download?rid=f7be036b-ee73-43ac-888e-8e700da2e4a8;https://newdatacenter.taichung.gov.tw/api/v1/no-auth/resource.download?rid=445b7e4b-9563-474a-a793-b81e976d6048;https://newdatacenter.taichung.gov.tw/api/v1/no-auth/resource.download?rid=b4ce321f-8a6c-465e-9a3e-a494f0e5e0d1;https://newdatacenter.taichung.gov.tw/api/v1/no-auth/resource.download?rid=bb58b41b-f60e-4849-91f9-e98e5e8e69c3;https://newdatacenter.taichung.gov.tw/api/v1/no-auth/resource.download?rid=220609d0-2b54-4b52-947d-21bbf2931c48;https://newdatacenter.taichung.gov.tw/api/v1/no-auth/resource.download?rid=a99b2f30-35c9-4f9a-ab35-16a09dec4b26","UTF-8;UTF-8;UTF-8;UTF-8;UTF-8;UTF-8;UTF-8;UTF-8;UTF-8;UTF-8;UTF-8;UTF-8","系統介接程式","臺中市高級中等學校原住民學生數-進修部(學校)","地區;項目;欄位名稱;數值;資料時間日期;資料週期;郵遞區號;機關代碼;電子郵件;行動電話;市話;縣市別代碼;行政區域代碼","臺中市政府教育局","每6月","政府資料開放授權條款-第1版","http://opendata.taichung.gov.tw/licenseTerms","免費","王慧琳","04-22289111#55835","2018-08-23 14:50:01","2026-06-22 00:38:27","臺中市政府OAS標準之API說明文件:https://datacenter.taichung.gov.tw/swagger/yaml/387040000E ，Swagger 產生API說明頁面網址。https://datacenter.taichung.gov.tw/swagger/api-docs/","170;170;170;170;170;170;170;170;170;170;170;170"
"90161","10430-03-01-2 臺中市高級中等學校班級數概況-按行政區別分","檔案資料","求學及進修","白金","JSON;JSON;JSON;JSON;JSON;JSON;JSON;JSON;JSON;JSON;JSON;JSON;JSON","https://newdatacenter.taichung.gov.tw/api/v1/no-auth/resource.download?rid=560d17f0-bf54-487f-9cf3-896626948a0f;https://newdatacenter.taichung.gov.tw/api/v1/no-auth/resource.download?rid=fe388223-bcf7-4f83-9957-1d587a9db877;https://newdatacenter.taichung.gov.tw/api/v1/no-auth/resource.download?rid=a21e7c08-eb86-43fc-aa5a-e5fe3c6cefc5;https://newdatacenter.taichung.gov.tw/api/v1/no-auth/resource.download?rid=2cf1e27c-71c3-4972-ab50-d27d2849abd1;https://newdatacenter.taichung.gov.tw/api/v1/no-auth/resource.download?rid=46f5275d-bffe-4eab-b4b1-73eb824afd9f;https://newdatacenter.taichung.gov.tw/api/v1/no-auth/resource.download?rid=10bfe4dc-4256-4037-80fc-c1ec795fb372;https://newdatacenter.taichung.gov.tw/api/v1/no-auth/resource.download?rid=ce312496-b96d-486f-920e-cadc3eb4db75;https://newdatacenter.taichung.gov.tw/api/v1/no-auth/resource.download?rid=ec3fc1f5-02a8-48f8-9588-a2a0c722fd55;https://newdatacenter.taichung.gov.tw/api/v1/no-auth/resource.download?rid=2639186d-f018-4fd4-a3dc-c5f18f63fbb7;https://newdatacenter.taichung.gov.tw/api/v1/no-auth/resource.download?rid=e87c92eb-630f-476a-9eb1-3f08e8e5f18d;https://newdatacenter.taichung.gov.tw/api/v1/no-auth/resource.download?rid=7af6ffc5-31c2-4fa4-8283-cacda9800389;https://newdatacenter.taichung.gov.tw/api/v1/no-auth/resource.download?rid=14539fc6-9e4c-489c-87f8-a624f035e968;https://newdatacenter.taichung.gov.tw/api/v1/no-auth/resource.download?rid=f9d3d513-6e13-47e3-9b97-37d677f92d68","UTF-8;UTF-8;UTF-8;UTF-8;UTF-8;UTF-8;UTF-8;UTF-8;UTF-8;UTF-8;UTF-8;UTF-8;UTF-8","系統介接程式","臺中市高級中等學校班級數概況-按行政區別分","地區;項目;欄位名稱;數值;資料時間日期;資料週期;郵遞區號;機關代碼;電子郵件;行動電話;市話;縣市別代碼;行政區域代碼","臺中市政府教育局","每6月","政府資料開放授權條款-第1版","http://opendata.taichung.gov.tw/licenseTerms","免費","王慧琳","04-22289111#55835","2018-08-27 11:18:40","2026-06-22 00:38:26","臺中市政府OAS標準之API說明文件:https://datacenter.taichung.gov.tw/swagger/yaml/387040000E ，Swagger 產生API說明頁面網址。https://datacenter.taichung.gov.tw/swagger/api-docs/","435;435;435;435;435;435;435;435;435;435;435;435;435"
"90003","10411-01-43-2 臺中市特殊教育學校原住民學生數","檔案資料","求學及進修","白金","JSON;JSON;JSON;JSON;JSON;JSON;JSON;JSON;JSON;JSON;JSON;JSON","https://newdatacenter.taichung.gov.tw/api/v1/no-auth/resource.download?rid=85895579-37ac-490f-a879-5b36f011468c;https://newdatacenter.taichung.gov.tw/api/v1/no-auth/resource.download?rid=8a33816f-0937-4fe4-84c5-982dd4823dae;https://newdatacenter.taichung.gov.tw/api/v1/no-auth/resource.download?rid=5c2aa6cc-d81f-431a-a6a5-cfaa489db2e1;https://newdatacenter.taichung.gov.tw/api/v1/no-auth/resource.download?rid=53b0c3e3-597d-4b22-b3fe-3dcc4d55f35b;https://newdatacenter.taichung.gov.tw/api/v1/no-auth/resource.download?rid=df98a1e8-d4e4-4c3a-82e0-be70696553c4;https://newdatacenter.taichung.gov.tw/api/v1/no-auth/resource.download?rid=919049b9-1f03-49ad-8a6e-8761c5088a64;https://newdatacenter.taichung.gov.tw/api/v1/no-auth/resource.download?rid=a8583cd2-98dc-420a-9ba9-f923ec41a8ee;https://newdatacenter.taichung.gov.tw/api/v1/no-auth/resource.download?rid=07704682-47fb-43be-a11f-c8b8d3294196;https://newdatacenter.taichung.gov.tw/api/v1/no-auth/resource.download?rid=b8366e6e-645e-4713-acde-83167cb31414;https://newdatacenter.taichung.gov.tw/api/v1/no-auth/resource.download?rid=cafde593-e5f5-4ed2-b4be-6d6b5f8c6216;https://newdatacenter.taichung.gov.tw/api/v1/no-auth/resource.download?rid=6c30a316-6fae-4858-9f57-f9a667910fb2;https://newdatacenter.taichung.gov.tw/api/v1/no-auth/resource.download?rid=2574ff1f-fca8-4b76-b993-1e55f4e349b3","UTF-8;UTF-8;UTF-8;UTF-8;UTF-8;UTF-8;UTF-8;UTF-8;UTF-8;UTF-8;UTF-8;UTF-8","系統介接程式","臺中市特殊教育學校原住民學生數","地區;項目;欄位名稱;數值;資料時間日期;資料週期;郵遞區號;機關代碼;電子郵件;行動電話;市話;縣市別代碼;行政區域代碼","臺中市政府教育局","每6月","政府資料開放授權條款-第1版","http://opendata.taichung.gov.tw/licenseTerms","免費","王慧琳","04-22289111#55835","2018-08-23 14:53:30","2026-06-22 00:38:25","臺中市政府OAS標準之API說明文件:https://datacenter.taichung.gov.tw/swagger/yaml/387040000E ，Swagger 產生API說明頁面網址。https://datacenter.taichung.gov.tw/swagger/api-docs/","136;136;136;136;136;136;136;136;136;136;136;136"
"90133","10420-05-01-2 臺中市高級中等學校職員及工友數","檔案資料","求學及進修","白金","JSON;JSON;JSON;JSON;JSON;JSON;JSON;JSON;JSON;JSON","https://newdatacenter.taichung.gov.tw/api/v1/no-auth/resource.download?rid=185cc45e-3217-4043-90dd-5409ba34e02e;https://newdatacenter.taichung.gov.tw/api/v1/no-auth/resource.download?rid=e9db60df-b0a9-462f-b987-190f95372941;https://newdatacenter.taichung.gov.tw/api/v1/no-auth/resource.download?rid=ca6d4d8f-dc44-4862-b049-49c4503ce38a;https://newdatacenter.taichung.gov.tw/api/v1/no-auth/resource.download?rid=79cd14b6-c4c2-451f-8503-598dbafd2a88;https://newdatacenter.taichung.gov.tw/api/v1/no-auth/resource.download?rid=40e3c612-5d35-4be5-a7b4-0b5de0868884;https://newdatacenter.taichung.gov.tw/api/v1/no-auth/resource.download?rid=d528a326-68cc-433a-8596-fc040f797d9c;https://newdatacenter.taichung.gov.tw/api/v1/no-auth/resource.download?rid=725129fb-7de6-437e-8b68-0adf81bdfabd;https://newdatacenter.taichung.gov.tw/api/v1/no-auth/resource.download?rid=d6f520b6-688c-4021-9084-0c05975fccd5;https://newdatacenter.taichung.gov.tw/api/v1/no-auth/resource.download?rid=ed879bbc-46f5-4d4a-9a10-01a38c8aef96;https://newdatacenter.taichung.gov.tw/api/v1/no-auth/resource.download?rid=10f1bc7e-f472-4706-9b84-138c8cf55bcf","UTF-8;UTF-8;UTF-8;UTF-8;UTF-8;UTF-8;UTF-8;UTF-8;UTF-8;UTF-8","系統介接程式","臺中市高級中等學校職員及工友數","地區;項目;欄位名稱;數值;資料時間日期;資料週期;郵遞區號;機關代碼;電子郵件;行動電話;市話;縣市別代碼;行政區域代碼","臺中市政府教育局","每6月","政府資料開放授權條款-第1版","http://opendata.taichung.gov.tw/licenseTerms","免費","王慧琳","04-22289111#55835","2018-08-27 09:35:39","2026-06-22 00:38:24","臺中市政府OAS標準之API說明文件:https://datacenter.taichung.gov.tw/swagger/yaml/387040000E ，Swagger 產生API說明頁面網址。https://datacenter.taichung.gov.tw/swagger/api-docs/","132;66;66;66;66;66;66;66;66;66"
"115927","10411-01-29-2 臺中市高級中等學校夜間部班級數學生暨畢業生人數─學科類別（年級別）","檔案資料","求學及進修","白金","JSON;JSON;JSON;JSON;JSON;JSON;JSON;JSON;JSON;JSON;JSON;JSON;JSON;JSON;JSON","https://newdatacenter.taichung.gov.tw/api/v1/no-auth/resource.download?rid=d07f37e4-5633-4121-9768-f4927bbe0293;https://newdatacenter.taichung.gov.tw/api/v1/no-auth/resource.download?rid=6cb42ee5-7e4d-405e-ba01-74148c77352a;https://newdatacenter.taichung.gov.tw/api/v1/no-auth/resource.download?rid=97813bfc-02c8-4ffd-bfcd-1413e64a97ba;https://newdatacenter.taichung.gov.tw/api/v1/no-auth/resource.download?rid=e0ae2fd3-434a-4fab-86ae-a4fa77c3820b;https://newdatacenter.taichung.gov.tw/api/v1/no-auth/resource.download?rid=89f3d1a0-d727-435d-8da3-3c99155673ae;https://newdatacenter.taichung.gov.tw/api/v1/no-auth/resource.download?rid=7d357677-9270-4d89-a399-d4ad767fb063;https://newdatacenter.taichung.gov.tw/api/v1/no-auth/resource.download?rid=4f9476e0-5c61-406e-b3d4-de27daf79aae;https://newdatacenter.taichung.gov.tw/api/v1/no-auth/resource.download?rid=d75d47de-7bb9-4c4b-9a7e-876fafd50d88;https://newdatacenter.taichung.gov.tw/api/v1/no-auth/resource.download?rid=65ebfe75-b92f-4e18-987b-500581f1a70e;https://newdatacenter.taichung.gov.tw/api/v1/no-auth/resource.download?rid=475e0a9b-5911-43b6-97a3-030d5da3a24e;https://newdatacenter.taichung.gov.tw/api/v1/no-auth/resource.download?rid=fe959af6-e4c6-4904-93fa-dee491e76641;https://newdatacenter.taichung.gov.tw/api/v1/no-auth/resource.download?rid=d4ce79d7-f6d7-4d99-bc45-7d3693fae83a;https://newdatacenter.taichung.gov.tw/api/v1/no-auth/resource.download?rid=a64e5f07-5e54-4835-8fa5-7f77c94885d7;https://newdatacenter.taichung.gov.tw/api/v1/no-auth/resource.download?rid=e3f32dc2-3740-4a17-92f1-72d1a1093b4f;https://newdatacenter.taichung.gov.tw/api/v1/no-auth/resource.download?rid=06926435-d792-4fbd-8c69-d63eecd3566f","UTF-8;UTF-8;UTF-8;UTF-8;UTF-8;UTF-8;UTF-8;UTF-8;UTF-8;UTF-8;UTF-8;UTF-8;UTF-8;UTF-8;UTF-8","系統介接程式","臺中市高級中等學校夜間部班級數學生暨畢業生人數─學科類別（年級別）","地區;項目;欄位名稱;數值;資料時間日期;資料週期;郵遞區號;機關代碼;電子郵件;行動電話;市話;縣市別代碼;行政區域代碼","臺中市政府教育局","每6月","政府資料開放授權條款-第1版","http://opendata.taichung.gov.tw/licenseTerms","付費","王慧琳","04-22289111#55835","2020-01-31 03:46:15","2026-06-22 00:38:23","臺中市政府OAS標準之API說明文件:https://datacenter.taichung.gov.tw/swagger/yaml/387040000E ，Swagger 產生API說明頁面網址。https://datacenter.taichung.gov.tw/swagger/api-docs/","909;909;909;909;909;909;909;909;909;909;909;909;909;909;909"
"115930","10411-01-20-2 臺中市高級中等學校概況-進修部(學校)","檔案資料","求學及進修","白金","JSON;JSON;JSON;JSON;JSON;JSON;JSON;JSON;JSON;JSON","https://newdatacenter.taichung.gov.tw/api/v1/no-auth/resource.download?rid=701b1478-48ac-4241-a5c7-63120d36a7cf;https://newdatacenter.taichung.gov.tw/api/v1/no-auth/resource.download?rid=b9f6228b-98e2-444a-b668-8c890ccbd707;https://newdatacenter.taichung.gov.tw/api/v1/no-auth/resource.download?rid=6b1971b1-e763-4be0-9a91-e17b072a30d7;https://newdatacenter.taichung.gov.tw/api/v1/no-auth/resource.download?rid=64104651-cb7d-473d-885f-9f179e8cdd8a;https://newdatacenter.taichung.gov.tw/api/v1/no-auth/resource.download?rid=d8b69fe3-54a7-4a55-a41f-9e1fd7fccaf1;https://newdatacenter.taichung.gov.tw/api/v1/no-auth/resource.download?rid=0716af8e-c593-42b9-81fc-ed85f74b8979;https://newdatacenter.taichung.gov.tw/api/v1/no-auth/resource.download?rid=d73dcaf2-1088-4224-98ee-06da510caab7;https://newdatacenter.taichung.gov.tw/api/v1/no-auth/resource.download?rid=5a673ba7-13ec-4704-9051-abe5c6a9a48a;https://newdatacenter.taichung.gov.tw/api/v1/no-auth/resource.download?rid=287544ea-89a6-42d0-afe6-2eff682d99ff;https://newdatacenter.taichung.gov.tw/api/v1/no-auth/resource.download?rid=57cb1938-1587-41d9-b979-71a542fd1abd","UTF-8;UTF-8;UTF-8;UTF-8;UTF-8;UTF-8;UTF-8;UTF-8;UTF-8;UTF-8","系統介接程式","統計項目定義：
（一）開設校數：係指高級中等學校開設進修部(學校)之學校。
（二）班級數：係指各年級之班數。
（三）學生數：以有學籍學生人數為準，包括註冊新生、轉入生、復學生、重讀生等。重讀生指學期考試及補考不及格而重讀者，含在校或轉入重學者。
（四）延修生：係指學生未修足應修之科目與學分數，而延長修業期限者(含延修生一、二)，且9月30日有在校延修之學生(9月30以前延修完畢不計列)
      ，若學生尚未確定回校延修或已升上大專院校者皆不納入本項資料統計。
（五）上學年度畢業生數：係指上學年度學生修足應修之科目與學分數，成績及格符合畢業規定者(含新學年度開學前延修取得畢業資格者)。","地區;項目;欄位名稱;數值;資料時間日期;資料週期;郵遞區號;機關代碼;電子郵件;行動電話;市話;縣市別代碼;行政區域代碼","臺中市政府教育局","每6月","政府資料開放授權條款-第1版","http://opendata.taichung.gov.tw/licenseTerms","付費","王慧琳","04-22289111#55835","2020-01-31 04:06:04","2026-06-22 00:38:21","臺中市政府OAS標準之API說明文件:https://datacenter.taichung.gov.tw/swagger/yaml/387040000E ，Swagger 產生API說明頁面網址。https://datacenter.taichung.gov.tw/swagger/api-docs/","448;448;448;448;448;448;448;448;448;448"
"103652","10450-03-07-2 臺中市國民小學學生裸眼視力檢查","檔案資料","求學及進修","白金","JSON;JSON;JSON;JSON;JSON;JSON;JSON;JSON;JSON;JSON;JSON","https://newdatacenter.taichung.gov.tw/api/v1/no-auth/resource.download?rid=6555eac8-dc82-4310-aa61-8ba19ef7f9c7;https://newdatacenter.taichung.gov.tw/api/v1/no-auth/resource.download?rid=0efc8951-a0dd-4543-aa24-cc660375efbb;https://newdatacenter.taichung.gov.tw/api/v1/no-auth/resource.download?rid=0f3e728d-1bd5-4681-ab04-aaf92edc6f43;https://newdatacenter.taichung.gov.tw/api/v1/no-auth/resource.download?rid=ceb70db3-48da-4f51-aa20-42f7612b9c2d;https://newdatacenter.taichung.gov.tw/api/v1/no-auth/resource.download?rid=0d53022f-f562-46c8-98f9-362dd5b73e10;https://newdatacenter.taichung.gov.tw/api/v1/no-auth/resource.download?rid=bfcb6530-85ab-4455-a406-a7b5794238f1;https://newdatacenter.taichung.gov.tw/api/v1/no-auth/resource.download?rid=cc3444ec-2941-45cd-9aaf-1679752dfb4f;https://newdatacenter.taichung.gov.tw/api/v1/no-auth/resource.download?rid=3f1172ce-92db-443b-b7a5-033418f34225;https://newdatacenter.taichung.gov.tw/api/v1/no-auth/resource.download?rid=5249a60f-6827-48a6-9f82-1896242f9502;https://newdatacenter.taichung.gov.tw/api/v1/no-auth/resource.download?rid=858df8d6-6f5b-44dc-b838-bccb7a97ad13;https://newdatacenter.taichung.gov.tw/api/v1/no-auth/resource.download?rid=c1f41db2-9175-4451-a338-a8c46730a485","UTF-8;UTF-8;UTF-8;UTF-8;UTF-8;UTF-8;UTF-8;UTF-8;UTF-8;UTF-8;UTF-8","系統介接程式","統計項目定義：
（一）視力正常：兩眼視力在0.9以上(含0.9)。
（二）視力不良：一眼或兩眼視力未達0.9者。
（三）視力不良率＝視力不良人數/檢查人數×100％。","地區;項目;欄位名稱;數值;資料時間日期;資料週期;郵遞區號;機關代碼;電子郵件;行動電話;市話;縣市別代碼;行政區域代碼","臺中市政府教育局","每6月","政府資料開放授權條款-第1版","http://opendata.taichung.gov.tw/licenseTerms","免費","王慧琳","04-22289111#55835","2019-06-18 17:50:09","2026-06-22 00:38:20","臺中市政府OAS標準之API說明文件:https://datacenter.taichung.gov.tw/swagger/yaml/387040000E ，Swagger 產生API說明頁面網址。https://datacenter.taichung.gov.tw/swagger/api-docs/","72;72;72;72;72;72;72;72;72;72;72"
"90030","10420-01-01-2 臺中市高級中等學校教師概況","檔案資料","求學及進修","白金","JSON;JSON;JSON;JSON;JSON;JSON;JSON;JSON;JSON;JSON","https://newdatacenter.taichung.gov.tw/api/v1/no-auth/resource.download?rid=9dc90077-adb2-4948-8f82-fdcbbc3d1689;https://newdatacenter.taichung.gov.tw/api/v1/no-auth/resource.download?rid=d21e1f8e-daca-4087-a5ff-68e67ae1c8d3;https://newdatacenter.taichung.gov.tw/api/v1/no-auth/resource.download?rid=16f4a338-d986-4e78-ab6d-83eb117ea952;https://newdatacenter.taichung.gov.tw/api/v1/no-auth/resource.download?rid=d3178ea1-1157-42e2-aad9-13e3ea5ad100;https://newdatacenter.taichung.gov.tw/api/v1/no-auth/resource.download?rid=7e453464-b029-401b-a787-5e4274efec73;https://newdatacenter.taichung.gov.tw/api/v1/no-auth/resource.download?rid=a3cab7bc-8e9b-4057-9765-d5bf89c202ef;https://newdatacenter.taichung.gov.tw/api/v1/no-auth/resource.download?rid=39bc933c-ffc5-45ba-b01c-e062b7e7063d;https://newdatacenter.taichung.gov.tw/api/v1/no-auth/resource.download?rid=66e89f36-56df-426c-87ed-e31573533969;https://newdatacenter.taichung.gov.tw/api/v1/no-auth/resource.download?rid=c9ce1b27-ad9d-404e-9982-eea4f38eb5b1;https://newdatacenter.taichung.gov.tw/api/v1/no-auth/resource.download?rid=4d451949-b948-4d63-b8da-6eca9e397711","UTF-8;UTF-8;UTF-8;UTF-8;UTF-8;UTF-8;UTF-8;UTF-8;UTF-8;UTF-8","系統介接程式","臺中市高級中等學校教師概況","地區;項目;欄位名稱;數值;資料時間日期;資料週期;郵遞區號;機關代碼;電子郵件;行動電話;市話;縣市別代碼;行政區域代碼","臺中市政府教育局","每6月","政府資料開放授權條款-第1版","http://opendata.taichung.gov.tw/licenseTerms","免費","王慧琳","04-22289111#55835","2018-08-23 16:47:23","2026-06-22 00:38:19","臺中市政府OAS標準之API說明文件:https://datacenter.taichung.gov.tw/swagger/yaml/387040000E ，Swagger 產生API說明頁面網址。https://datacenter.taichung.gov.tw/swagger/api-docs/","168;168;168;168;168;168;168;168;168;168"
"89993","10411-01-38-2 臺中市高級中等學校原住民學生數-普通科","檔案資料","求學及進修","白金","JSON;JSON;JSON;JSON;JSON;JSON;JSON;JSON;JSON;JSON;JSON;JSON;JSON","https://newdatacenter.taichung.gov.tw/api/v1/no-auth/resource.download?rid=73539eab-4b8c-46e6-a394-44fe5cc05cfc;https://newdatacenter.taichung.gov.tw/api/v1/no-auth/resource.download?rid=97dac858-aa48-4f0a-9ee3-9965f2a0325f;https://newdatacenter.taichung.gov.tw/api/v1/no-auth/resource.download?rid=e4768328-8eae-45b5-bd3b-4439a5a7be98;https://newdatacenter.taichung.gov.tw/api/v1/no-auth/resource.download?rid=a03e03e5-4d54-46a5-adf6-40683650583f;https://newdatacenter.taichung.gov.tw/api/v1/no-auth/resource.download?rid=530ca8d9-c13b-4a81-8c38-66fb4edad061;https://newdatacenter.taichung.gov.tw/api/v1/no-auth/resource.download?rid=fe2cd530-7e94-4fbb-975d-ab9e1ba485a7;https://newdatacenter.taichung.gov.tw/api/v1/no-auth/resource.download?rid=330e6991-3dbe-4fc4-b9b7-b278b2e04a84;https://newdatacenter.taichung.gov.tw/api/v1/no-auth/resource.download?rid=c19f1b86-99bb-4c3a-87dd-37774aa102fe;https://newdatacenter.taichung.gov.tw/api/v1/no-auth/resource.download?rid=96e31746-7f32-4ef0-ae71-c70f648d1914;https://newdatacenter.taichung.gov.tw/api/v1/no-auth/resource.download?rid=7ebd8006-4df6-4b61-a5fa-347c6193b908;https://newdatacenter.taichung.gov.tw/api/v1/no-auth/resource.download?rid=78185bbc-1e11-4994-9106-53aeedbf48f5;https://newdatacenter.taichung.gov.tw/api/v1/no-auth/resource.download?rid=dbe7d6e3-5c4a-4ed2-bba6-12191fa8802f;https://newdatacenter.taichung.gov.tw/api/v1/no-auth/resource.download?rid=524b4c37-3900-494e-afce-46c8959363cf","UTF-8;UTF-8;UTF-8;UTF-8;UTF-8;UTF-8;UTF-8;UTF-8;UTF-8;UTF-8;UTF-8;UTF-8;UTF-8","系統介接程式","臺中市高級中等學校原住民學生數-普通科","地區;項目;欄位名稱;數值;資料時間日期;資料週期;郵遞區號;機關代碼;電子郵件;行動電話;市話;縣市別代碼;行政區域代碼","臺中市政府教育局","每6月","政府資料開放授權條款-第1版","http://opendata.taichung.gov.tw/licenseTerms","免費","王慧琳","04-22289111#55835","2018-08-23 14:17:07","2026-06-22 00:38:17","臺中市政府OAS標準之API說明文件:https://datacenter.taichung.gov.tw/swagger/yaml/387040000E ，Swagger 產生API說明頁面網址。https://datacenter.taichung.gov.tw/swagger/api-docs/","170;170;170;170;170;170;170;170;170;170;170;170;170"
"115919","10411-01-33-2 臺中市進修學校概況","檔案資料","求學及進修","白金","JSON;JSON;JSON;JSON;JSON;JSON;JSON;JSON;JSON;JSON","https://newdatacenter.taichung.gov.tw/api/v1/no-auth/resource.download?rid=05bd850d-fc46-43a2-aa42-2e270a41f01e;https://newdatacenter.taichung.gov.tw/api/v1/no-auth/resource.download?rid=a720a58d-fec5-43b3-a310-703fd865ae6a;https://newdatacenter.taichung.gov.tw/api/v1/no-auth/resource.download?rid=33ea55ef-61a5-4d66-9ae3-29d476cfad41;https://newdatacenter.taichung.gov.tw/api/v1/no-auth/resource.download?rid=11b1f5f2-a1f1-4e22-be29-28d623579207;https://newdatacenter.taichung.gov.tw/api/v1/no-auth/resource.download?rid=a9329e84-c088-4a54-b5b5-09922e9ec615;https://newdatacenter.taichung.gov.tw/api/v1/no-auth/resource.download?rid=c49be63d-373a-4564-876b-775d8f81ad38;https://newdatacenter.taichung.gov.tw/api/v1/no-auth/resource.download?rid=7b2bf27e-034b-4d6c-aa11-5ba4a6e2a96a;https://newdatacenter.taichung.gov.tw/api/v1/no-auth/resource.download?rid=a3734ac7-75ce-462f-892a-fa5b99cf8f07;https://newdatacenter.taichung.gov.tw/api/v1/no-auth/resource.download?rid=d0f8cb68-dc9e-41ab-bddf-d9d06ac11273;https://newdatacenter.taichung.gov.tw/api/v1/no-auth/resource.download?rid=279866e1-04a2-4914-b3e5-88330c62b277","UTF-8;UTF-8;UTF-8;UTF-8;UTF-8;UTF-8;UTF-8;UTF-8;UTF-8;UTF-8","系統介接程式","臺中市進修學校概況","地區;項目;欄位名稱;數值;資料時間日期;資料週期;郵遞區號;機關代碼;電子郵件;行動電話;市話;縣市別代碼;行政區域代碼","臺中市政府教育局","每6月","政府資料開放授權條款-第1版","http://opendata.taichung.gov.tw/licenseTerms","付費","王慧琳","04-22289111#55835","2020-01-31 03:38:21","2026-06-22 00:38:15","臺中市政府OAS標準之API說明文件:https://datacenter.taichung.gov.tw/swagger/yaml/387040000E ，Swagger 產生API說明頁面網址。https://datacenter.taichung.gov.tw/swagger/api-docs/","186;186;186;186;186;186;186;186;186;186"
"103078","10411-01-41-2 臺中市高級中等學校原住民學生數-實用技能學程","檔案資料","求學及進修","白金","JSON;JSON;JSON;JSON;JSON;JSON;JSON;JSON;JSON;JSON;JSON;JSON","https://newdatacenter.taichung.gov.tw/api/v1/no-auth/resource.download?rid=16a00df8-81ec-45c5-9263-f247b44725c4;https://newdatacenter.taichung.gov.tw/api/v1/no-auth/resource.download?rid=258c29d8-96c5-4a9c-bd7a-5a5618f8acd8;https://newdatacenter.taichung.gov.tw/api/v1/no-auth/resource.download?rid=6372d7da-9b38-4e14-8191-94160c260821;https://newdatacenter.taichung.gov.tw/api/v1/no-auth/resource.download?rid=2473733e-2ad1-4481-b6a3-24600bfa46cf;https://newdatacenter.taichung.gov.tw/api/v1/no-auth/resource.download?rid=21162a9f-699b-4abb-a142-f9fc993bb146;https://newdatacenter.taichung.gov.tw/api/v1/no-auth/resource.download?rid=1c51438c-f8cd-4122-8e65-608fc9a7f367;https://newdatacenter.taichung.gov.tw/api/v1/no-auth/resource.download?rid=e6a4e050-71e9-4e2e-8551-4c77fec25c13;https://newdatacenter.taichung.gov.tw/api/v1/no-auth/resource.download?rid=a4d44f50-9a70-4d86-8019-13da1784c45f;https://newdatacenter.taichung.gov.tw/api/v1/no-auth/resource.download?rid=be815efd-dce6-4c2b-9fb9-92d527e2cb9e;https://newdatacenter.taichung.gov.tw/api/v1/no-auth/resource.download?rid=751b6627-563e-4e75-a7be-35490c590727;https://newdatacenter.taichung.gov.tw/api/v1/no-auth/resource.download?rid=fb40ec24-ca2d-460d-935b-9fdd9e0f23b2;https://newdatacenter.taichung.gov.tw/api/v1/no-auth/resource.download?rid=64c7eee2-a0dd-477d-9334-2f427ced72c6","UTF-8;UTF-8;UTF-8;UTF-8;UTF-8;UTF-8;UTF-8;UTF-8;UTF-8;UTF-8;UTF-8;UTF-8","系統介接程式","臺中市高級中等學校原住民學生數-實用技能學程","地區;項目;欄位名稱;數值;資料時間日期;資料週期;郵遞區號;機關代碼;電子郵件;行動電話;市話;縣市別代碼;行政區域代碼","臺中市政府教育局","不定期更新","政府資料開放授權條款-第1版","http://opendata.taichung.gov.tw/licenseTerms","免費","王慧琳","04-22289111#55835","2019-06-05 14:49:14","2026-06-22 00:26:32","臺中市政府OAS標準之API說明文件:https://datacenter.taichung.gov.tw/swagger/yaml/387040000E ，Swagger 產生API說明頁面網址。https://datacenter.taichung.gov.tw/swagger/api-docs/","170;170;170;170;170;170;170;170;170;170;170;170"
"90027","10414-00-01-2 臺中市高級中等學校應屆畢業生升學就業概況","檔案資料","求學及進修","白金","JSON;JSON;JSON;JSON;JSON;JSON;JSON;JSON;JSON","https://newdatacenter.taichung.gov.tw/api/v1/no-auth/resource.download?rid=3c459434-9a34-4ee0-9d92-08e8f7d2175c;https://newdatacenter.taichung.gov.tw/api/v1/no-auth/resource.download?rid=86b63ba1-42fd-48ad-ab02-80c4c1f19739;https://newdatacenter.taichung.gov.tw/api/v1/no-auth/resource.download?rid=1471cb3e-9ccd-4f0c-a97e-b02c099fcb32;https://newdatacenter.taichung.gov.tw/api/v1/no-auth/resource.download?rid=f13b5ba5-68a3-44a8-963a-a6243a7a3e0e;https://newdatacenter.taichung.gov.tw/api/v1/no-auth/resource.download?rid=9567b47f-87f9-4e72-b34c-8c0eb42a7666;https://newdatacenter.taichung.gov.tw/api/v1/no-auth/resource.download?rid=c47cac48-1a72-4e3b-993b-69178344f550;https://newdatacenter.taichung.gov.tw/api/v1/no-auth/resource.download?rid=e44ad4ac-7700-4cd0-8c70-21d49fa2c6e2;https://newdatacenter.taichung.gov.tw/api/v1/no-auth/resource.download?rid=72bb78e3-bb4a-439d-90e8-c38214bb25e2;https://newdatacenter.taichung.gov.tw/api/v1/no-auth/resource.download?rid=7e89080e-ca12-4da9-8592-09e20f795ec5","UTF-8;UTF-8;UTF-8;UTF-8;UTF-8;UTF-8;UTF-8;UTF-8;UTF-8","系統介接程式","臺中市高級中等學校應屆畢業生升學就業概況","地區;項目;欄位名稱;數值;資料時間日期;資料週期;郵遞區號;機關代碼;電子郵件;行動電話;市話;縣市別代碼;行政區域代碼","臺中市政府教育局","不定期更新","政府資料開放授權條款-第1版","http://opendata.taichung.gov.tw/licenseTerms","免費","王慧琳","04-22289111#55835","2018-08-23 16:36:02","2026-06-22 00:26:31","臺中市政府OAS標準之API說明文件:https://datacenter.taichung.gov.tw/swagger/yaml/387040000E ，Swagger 產生API說明頁面網址。https://datacenter.taichung.gov.tw/swagger/api-docs/","340;340;340;340;340;340;340;340;340"
"115929","10411-01-21-2 臺中市高級中等學校普通科科別概況","檔案資料","求學及進修","白金","JSON;JSON;JSON;JSON;JSON;JSON;JSON;JSON;JSON;JSON;JSON;JSON;JSON;JSON;JSON","https://newdatacenter.taichung.gov.tw/api/v1/no-auth/resource.download?rid=86f959ad-5b03-4f78-a305-03d48e465b2c;https://newdatacenter.taichung.gov.tw/api/v1/no-auth/resource.download?rid=47a87334-80a2-4176-91dd-753f56b7000c;https://newdatacenter.taichung.gov.tw/api/v1/no-auth/resource.download?rid=8c31f116-cefc-4f3e-8942-4eae9c581d52;https://newdatacenter.taichung.gov.tw/api/v1/no-auth/resource.download?rid=3be94f9e-e93d-408f-b407-2a8809151adc;https://newdatacenter.taichung.gov.tw/api/v1/no-auth/resource.download?rid=b8bde330-49a6-4d0d-89ca-52f7b0b87633;https://newdatacenter.taichung.gov.tw/api/v1/no-auth/resource.download?rid=ff3f8480-1163-492e-a1ef-b0b95a8fd4eb;https://newdatacenter.taichung.gov.tw/api/v1/no-auth/resource.download?rid=4a44a01d-4c49-4e98-932b-0c6ad48583e8;https://newdatacenter.taichung.gov.tw/api/v1/no-auth/resource.download?rid=a4cf5aa2-3334-42e9-af1a-7d92f8cb84b5;https://newdatacenter.taichung.gov.tw/api/v1/no-auth/resource.download?rid=f333c82a-0709-405c-9104-76abb8d47fca;https://newdatacenter.taichung.gov.tw/api/v1/no-auth/resource.download?rid=4cc83c4b-172c-41ea-8d07-f1c2e0fea7fe;https://newdatacenter.taichung.gov.tw/api/v1/no-auth/resource.download?rid=7da39764-4fda-4979-9748-f0663d1eadd7;https://newdatacenter.taichung.gov.tw/api/v1/no-auth/resource.download?rid=f5ad58c9-31c8-45da-880f-7e769bdf9cdf;https://newdatacenter.taichung.gov.tw/api/v1/no-auth/resource.download?rid=4ad8c188-311e-4a27-affb-9111556efbde;https://newdatacenter.taichung.gov.tw/api/v1/no-auth/resource.download?rid=55110ae5-6ad0-4f9b-a937-942513de858f;https://newdatacenter.taichung.gov.tw/api/v1/no-auth/resource.download?rid=3a80f764-21ee-4bbb-824b-275c0d89a7fb","UTF-8;UTF-8;UTF-8;UTF-8;UTF-8;UTF-8;UTF-8;UTF-8;UTF-8;UTF-8;UTF-8;UTF-8;UTF-8;UTF-8;UTF-8","系統介接程式","臺中市高級中等學校普通科科別概況","地區;項目;欄位名稱;數值;資料時間日期;資料週期;郵遞區號;機關代碼;電子郵件;行動電話;市話;縣市別代碼;行政區域代碼","臺中市政府教育局","每6月","政府資料開放授權條款-第1版","http://opendata.taichung.gov.tw/licenseTerms","付費","王慧琳","04-22289111#55835","2020-01-31 03:55:55","2026-06-22 00:26:30","臺中市政府OAS標準之API說明文件:https://datacenter.taichung.gov.tw/swagger/yaml/387040000E ，Swagger 產生API說明頁面網址。https://datacenter.taichung.gov.tw/swagger/api-docs/","195;195;195;195;195;195;195;195;195;195;195;195;195;195;195"
"89988","10411-01-22-2 臺中市高級中等學校專業群科(職業科)科別概況","檔案資料","求學及進修","白金","JSON;JSON;JSON;JSON;JSON;JSON;JSON;JSON;JSON;JSON;JSON;JSON;JSON;JSON;JSON;JSON;JSON;JSON","https://newdatacenter.taichung.gov.tw/api/v1/no-auth/resource.download?rid=04e2f493-0d6b-44a1-812f-980a77fe709d;https://newdatacenter.taichung.gov.tw/api/v1/no-auth/resource.download?rid=3cdd52e2-6431-401d-a25d-800c8978f4a8;https://newdatacenter.taichung.gov.tw/api/v1/no-auth/resource.download?rid=445f2395-177b-4470-8335-b4b63cb12692;https://newdatacenter.taichung.gov.tw/api/v1/no-auth/resource.download?rid=5061fa2c-65cc-42f3-9394-83ee99185c92;https://newdatacenter.taichung.gov.tw/api/v1/no-auth/resource.download?rid=2e19be0a-4452-483a-bd7b-7ca077ace327;https://newdatacenter.taichung.gov.tw/api/v1/no-auth/resource.download?rid=2d5b519e-7354-413f-bb5a-f0b5296d6d19;https://newdatacenter.taichung.gov.tw/api/v1/no-auth/resource.download?rid=563f348c-5e60-4750-bddd-e078a641e441;https://newdatacenter.taichung.gov.tw/api/v1/no-auth/resource.download?rid=667a9fce-da16-42a7-9dbd-09127f6f595e;https://newdatacenter.taichung.gov.tw/api/v1/no-auth/resource.download?rid=ba8e7fc7-f39e-45ba-84bf-cb008b09570e;https://newdatacenter.taichung.gov.tw/api/v1/no-auth/resource.download?rid=49750de4-ebed-4eaa-85e6-7e875cf10709;https://newdatacenter.taichung.gov.tw/api/v1/no-auth/resource.download?rid=48e90441-dc6e-4ae2-bb3b-b7b5c68a6a61;https://newdatacenter.taichung.gov.tw/api/v1/no-auth/resource.download?rid=46a820a8-d80c-421a-99af-e66f57c6d378;https://newdatacenter.taichung.gov.tw/api/v1/no-auth/resource.download?rid=073e9544-75c8-4973-9702-12ae0f8c4b05;https://newdatacenter.taichung.gov.tw/api/v1/no-auth/resource.download?rid=2dd25970-3670-48b1-8a57-e4d97b8e05e7;https://newdatacenter.taichung.gov.tw/api/v1/no-auth/resource.download?rid=8c17a781-bf05-4858-83dc-a0602f05a978;https://newdatacenter.taichung.gov.tw/api/v1/no-auth/resource.download?rid=14520151-1759-41d5-b68b-076c67a5b07f;https://newdatacenter.taichung.gov.tw/api/v1/no-auth/resource.download?rid=98256a37-328e-49fa-b77b-389f69f19347;https://newdatacenter.taichung.gov.tw/api/v1/no-auth/resource.download?rid=38553dea-58e2-4265-94ef-6ca925c88309","UTF-8;UTF-8;UTF-8;UTF-8;UTF-8;UTF-8;UTF-8;UTF-8;UTF-8;UTF-8;UTF-8;UTF-8;UTF-8;UTF-8;UTF-8;UTF-8;UTF-8;UTF-8","系統介接程式","臺中市高級中等學校專業群科(職業科)科別概況","地區;項目;欄位名稱;數值;資料時間日期;資料週期;郵遞區號;機關代碼;電子郵件;行動電話;市話;縣市別代碼;行政區域代碼","臺中市政府教育局","每6月","政府資料開放授權條款-第1版","http://opendata.taichung.gov.tw/licenseTerms","免費","王慧琳","04-22289111#55835","2018-08-23 13:38:54","2026-06-22 00:26:28","臺中市政府OAS標準之API說明文件:https://datacenter.taichung.gov.tw/swagger/yaml/387040000E ，Swagger 產生API說明頁面網址。https://datacenter.taichung.gov.tw/swagger/api-docs/","1377;1377;1377;1377;1377;1377;1377;1377;1377;1377;1377;1377;1377;1377;1377;1377;1377;1377"
"103076","10411-01-39-2 臺中市高級中等學校原住民學生數-專業群科(職業科)","檔案資料","求學及進修","白金","JSON;JSON;JSON;JSON;JSON;JSON;JSON;JSON;JSON;JSON;JSON;JSON","https://newdatacenter.taichung.gov.tw/api/v1/no-auth/resource.download?rid=2ae0efd9-b664-43e0-a0bf-92b1cee81f24;https://newdatacenter.taichung.gov.tw/api/v1/no-auth/resource.download?rid=f5b06c8b-1b19-4ccb-90d7-3f3bb79e5f18;https://newdatacenter.taichung.gov.tw/api/v1/no-auth/resource.download?rid=081fe843-d276-4932-bc1f-e77440e9053a;https://newdatacenter.taichung.gov.tw/api/v1/no-auth/resource.download?rid=51a5b2ed-8d11-4310-af4f-186d00096910;https://newdatacenter.taichung.gov.tw/api/v1/no-auth/resource.download?rid=0594fd04-ef32-4790-8e56-cfe7db526816;https://newdatacenter.taichung.gov.tw/api/v1/no-auth/resource.download?rid=cb7926de-e714-4891-8a1c-11c3c45760ba;https://newdatacenter.taichung.gov.tw/api/v1/no-auth/resource.download?rid=fca541bf-5beb-477f-bd98-94215c0d1eb8;https://newdatacenter.taichung.gov.tw/api/v1/no-auth/resource.download?rid=b9c0f8ea-0734-4b68-a742-210c6f3ea76b;https://newdatacenter.taichung.gov.tw/api/v1/no-auth/resource.download?rid=7cf49cc4-2715-4596-808d-8971f9e7bef9;https://newdatacenter.taichung.gov.tw/api/v1/no-auth/resource.download?rid=54ba0113-ca6d-410e-abae-f0a5ea87967a;https://newdatacenter.taichung.gov.tw/api/v1/no-auth/resource.download?rid=22e19da3-fdf9-4f0e-a24e-e55536d583fc;https://newdatacenter.taichung.gov.tw/api/v1/no-auth/resource.download?rid=d9c6e4a3-e8d6-4470-a273-8774b156c7a1","UTF-8;UTF-8;UTF-8;UTF-8;UTF-8;UTF-8;UTF-8;UTF-8;UTF-8;UTF-8;UTF-8;UTF-8","系統介接程式","臺中市高級中等學校原住民學生數-專業群科(職業科)","地區;項目;欄位名稱;數值;資料時間日期;資料週期;郵遞區號;機關代碼;電子郵件;行動電話;市話;縣市別代碼;行政區域代碼","臺中市政府教育局","不定期更新","政府資料開放授權條款-第1版","http://opendata.taichung.gov.tw/licenseTerms","免費","王慧琳","04-22289111#55835","2019-06-05 14:48:00","2026-06-22 00:26:27","臺中市政府OAS標準之API說明文件:https://datacenter.taichung.gov.tw/swagger/yaml/387040000E ，Swagger 產生API說明頁面網址。https://datacenter.taichung.gov.tw/swagger/api-docs/","324;324;324;324;324;324;324;324;324;324;324;324"
"89991","10411-01-27-2 臺中市高級中等學校新生入學方式","檔案資料","求學及進修","白金","JSON;JSON;JSON;JSON;JSON;JSON;JSON;JSON","https://newdatacenter.taichung.gov.tw/api/v1/no-auth/resource.download?rid=9f08fa42-d520-4748-8632-11cec55eb93d;https://newdatacenter.taichung.gov.tw/api/v1/no-auth/resource.download?rid=6ce31a6a-e875-4f37-b9e1-287133f370d0;https://newdatacenter.taichung.gov.tw/api/v1/no-auth/resource.download?rid=6ec888dc-360f-4e7a-a993-7803e76b7a30;https://newdatacenter.taichung.gov.tw/api/v1/no-auth/resource.download?rid=43465159-b65a-4fc5-bd21-2988d1892e81;https://newdatacenter.taichung.gov.tw/api/v1/no-auth/resource.download?rid=9d53ab45-30be-4c12-ab6b-8aae6f3626c1;https://newdatacenter.taichung.gov.tw/api/v1/no-auth/resource.download?rid=734cb87a-5c5c-4d72-87bc-f5aa8c2e0b97;https://newdatacenter.taichung.gov.tw/api/v1/no-auth/resource.download?rid=68a23452-2d89-427b-a429-502006191d80;https://newdatacenter.taichung.gov.tw/api/v1/no-auth/resource.download?rid=e355111f-253f-4739-ae50-76abd2b600e9","UTF-8;UTF-8;UTF-8;UTF-8;UTF-8;UTF-8;UTF-8;UTF-8","系統介接程式","臺中市高級中等學校新生入學方式","地區;項目;欄位名稱;數值;資料時間日期;資料週期;郵遞區號;機關代碼;電子郵件;行動電話;市話;縣市別代碼;行政區域代碼","臺中市政府教育局","每6月","政府資料開放授權條款-第1版","http://opendata.taichung.gov.tw/licenseTerms","免費","王慧琳","04-22289111#55835","2018-08-23 13:55:16","2026-06-22 00:26:25","臺中市政府OAS標準之API說明文件:https://datacenter.taichung.gov.tw/swagger/yaml/387040000E ，Swagger 產生API說明頁面網址。https://datacenter.taichung.gov.tw/swagger/api-docs/","286;286;286;286;286;285;234;234"
"115920","10411-01-32-2 臺中市幼兒園概況","檔案資料","求學及進修","白金","JSON;JSON;JSON;JSON;JSON;JSON;JSON;JSON;JSON;JSON;JSON","https://newdatacenter.taichung.gov.tw/api/v1/no-auth/resource.download?rid=2a942d14-93f1-4db1-877f-22180759d3b6;https://newdatacenter.taichung.gov.tw/api/v1/no-auth/resource.download?rid=afd0912a-1d02-42e3-8bc4-b5571f11d43e;https://newdatacenter.taichung.gov.tw/api/v1/no-auth/resource.download?rid=79f5b133-0be0-4614-9b04-03e28b15bad7;https://newdatacenter.taichung.gov.tw/api/v1/no-auth/resource.download?rid=e8e3e1d2-8013-4e04-b6e3-1110e4de3c86;https://newdatacenter.taichung.gov.tw/api/v1/no-auth/resource.download?rid=80faec2f-11f5-4ee6-8783-a877aaf052ec;https://newdatacenter.taichung.gov.tw/api/v1/no-auth/resource.download?rid=f69d4cdd-554f-47d8-aa51-34a0d499687c;https://newdatacenter.taichung.gov.tw/api/v1/no-auth/resource.download?rid=ba1f225e-aac3-4045-b169-5df13ae0a74b;https://newdatacenter.taichung.gov.tw/api/v1/no-auth/resource.download?rid=c2afff9f-4eac-4e8a-96a9-22586094fb4f;https://newdatacenter.taichung.gov.tw/api/v1/no-auth/resource.download?rid=4e7a169e-5a8b-4fb1-b511-1a0398f39c23;https://newdatacenter.taichung.gov.tw/api/v1/no-auth/resource.download?rid=28f91e63-d021-45fd-8064-98683dae0605;https://newdatacenter.taichung.gov.tw/api/v1/no-auth/resource.download?rid=8641e778-b6e4-438f-b14f-e0345229a051","UTF-8;UTF-8;UTF-8;UTF-8;UTF-8;UTF-8;UTF-8;UTF-8;UTF-8;UTF-8;UTF-8","系統介接程式","臺中市幼兒園概況","地區;項目;欄位名稱;數值;資料時間日期;資料週期;郵遞區號;機關代碼;電子郵件;行動電話;市話;縣市別代碼;行政區域代碼","臺中市政府教育局","不定期更新","政府資料開放授權條款-第1版","http://opendata.taichung.gov.tw/licenseTerms","免費","王慧琳","04-22289111#55835","2020-01-31 03:39:05","2026-06-22 00:26:24","臺中市政府OAS標準之API說明文件:https://datacenter.taichung.gov.tw/swagger/yaml/387040000E ，Swagger 產生API說明頁面網址。https://datacenter.taichung.gov.tw/swagger/api-docs/","9;9;9;9;9;9;9;9;9;9;9"
"90173","10450-03-05-2 臺中市高級中等學校學生裸眼視力檢查-進修部(學校)","檔案資料","求學及進修","白金","JSON;JSON;JSON;JSON;JSON;JSON;JSON;JSON;JSON","https://newdatacenter.taichung.gov.tw/api/v1/no-auth/resource.download?rid=da87559f-7654-414b-b69f-6ae33c7271c8;https://newdatacenter.taichung.gov.tw/api/v1/no-auth/resource.download?rid=bcf63dba-ab6a-4013-add1-fe1c93c6f477;https://newdatacenter.taichung.gov.tw/api/v1/no-auth/resource.download?rid=b97c6897-f871-4b52-9f93-47cf51092ed0;https://newdatacenter.taichung.gov.tw/api/v1/no-auth/resource.download?rid=3645caed-5f07-4eb4-82f7-21d418cacf8a;https://newdatacenter.taichung.gov.tw/api/v1/no-auth/resource.download?rid=5afeade1-a48a-439b-99e1-b5a1400f0a70;https://newdatacenter.taichung.gov.tw/api/v1/no-auth/resource.download?rid=1aba0e64-7c37-48ac-a62f-f852fb2e4a14;https://newdatacenter.taichung.gov.tw/api/v1/no-auth/resource.download?rid=7ba1b115-a138-46e4-b2c9-5320a555cf2a;https://newdatacenter.taichung.gov.tw/api/v1/no-auth/resource.download?rid=17684427-f2fc-4fef-bb34-91e5474aae3c;https://newdatacenter.taichung.gov.tw/api/v1/no-auth/resource.download?rid=5cb04cc7-4047-4449-a8fd-fd6aa3e00ab6","UTF-8;UTF-8;UTF-8;UTF-8;UTF-8;UTF-8;UTF-8;UTF-8;UTF-8","系統介接程式","臺中市高級中等學校學生裸眼視力檢查-進修部(學校)","地區;項目;欄位名稱;數值;資料時間日期;資料週期;郵遞區號;機關代碼;電子郵件;行動電話;市話;縣市別代碼;行政區域代碼","臺中市政府教育局","每6月","政府資料開放授權條款-第1版","http://opendata.taichung.gov.tw/licenseTerms","免費","王慧琳","04-22289111#55835","2018-08-27 11:57:04","2026-06-22 00:26:23","臺中市政府OAS標準之API說明文件:https://datacenter.taichung.gov.tw/swagger/yaml/387040000E ，Swagger 產生API說明頁面網址。https://datacenter.taichung.gov.tw/swagger/api-docs/","240;240;240;240;240;240;240;240;240"
"89985","10411-01-12-2 臺中市各級學校畢業生人數","檔案資料","求學及進修","白金","JSON;JSON;JSON;JSON;JSON;JSON;JSON;JSON","https://newdatacenter.taichung.gov.tw/api/v1/no-auth/resource.download?rid=8f409997-322b-4bdd-9888-773bbf70d76b;https://newdatacenter.taichung.gov.tw/api/v1/no-auth/resource.download?rid=e728618f-fcd7-49ac-bb50-fe7edbc0a63e;https://newdatacenter.taichung.gov.tw/api/v1/no-auth/resource.download?rid=ee028726-9a12-4dbd-b00a-b47a53f5f216;https://newdatacenter.taichung.gov.tw/api/v1/no-auth/resource.download?rid=428f6349-59d3-4c9c-81db-89d2d8af171f;https://newdatacenter.taichung.gov.tw/api/v1/no-auth/resource.download?rid=a3e2f497-a7c4-4174-b129-d5a580c56fbb;https://newdatacenter.taichung.gov.tw/api/v1/no-auth/resource.download?rid=fc4f78f4-eed8-45d3-bda6-740a008a5d69;https://newdatacenter.taichung.gov.tw/api/v1/no-auth/resource.download?rid=2a9ffd21-50a9-4dda-a773-394eb415230b;https://newdatacenter.taichung.gov.tw/api/v1/no-auth/resource.download?rid=2177012b-c5b7-4197-bcde-0b2a787b8fdc","UTF-8;UTF-8;UTF-8;UTF-8;UTF-8;UTF-8;UTF-8;UTF-8","系統介接程式","臺中市各級學校畢業生人數","地區;項目;欄位名稱;數值;資料時間日期;資料週期;郵遞區號;機關代碼;電子郵件;行動電話;市話;縣市別代碼;行政區域代碼","臺中市政府教育局","每6月","政府資料開放授權條款-第1版","http://opendata.taichung.gov.tw/licenseTerms","免費","王慧琳","04-22289111#55835","2018-08-23 13:22:41","2026-06-22 00:26:19","臺中市政府OAS標準之API說明文件:https://datacenter.taichung.gov.tw/swagger/yaml/387040000E ，Swagger 產生API說明頁面網址。https://datacenter.taichung.gov.tw/swagger/api-docs/","68;68;68;68;68;68;68;68"
"115928","10411-01-28-2 臺中市高級中等學校日間部班級數學生暨畢業生人數─學科類別（年級別）","檔案資料","求學及進修","白金","JSON;JSON;JSON;JSON;JSON;JSON;JSON;JSON;JSON;JSON;JSON;JSON;JSON","https://newdatacenter.taichung.gov.tw/api/v1/no-auth/resource.download?rid=e099d0ac-9b02-4c06-92fb-89dcb3e5ffc4;https://newdatacenter.taichung.gov.tw/api/v1/no-auth/resource.download?rid=4819d306-d1d1-4264-b8c1-e63b4c4a0e31;https://newdatacenter.taichung.gov.tw/api/v1/no-auth/resource.download?rid=9f94cbad-d9e3-4260-b432-95d272dc96ad;https://newdatacenter.taichung.gov.tw/api/v1/no-auth/resource.download?rid=3d41c4ee-d45b-4076-913b-7dc15a814646;https://newdatacenter.taichung.gov.tw/api/v1/no-auth/resource.download?rid=368ddcfa-b6d6-4003-baf8-0691ce892e9b;https://newdatacenter.taichung.gov.tw/api/v1/no-auth/resource.download?rid=348f9d9c-ae59-4582-ad03-6a7b963b18d7;https://newdatacenter.taichung.gov.tw/api/v1/no-auth/resource.download?rid=cdf13f2d-7e81-47fc-9a5d-135ad9bba55f;https://newdatacenter.taichung.gov.tw/api/v1/no-auth/resource.download?rid=a9373de4-e9ef-4a05-afdd-d9b4661c25c8;https://newdatacenter.taichung.gov.tw/api/v1/no-auth/resource.download?rid=5c3d7ce8-8702-4dbc-800f-1e5c070bd961;https://newdatacenter.taichung.gov.tw/api/v1/no-auth/resource.download?rid=59d490fc-9640-49c9-8b20-1d6d4081d232;https://newdatacenter.taichung.gov.tw/api/v1/no-auth/resource.download?rid=70f2ae3c-d608-4a13-9358-14de1fe8a221;https://newdatacenter.taichung.gov.tw/api/v1/no-auth/resource.download?rid=e9fb54bc-9e9e-440e-814f-7bce02d82179;https://newdatacenter.taichung.gov.tw/api/v1/no-auth/resource.download?rid=4a2ab73e-ee33-41f4-852a-e2ef13a00184","UTF-8;UTF-8;UTF-8;UTF-8;UTF-8;UTF-8;UTF-8;UTF-8;UTF-8;UTF-8;UTF-8;UTF-8;UTF-8","系統介接程式","臺中市高級中等學校日間部班級數學生暨畢業生人數─學科類別（年級別）","地區;項目;欄位名稱;數值;資料時間日期;資料週期;郵遞區號;機關代碼;電子郵件;行動電話;市話;縣市別代碼;行政區域代碼","臺中市政府教育局","每6月","政府資料開放授權條款-第1版","http://opendata.taichung.gov.tw/licenseTerms","付費","王慧琳","04-22289111#55835","2020-01-31 03:48:26","2026-06-21 23:57:09","臺中市政府OAS標準之API說明文件:https://datacenter.taichung.gov.tw/swagger/yaml/387040000E ，Swagger 產生API說明頁面網址。https://datacenter.taichung.gov.tw/swagger/api-docs/","2220;2220;2220;2220;2220;2220;2220;2220;2220;2220;2220;2220;2220"
"115915","10411-05-01-2 臺中市高級中等學校僑生、中國大陸及港澳學生數","檔案資料","求學及進修","白金","JSON;JSON;JSON;JSON;JSON;JSON;JSON;JSON;JSON;JSON;JSON;JSON;JSON;JSON;JSON","https://newdatacenter.taichung.gov.tw/api/v1/no-auth/resource.download?rid=107338b1-ba10-40bb-9867-949de5bb7fab;https://newdatacenter.taichung.gov.tw/api/v1/no-auth/resource.download?rid=bd885c06-2254-449c-8f0c-25a253715783;https://newdatacenter.taichung.gov.tw/api/v1/no-auth/resource.download?rid=fc169d5c-9b45-41f3-87e8-d49f5b560c11;https://newdatacenter.taichung.gov.tw/api/v1/no-auth/resource.download?rid=2bb46ca9-953b-4ca5-bf8b-3e8f66c80eb0;https://newdatacenter.taichung.gov.tw/api/v1/no-auth/resource.download?rid=75dc7b0f-ff63-4ade-be1f-9a8ea938a56c;https://newdatacenter.taichung.gov.tw/api/v1/no-auth/resource.download?rid=7442f93a-ba6a-4783-91f3-8c44046afc89;https://newdatacenter.taichung.gov.tw/api/v1/no-auth/resource.download?rid=9544e785-9422-4761-9018-fc9b504b262f;https://newdatacenter.taichung.gov.tw/api/v1/no-auth/resource.download?rid=91d29d0f-7d0e-449c-9e92-d488297d436a;https://newdatacenter.taichung.gov.tw/api/v1/no-auth/resource.download?rid=5693c3d4-f6eb-405d-8917-71f69bbff82e;https://newdatacenter.taichung.gov.tw/api/v1/no-auth/resource.download?rid=2f0b1312-ec16-4c1a-b31f-dba71ce9ff18;https://newdatacenter.taichung.gov.tw/api/v1/no-auth/resource.download?rid=cf7c957b-0f9e-4aa0-883f-d8dbb6d0c535;https://newdatacenter.taichung.gov.tw/api/v1/no-auth/resource.download?rid=7eb902e7-76f0-4485-9e36-9c432919f1e1;https://newdatacenter.taichung.gov.tw/api/v1/no-auth/resource.download?rid=2c45f36e-f668-4c5b-845a-c5410ccf6a38;https://newdatacenter.taichung.gov.tw/api/v1/no-auth/resource.download?rid=ed62e600-754f-46cd-83db-051c6e1b4ab6;https://newdatacenter.taichung.gov.tw/api/v1/no-auth/resource.download?rid=217ed477-f4de-4ff6-b120-a6b454e1ae5d","UTF-8;UTF-8;UTF-8;UTF-8;UTF-8;UTF-8;UTF-8;UTF-8;UTF-8;UTF-8;UTF-8;UTF-8;UTF-8;UTF-8;UTF-8","系統介接程式","臺中市高級中等學校僑生、中國大陸及港澳學生數","地區;項目;欄位名稱;數值;資料時間日期;資料週期;郵遞區號;機關代碼;電子郵件;行動電話;市話;縣市別代碼;行政區域代碼","臺中市政府教育局","不定期更新","政府資料開放授權條款-第1版","http://opendata.taichung.gov.tw/licenseTerms","付費","王慧琳","04-22289111#55835","2020-01-31 03:26:58","2026-06-21 23:57:07","臺中市政府OAS標準之API說明文件:https://datacenter.taichung.gov.tw/swagger/yaml/387040000E ，Swagger 產生API說明頁面網址。https://datacenter.taichung.gov.tw/swagger/api-docs/","118;118;118;118;118;118;118;118;118;118;118;118;118;118;118"
"103077","10411-01-40-2 臺中市高級中等學校原住民學生數-綜合高中","檔案資料","求學及進修","白金","JSON;JSON;JSON;JSON;JSON;JSON;JSON;JSON;JSON;JSON;JSON;JSON","https://newdatacenter.taichung.gov.tw/api/v1/no-auth/resource.download?rid=9d92ce92-63f9-4027-8028-b9d492bce6a6;https://newdatacenter.taichung.gov.tw/api/v1/no-auth/resource.download?rid=1c203d7a-4388-44ba-be0e-869705dc4f57;https://newdatacenter.taichung.gov.tw/api/v1/no-auth/resource.download?rid=9ee36d60-ec07-4829-a8ed-d09dd354da31;https://newdatacenter.taichung.gov.tw/api/v1/no-auth/resource.download?rid=500eaf2c-febc-4c1a-a33f-46684b402aec;https://newdatacenter.taichung.gov.tw/api/v1/no-auth/resource.download?rid=8c26cf6c-b55e-4e29-8fa0-897cb18a2a9d;https://newdatacenter.taichung.gov.tw/api/v1/no-auth/resource.download?rid=92c78148-d521-444e-b6fd-f3e7e6103905;https://newdatacenter.taichung.gov.tw/api/v1/no-auth/resource.download?rid=0745b04e-e4c1-4c04-88bb-88f519ef073e;https://newdatacenter.taichung.gov.tw/api/v1/no-auth/resource.download?rid=bbf98b39-4d4c-4404-a0cc-c5b834662923;https://newdatacenter.taichung.gov.tw/api/v1/no-auth/resource.download?rid=ca51e92e-f8fa-412f-874d-db4b94b94248;https://newdatacenter.taichung.gov.tw/api/v1/no-auth/resource.download?rid=c1ca96f6-b31a-48e7-bb4f-83be0f5cdd90;https://newdatacenter.taichung.gov.tw/api/v1/no-auth/resource.download?rid=35c818b2-c250-4f24-a2ac-1d14e3caf375;https://newdatacenter.taichung.gov.tw/api/v1/no-auth/resource.download?rid=0185f254-3ce5-41e3-9b08-785a54560055","UTF-8;UTF-8;UTF-8;UTF-8;UTF-8;UTF-8;UTF-8;UTF-8;UTF-8;UTF-8;UTF-8;UTF-8","系統介接程式","統計項目定義：
（一）原住民族身分認定：以戶籍謄本、族籍證明或戶口名簿有所註記者為準。
（二）學生數：以有學籍之學生人數為準，包括註冊新生、轉入生、復學生、重讀生等。重讀
生指學期考試及補考不及格而重讀者，含在校或轉入重學者。
（三）上學年度畢業生數：係指上學年度學生修足應修之科目與學分數，成績及格符合畢業
規定者(含新學年度開學前延修取得畢業資格者)。","地區;項目;欄位名稱;數值;資料時間日期;資料週期;郵遞區號;機關代碼;電子郵件;行動電話;市話;縣市別代碼;行政區域代碼","臺中市政府教育局","每6月","政府資料開放授權條款-第1版","http://opendata.taichung.gov.tw/licenseTerms","免費","王慧琳","04-22289111#55835","2019-06-05 14:48:32","2026-06-21 23:57:05","臺中市政府OAS標準之API說明文件:https://datacenter.taichung.gov.tw/swagger/yaml/387040000E ，Swagger 產生API說明頁面網址。https://datacenter.taichung.gov.tw/swagger/api-docs/","170;170;170;170;170;170;170;170;170;170;170;170"
"103088","10430-03-02-2 臺中市高級中等學校班級規模別","檔案資料","求學及進修","白金","JSON;JSON;JSON;JSON;JSON;JSON;JSON;JSON;JSON;JSON;JSON;JSON","https://newdatacenter.taichung.gov.tw/api/v1/no-auth/resource.download?rid=c7aa3634-9648-4e01-b6e1-c61b32ba664e;https://newdatacenter.taichung.gov.tw/api/v1/no-auth/resource.download?rid=00795a74-0b50-4408-ad85-94391d63d240;https://newdatacenter.taichung.gov.tw/api/v1/no-auth/resource.download?rid=56468c4f-4496-4ccf-817d-48686d51454d;https://newdatacenter.taichung.gov.tw/api/v1/no-auth/resource.download?rid=90119aef-3d73-48c2-991f-e9569f363793;https://newdatacenter.taichung.gov.tw/api/v1/no-auth/resource.download?rid=b04bfebd-cdf3-4c75-8d11-82632c3f73b1;https://newdatacenter.taichung.gov.tw/api/v1/no-auth/resource.download?rid=ece1670e-11a5-4053-bb8a-94d0c08e7c95;https://newdatacenter.taichung.gov.tw/api/v1/no-auth/resource.download?rid=643ac156-61f0-461c-bb13-8892995092a5;https://newdatacenter.taichung.gov.tw/api/v1/no-auth/resource.download?rid=241a1213-bee5-4397-862e-ba115b9669ef;https://newdatacenter.taichung.gov.tw/api/v1/no-auth/resource.download?rid=97e1d346-fc86-4c00-bfa0-b346d507437e;https://newdatacenter.taichung.gov.tw/api/v1/no-auth/resource.download?rid=5d778c45-6288-4149-ad40-56d88ade702c;https://newdatacenter.taichung.gov.tw/api/v1/no-auth/resource.download?rid=673cd48b-2c7e-4930-8dc0-6e012ee821fa;https://newdatacenter.taichung.gov.tw/api/v1/no-auth/resource.download?rid=14173f06-331c-438d-aacf-adeaeb8794e7","UTF-8;UTF-8;UTF-8;UTF-8;UTF-8;UTF-8;UTF-8;UTF-8;UTF-8;UTF-8;UTF-8;UTF-8","系統介接程式","臺中市高級中等學校班級規模別","地區;項目;欄位名稱;數值;資料時間日期;資料週期;郵遞區號;機關代碼;電子郵件;行動電話;市話;縣市別代碼;行政區域代碼","臺中市政府教育局","每6月","政府資料開放授權條款-第1版","http://opendata.taichung.gov.tw/licenseTerms","免費","王慧琳","04-22289111#55835","2018-08-27 12:00:00","2026-06-21 23:57:04","臺中市政府OAS標準之API說明文件:https://datacenter.taichung.gov.tw/swagger/yaml/387040000E ，Swagger 產生API說明頁面網址。https://datacenter.taichung.gov.tw/swagger/api-docs/","225;225;225;225;225;225;225;225;225;225;225;225"
"115972","10450-03-06-2 臺中市國民中學學生裸眼視力檢查","檔案資料","求學及進修","白金","JSON;JSON;JSON;JSON;JSON;JSON;JSON;JSON;JSON;JSON;JSON;JSON","https://newdatacenter.taichung.gov.tw/api/v1/no-auth/resource.download?rid=d520e21d-e8e6-4a6f-8256-c3f15c2e49f3;https://newdatacenter.taichung.gov.tw/api/v1/no-auth/resource.download?rid=463ee8c1-a39a-4e79-a6b2-fe3bd0d53282;https://newdatacenter.taichung.gov.tw/api/v1/no-auth/resource.download?rid=04fafa29-5b8d-46f2-9ab5-842a48fd20fd;https://newdatacenter.taichung.gov.tw/api/v1/no-auth/resource.download?rid=9b5713e4-6916-4f23-97aa-c712f0d4048d;https://newdatacenter.taichung.gov.tw/api/v1/no-auth/resource.download?rid=5ece393b-aba4-4c34-a355-99a697a8cf97;https://newdatacenter.taichung.gov.tw/api/v1/no-auth/resource.download?rid=42f207fc-c076-4617-9450-cf25901b4ec1;https://newdatacenter.taichung.gov.tw/api/v1/no-auth/resource.download?rid=d0e24d22-5786-47f6-b17a-c12f06c1ac6d;https://newdatacenter.taichung.gov.tw/api/v1/no-auth/resource.download?rid=6451e358-f447-4568-a32b-64c142316b6a;https://newdatacenter.taichung.gov.tw/api/v1/no-auth/resource.download?rid=a86e1e74-21ab-4e0a-83c8-c0f5f5f2042a;https://newdatacenter.taichung.gov.tw/api/v1/no-auth/resource.download?rid=3112a079-04f3-4d5a-b9c4-65cd4a98fe8a;https://newdatacenter.taichung.gov.tw/api/v1/no-auth/resource.download?rid=e4b71b99-9ca0-48a1-9bbb-1805d1d4f5ef;https://newdatacenter.taichung.gov.tw/api/v1/no-auth/resource.download?rid=ae460e86-6d97-4a41-b13b-6e3ac532510e","UTF-8;UTF-8;UTF-8;UTF-8;UTF-8;UTF-8;UTF-8;UTF-8;UTF-8;UTF-8;UTF-8;UTF-8","系統介接程式","臺中市國民中學學生裸眼視力檢查","地區;項目;欄位名稱;數值;資料時間日期;資料週期;郵遞區號;機關代碼;電子郵件;行動電話;市話;縣市別代碼;行政區域代碼","臺中市政府教育局","每6月","政府資料開放授權條款-第1版","http://opendata.taichung.gov.tw/licenseTerms","免費","王慧琳","04-22289111#55835","2020-02-03 09:56:34","2026-06-21 23:57:03","臺中市政府OAS標準之API說明文件:https://datacenter.taichung.gov.tw/swagger/yaml/387040000E ，Swagger 產生API說明頁面網址。https://datacenter.taichung.gov.tw/swagger/api-docs/","36;36;36;36;36;36;36;36;36;36;36;36"
"89989","10411-01-25-2 臺中市高級中等學校進修部(學校)科別概況","檔案資料","求學及進修","白金","JSON;JSON;JSON;JSON;JSON;JSON;JSON;JSON;JSON;JSON;JSON;JSON;JSON;JSON;JSON","https://newdatacenter.taichung.gov.tw/api/v1/no-auth/resource.download?rid=0dc13ff0-0763-492b-bac9-90034d2714f8;https://newdatacenter.taichung.gov.tw/api/v1/no-auth/resource.download?rid=3c1ea8be-f630-4814-ba18-71f02e3630cf;https://newdatacenter.taichung.gov.tw/api/v1/no-auth/resource.download?rid=6a8b9624-9708-4a93-be43-f428301297e9;https://newdatacenter.taichung.gov.tw/api/v1/no-auth/resource.download?rid=b0e2bbde-cbd6-480f-9e3f-6674d26bf84c;https://newdatacenter.taichung.gov.tw/api/v1/no-auth/resource.download?rid=809e6a7a-b121-4471-bcfa-3908e3484054;https://newdatacenter.taichung.gov.tw/api/v1/no-auth/resource.download?rid=685156e7-32af-4b88-8707-9ab1521f1f60;https://newdatacenter.taichung.gov.tw/api/v1/no-auth/resource.download?rid=473314b5-f07c-4670-9a57-7cfac8bbc143;https://newdatacenter.taichung.gov.tw/api/v1/no-auth/resource.download?rid=c6d429c0-8b0e-4ace-ac17-1a2f2fd44b04;https://newdatacenter.taichung.gov.tw/api/v1/no-auth/resource.download?rid=7a6cecac-d9e9-424e-bf3b-b18ad785a5ef;https://newdatacenter.taichung.gov.tw/api/v1/no-auth/resource.download?rid=0ef177d6-4d88-459f-8300-c476ba012403;https://newdatacenter.taichung.gov.tw/api/v1/no-auth/resource.download?rid=e939f976-6ac7-4fbd-aa6a-d6f6624ed8b8;https://newdatacenter.taichung.gov.tw/api/v1/no-auth/resource.download?rid=845539ee-727e-4d16-b52e-34195bcf60d6;https://newdatacenter.taichung.gov.tw/api/v1/no-auth/resource.download?rid=3a6f2efa-1a88-436a-aae4-641c5ec64e72;https://newdatacenter.taichung.gov.tw/api/v1/no-auth/resource.download?rid=80ceadab-2838-41d9-8716-6679be284497;https://newdatacenter.taichung.gov.tw/api/v1/no-auth/resource.download?rid=1d822a70-6d2f-4b75-85e2-72ee1193c2d0","UTF-8;UTF-8;UTF-8;UTF-8;UTF-8;UTF-8;UTF-8;UTF-8;UTF-8;UTF-8;UTF-8;UTF-8;UTF-8;UTF-8;UTF-8","系統介接程式","臺中市高級中等學校進修部(學校)科別概況","地區;項目;欄位名稱;數值;資料時間日期;資料週期;郵遞區號;機關代碼;電子郵件;行動電話;市話;縣市別代碼;行政區域代碼","臺中市政府教育局","每6月","政府資料開放授權條款-第1版","http://opendata.taichung.gov.tw/licenseTerms","免費","王慧琳","04-22289111#55835","2018-08-23 13:47:55","2026-06-21 23:57:02","臺中市政府OAS標準之API說明文件:https://datacenter.taichung.gov.tw/swagger/yaml/387040000E ，Swagger 產生API說明頁面網址。https://datacenter.taichung.gov.tw/swagger/api-docs/","585;585;585;585;585;585;585;585;585;585;585;585;585;585;585"
"89986","10411-01-14-2 臺中市高級中等學校畢業生數-按行政區別分","檔案資料","求學及進修","白金","JSON;JSON;JSON;JSON;JSON;JSON;JSON","https://newdatacenter.taichung.gov.tw/api/v1/no-auth/resource.download?rid=5567c7dd-20ed-4eaa-9e45-04aaafa3fa1a;https://newdatacenter.taichung.gov.tw/api/v1/no-auth/resource.download?rid=31465040-4843-49d9-9e7c-a72037cb96dd;https://newdatacenter.taichung.gov.tw/api/v1/no-auth/resource.download?rid=a613d441-8c68-4a6f-892d-7c890b3e1f92;https://newdatacenter.taichung.gov.tw/api/v1/no-auth/resource.download?rid=6976dd87-9c6a-4f63-bd35-fb1c248a03f9;https://newdatacenter.taichung.gov.tw/api/v1/no-auth/resource.download?rid=083d060c-969c-419f-83e9-3e190b90c757;https://newdatacenter.taichung.gov.tw/api/v1/no-auth/resource.download?rid=0a6259f5-707a-4aeb-94d5-b0f8bc570386;https://newdatacenter.taichung.gov.tw/api/v1/no-auth/resource.download?rid=f8f50900-f123-4334-b86a-4c0ad5a63579","UTF-8;UTF-8;UTF-8;UTF-8;UTF-8;UTF-8;UTF-8","系統介接程式","臺中市高級中等學校畢業生數-按行政區別分","地區;項目;欄位名稱;數值;資料時間日期;資料週期;郵遞區號;機關代碼;電子郵件;行動電話;市話;縣市別代碼;行政區域代碼","臺中市政府教育局","每6月","政府資料開放授權條款-第1版","http://opendata.taichung.gov.tw/licenseTerms","免費","王慧琳","04-22289111#55835","2018-08-23 13:24:51","2026-06-21 23:57:01","臺中市政府OAS標準之API說明文件:https://datacenter.taichung.gov.tw/swagger/yaml/387040000E ，Swagger 產生API說明頁面網址。https://datacenter.taichung.gov.tw/swagger/api-docs/","870;870;870;870;870;870;870"
"115916","10411-01-37-2 臺中市特殊教育學校學生數-年級別","檔案資料","求學及進修","白金","JSON;JSON;JSON;JSON;JSON;JSON;JSON;JSON;JSON;JSON;JSON;JSON;JSON","https://newdatacenter.taichung.gov.tw/api/v1/no-auth/resource.download?rid=cb160e38-63cf-4411-8d62-b5882079120e;https://newdatacenter.taichung.gov.tw/api/v1/no-auth/resource.download?rid=af9cee78-3de2-4c2e-9070-db4032e8d77d;https://newdatacenter.taichung.gov.tw/api/v1/no-auth/resource.download?rid=47baca3b-0f62-4a3a-8c21-27afd49bdcf7;https://newdatacenter.taichung.gov.tw/api/v1/no-auth/resource.download?rid=8e52f787-b0a9-4c64-9f5e-953b7c6535fe;https://newdatacenter.taichung.gov.tw/api/v1/no-auth/resource.download?rid=e3bf3481-5ff1-415e-8653-4501a015bedd;https://newdatacenter.taichung.gov.tw/api/v1/no-auth/resource.download?rid=d40af1c9-f7b2-4c31-a35f-2493bb7b7332;https://newdatacenter.taichung.gov.tw/api/v1/no-auth/resource.download?rid=4598ad92-06f0-48de-be22-1dde5a50f338;https://newdatacenter.taichung.gov.tw/api/v1/no-auth/resource.download?rid=6ea63c99-890d-4a48-bfa7-55115d2ec0d7;https://newdatacenter.taichung.gov.tw/api/v1/no-auth/resource.download?rid=e0032ad7-fcf9-48be-b6e7-2e59fea94c74;https://newdatacenter.taichung.gov.tw/api/v1/no-auth/resource.download?rid=62cab1b8-19e6-4f2a-b31f-1e259a3f8a4b;https://newdatacenter.taichung.gov.tw/api/v1/no-auth/resource.download?rid=85237e44-2906-477a-b6b5-ee3773819b22;https://newdatacenter.taichung.gov.tw/api/v1/no-auth/resource.download?rid=99d3ef31-0d9c-4729-9b2a-bb091c39e445;https://newdatacenter.taichung.gov.tw/api/v1/no-auth/resource.download?rid=6e0d1b6a-f13c-4c24-9fdc-bb653a682750","UTF-8;UTF-8;UTF-8;UTF-8;UTF-8;UTF-8;UTF-8;UTF-8;UTF-8;UTF-8;UTF-8;UTF-8;UTF-8","系統介接程式","臺中市特殊教育學校學生數-年級別","地區;項目;欄位名稱;數值;資料時間日期;資料週期;郵遞區號;機關代碼;電子郵件;行動電話;市話;縣市別代碼;行政區域代碼","臺中市政府教育局","不定期更新","政府資料開放授權條款-第1版","http://opendata.taichung.gov.tw/licenseTerms","付費","王慧琳","04-22289111#55835","2020-01-31 03:30:56","2026-06-21 23:57:00","臺中市政府OAS標準之API說明文件:https://datacenter.taichung.gov.tw/swagger/yaml/387040000E ，Swagger 產生API說明頁面網址。https://datacenter.taichung.gov.tw/swagger/api-docs/","384;384;384;384;384;384;384;384;384;384;384;384;384"
"90146","10430-01-02-2 臺中市高級中等學校校數及教職員數─按行政區別分","檔案資料","求學及進修","白金","JSON;JSON;JSON;JSON;JSON;JSON;JSON;JSON;JSON;JSON;JSON;JSON;JSON;JSON","https://newdatacenter.taichung.gov.tw/api/v1/no-auth/resource.download?rid=e4891bf7-93e4-4e6c-9d26-238b85dba131;https://newdatacenter.taichung.gov.tw/api/v1/no-auth/resource.download?rid=6b0f59db-100c-4902-a50b-404f6e7c06f4;https://newdatacenter.taichung.gov.tw/api/v1/no-auth/resource.download?rid=918556e8-d7d5-4d90-aa10-b61c31b193d0;https://newdatacenter.taichung.gov.tw/api/v1/no-auth/resource.download?rid=84682f63-f442-448a-a0ac-154ea3adfa66;https://newdatacenter.taichung.gov.tw/api/v1/no-auth/resource.download?rid=40333b9f-0b24-41c7-8d98-5bd44b9ea8f2;https://newdatacenter.taichung.gov.tw/api/v1/no-auth/resource.download?rid=cdbfd411-a709-4246-ba2b-7dfc6a2ebe35;https://newdatacenter.taichung.gov.tw/api/v1/no-auth/resource.download?rid=fc548cae-f58d-43ea-907a-c4daa3c4382c;https://newdatacenter.taichung.gov.tw/api/v1/no-auth/resource.download?rid=7ef86a3a-0933-456b-b428-a7734564a309;https://newdatacenter.taichung.gov.tw/api/v1/no-auth/resource.download?rid=181dc9a2-6270-4b62-bfe2-21defd48a892;https://newdatacenter.taichung.gov.tw/api/v1/no-auth/resource.download?rid=8914c504-c85b-46ae-bf86-d024536c97b6;https://newdatacenter.taichung.gov.tw/api/v1/no-auth/resource.download?rid=90662ebe-ad66-4e84-a31a-90a6c043aafd;https://newdatacenter.taichung.gov.tw/api/v1/no-auth/resource.download?rid=467d835a-7e6d-4020-a5c0-a7cefdf033c8;https://newdatacenter.taichung.gov.tw/api/v1/no-auth/resource.download?rid=7cb90aae-feb9-45a4-bdc4-c24c46018093;https://newdatacenter.taichung.gov.tw/api/v1/no-auth/resource.download?rid=b707f4bd-5af0-48e3-bcb2-df3d4bd8cfe6","UTF-8;UTF-8;UTF-8;UTF-8;UTF-8;UTF-8;UTF-8;UTF-8;UTF-8;UTF-8;UTF-8;UTF-8;UTF-8;UTF-8","系統介接程式","統計項目定義：
（一）高級中等學校：依高級中等教育法及其施行細則、高級中等學校組織設置及員額編製標準設立之學校。
（二）教師數：係指專任教師以實際現有(編制內)人數計算，包括校長(大專附設除外)、超額分發教師、專任輔導教師、長期代理教師、特教班專任教師、原住民專任教師及教官，不含運動教練。服兵役及留職停薪教師，以占實缺之代理教師資料計列。
（三）職員數：依據「高級中等學校組織設置及員額編制標準」第8條，以實際現職(編制內)人數計算，包括辦理行政工作及一般技術工作之專任人員(含技士、技佐、營養師、護理師(或護士)、專任運動教練、救生員或運動傷害防護員、管理員及實習指導員等)。","地區;項目;欄位名稱;數值;資料時間日期;資料週期;郵遞區號;機關代碼;電子郵件;行動電話;市話;縣市別代碼;行政區域代碼","臺中市政府教育局","每6月","政府資料開放授權條款-第1版","http://opendata.taichung.gov.tw/licenseTerms","免費","王慧琳","04-22289111#55835","2018-08-27 10:39:29","2026-06-21 23:56:58","臺中市政府OAS標準之API說明文件:https://datacenter.taichung.gov.tw/swagger/yaml/387040000E ，Swagger 產生API說明頁面網址。https://datacenter.taichung.gov.tw/swagger/api-docs/","435;435;261;261;261;261;261;261;261;261;261;261;261;261"
"115933","10411-01-15-2 臺中市高級中等學校概況總表","檔案資料","求學及進修","白金","JSON;JSON;JSON;JSON;JSON;JSON;JSON;JSON;JSON;JSON;JSON;JSON;JSON;JSON","https://newdatacenter.taichung.gov.tw/api/v1/no-auth/resource.download?rid=aa25fda1-e3e1-4d3f-888d-ad784d6f2ba7;https://newdatacenter.taichung.gov.tw/api/v1/no-auth/resource.download?rid=48b9d424-66d1-4a78-a443-46db3828bdc0;https://newdatacenter.taichung.gov.tw/api/v1/no-auth/resource.download?rid=da124c00-2e8c-4be6-aab8-ed2f6c192368;https://newdatacenter.taichung.gov.tw/api/v1/no-auth/resource.download?rid=23fd319c-36ad-41af-8f45-83529aa49712;https://newdatacenter.taichung.gov.tw/api/v1/no-auth/resource.download?rid=68521cea-6ce1-4c8d-be9a-4b67e10ae5a4;https://newdatacenter.taichung.gov.tw/api/v1/no-auth/resource.download?rid=5b80995b-bb4b-4b07-b7d9-59a19005ddb8;https://newdatacenter.taichung.gov.tw/api/v1/no-auth/resource.download?rid=f7d794fe-2749-4e45-978d-3fc11cae3eb8;https://newdatacenter.taichung.gov.tw/api/v1/no-auth/resource.download?rid=11abbba1-7bfa-4ed5-8d67-80dbd6509569;https://newdatacenter.taichung.gov.tw/api/v1/no-auth/resource.download?rid=fef2e315-b7a9-434b-83cb-21e626c494ac;https://newdatacenter.taichung.gov.tw/api/v1/no-auth/resource.download?rid=56f88ffb-d820-4005-bef9-99b3b715609a;https://newdatacenter.taichung.gov.tw/api/v1/no-auth/resource.download?rid=44cc2e33-f5a6-44e4-95a2-0b65a697912b;https://newdatacenter.taichung.gov.tw/api/v1/no-auth/resource.download?rid=ce379204-2534-43ad-81bc-1bf0c15dc19d;https://newdatacenter.taichung.gov.tw/api/v1/no-auth/resource.download?rid=c253ff15-487d-4ea2-b24f-806e473d0f07;https://newdatacenter.taichung.gov.tw/api/v1/no-auth/resource.download?rid=522bdec7-f33b-4b24-bdfa-f28f20053db8","UTF-8;UTF-8;UTF-8;UTF-8;UTF-8;UTF-8;UTF-8;UTF-8;UTF-8;UTF-8;UTF-8;UTF-8;UTF-8;UTF-8","系統介接程式","臺中市高級中等學校概況總表","地區;項目;欄位名稱;數值;資料時間日期;資料週期;郵遞區號;機關代碼;電子郵件;行動電話;市話;縣市別代碼;行政區域代碼","臺中市政府教育局","每6月","政府資料開放授權條款-第1版","http://opendata.taichung.gov.tw/licenseTerms","付費","王慧琳","04-22289111#55835","2020-01-31 04:20:45","2026-06-21 23:56:57","臺中市政府OAS標準之API說明文件:https://datacenter.taichung.gov.tw/swagger/yaml/387040000E ，Swagger 產生API說明頁面網址。https://datacenter.taichung.gov.tw/swagger/api-docs/","448;448;448;448;448;448;448;448;448;448;448;448;448;448"
"89990","10411-01-26-2 臺中市高級中等學校一年級新生數","檔案資料","求學及進修","白金","JSON;JSON;JSON;JSON;JSON;JSON;JSON;JSON;JSON","https://newdatacenter.taichung.gov.tw/api/v1/no-auth/resource.download?rid=671d40c1-449e-4879-b9b9-1131729e2c66;https://newdatacenter.taichung.gov.tw/api/v1/no-auth/resource.download?rid=e2cf1a8f-fda4-458e-a2c3-7c68a2ab0804;https://newdatacenter.taichung.gov.tw/api/v1/no-auth/resource.download?rid=bfcdd35c-413d-4ed0-9b16-add9056f556c;https://newdatacenter.taichung.gov.tw/api/v1/no-auth/resource.download?rid=8884d3a8-8dba-44da-9418-dce85a47a122;https://newdatacenter.taichung.gov.tw/api/v1/no-auth/resource.download?rid=8f0f2f9f-4a36-4a74-8462-337483cef141;https://newdatacenter.taichung.gov.tw/api/v1/no-auth/resource.download?rid=11d2d8b1-8d4c-43c3-b3df-eb0c8bbc2466;https://newdatacenter.taichung.gov.tw/api/v1/no-auth/resource.download?rid=7bb67c1d-cc0e-4717-8f1d-50d11e0137ce;https://newdatacenter.taichung.gov.tw/api/v1/no-auth/resource.download?rid=88104fad-f64f-41d0-a105-eca8f23ab5c9;https://newdatacenter.taichung.gov.tw/api/v1/no-auth/resource.download?rid=e92550a7-df50-44d4-bad7-4030e641de15","UTF-8;UTF-8;UTF-8;UTF-8;UTF-8;UTF-8;UTF-8;UTF-8;UTF-8","系統介接程式","臺中市高級中等學校一年級新生數","地區;項目;欄位名稱;數值;資料時間日期;資料週期;郵遞區號;機關代碼;電子郵件;行動電話;市話;縣市別代碼;行政區域代碼","臺中市政府教育局","每6月","政府資料開放授權條款-第1版","http://opendata.taichung.gov.tw/licenseTerms","免費","王慧琳","04-22289111#55835","2018-08-23 13:51:44","2026-06-21 23:56:56","臺中市政府OAS標準之API說明文件:https://datacenter.taichung.gov.tw/swagger/yaml/387040000E ，Swagger 產生API說明頁面網址。https://datacenter.taichung.gov.tw/swagger/api-docs/","120;150;150;150;150;150;150;150;150"
"127255","10411-01-17-2 臺中市高級中等學校概況-專業群科(職業科)","檔案資料","求學及進修","白金","JSON;JSON;JSON;JSON;JSON;JSON;JSON;JSON;JSON;JSON;JSON;JSON;JSON;JSON","https://newdatacenter.taichung.gov.tw/api/v1/no-auth/resource.download?rid=4a9ef10b-de91-42a3-9690-e13c7203eab7;https://newdatacenter.taichung.gov.tw/api/v1/no-auth/resource.download?rid=0b468bd6-0c5d-4ac9-ac6a-18cae230abdd;https://newdatacenter.taichung.gov.tw/api/v1/no-auth/resource.download?rid=f0198cc3-f20d-4083-a9b7-2877def62073;https://newdatacenter.taichung.gov.tw/api/v1/no-auth/resource.download?rid=c3d85e49-412b-4d04-b1f5-f399fb69c667;https://newdatacenter.taichung.gov.tw/api/v1/no-auth/resource.download?rid=e028ae2a-adff-4d28-ba88-9d180468d582;https://newdatacenter.taichung.gov.tw/api/v1/no-auth/resource.download?rid=a6b1199d-8e86-4d42-846e-08cee37b1105;https://newdatacenter.taichung.gov.tw/api/v1/no-auth/resource.download?rid=bc87699e-42ba-4117-8785-049f864c23a6;https://newdatacenter.taichung.gov.tw/api/v1/no-auth/resource.download?rid=9fd1fc9a-a890-4ee0-84e5-c546c14e02d3;https://newdatacenter.taichung.gov.tw/api/v1/no-auth/resource.download?rid=cc37d18e-9758-458b-adc7-d1f76c2d7371;https://newdatacenter.taichung.gov.tw/api/v1/no-auth/resource.download?rid=f75b40e1-61ce-4471-9685-c4de8371deb9;https://newdatacenter.taichung.gov.tw/api/v1/no-auth/resource.download?rid=122d45c6-4184-4268-bcd8-7d092a434371;https://newdatacenter.taichung.gov.tw/api/v1/no-auth/resource.download?rid=8673576b-590b-4dfc-9c64-5ebbdc3c0fb8;https://newdatacenter.taichung.gov.tw/api/v1/no-auth/resource.download?rid=c8d05aef-1f6d-47b3-b661-41e84343a8e3;https://newdatacenter.taichung.gov.tw/api/v1/no-auth/resource.download?rid=8ea9318b-db8e-4aa9-93b4-725f35e5d665","UTF-8;UTF-8;UTF-8;UTF-8;UTF-8;UTF-8;UTF-8;UTF-8;UTF-8;UTF-8;UTF-8;UTF-8;UTF-8;UTF-8","系統介接程式","臺中市高級中等學校概況-專業群科(職業科)","地區;項目;欄位名稱;數值;資料時間日期;資料週期;郵遞區號;機關代碼;電子郵件;行動電話;市話;縣市別代碼;行政區域代碼","臺中市政府教育局","不定期更新","政府資料開放授權條款-第1版","http://opendata.taichung.gov.tw/licenseTerms","付費","王慧琳","04-22289111#55835","2020-01-31 12:00:00","2026-06-21 23:56:55","臺中市政府OAS標準之API說明文件:https://datacenter.taichung.gov.tw/swagger/yaml/387040000E ，Swagger 產生API說明頁面網址。https://datacenter.taichung.gov.tw/swagger/api-docs/","448;448;448;448;448;448;448;448;448;448;448;448;448;448"
"115932","10411-01-16-2 臺中市高級中等學校概況-普通科","檔案資料","求學及進修","白金","JSON;JSON;JSON;JSON;JSON;JSON;JSON;JSON;JSON;JSON;JSON;JSON","https://newdatacenter.taichung.gov.tw/api/v1/no-auth/resource.download?rid=48c2b49f-7337-45c3-85d5-050b9baa2bfe;https://newdatacenter.taichung.gov.tw/api/v1/no-auth/resource.download?rid=62b97877-1eb4-40c8-b27c-24b210cd299f;https://newdatacenter.taichung.gov.tw/api/v1/no-auth/resource.download?rid=a5b18292-de25-4f0a-9506-a1192183c80b;https://newdatacenter.taichung.gov.tw/api/v1/no-auth/resource.download?rid=e1f00418-0bc2-4291-8f81-0ececefd70fb;https://newdatacenter.taichung.gov.tw/api/v1/no-auth/resource.download?rid=a52d04e5-7535-4087-9732-05dc192fc0b6;https://newdatacenter.taichung.gov.tw/api/v1/no-auth/resource.download?rid=572f6a47-4c42-4c74-b225-bbd76744a685;https://newdatacenter.taichung.gov.tw/api/v1/no-auth/resource.download?rid=6ca6abac-a693-4b2b-9fbc-dd867c7e0323;https://newdatacenter.taichung.gov.tw/api/v1/no-auth/resource.download?rid=a880ff2b-2cce-45c8-a82c-e85313533fbd;https://newdatacenter.taichung.gov.tw/api/v1/no-auth/resource.download?rid=f9db89b5-ae50-4fb7-acab-c851205222fd;https://newdatacenter.taichung.gov.tw/api/v1/no-auth/resource.download?rid=3d066728-7724-48c9-bb39-a72cbab4309e;https://newdatacenter.taichung.gov.tw/api/v1/no-auth/resource.download?rid=f35279bf-d766-44d3-b4be-e27b2ac25432;https://newdatacenter.taichung.gov.tw/api/v1/no-auth/resource.download?rid=8db371d8-5db4-4cbf-9715-9157304864fe","UTF-8;UTF-8;UTF-8;UTF-8;UTF-8;UTF-8;UTF-8;UTF-8;UTF-8;UTF-8;UTF-8;UTF-8","系統介接程式","臺中市高級中等學校概況-普通科","地區;項目;欄位名稱;數值;資料時間日期;資料週期;郵遞區號;機關代碼;電子郵件;行動電話;市話;縣市別代碼;行政區域代碼","臺中市政府教育局","每6月","政府資料開放授權條款-第1版","http://opendata.taichung.gov.tw/licenseTerms","付費","王慧琳","04-22289111#55835","2020-01-31 04:19:50","2026-06-21 23:56:54","臺中市政府OAS標準之API說明文件:https://datacenter.taichung.gov.tw/swagger/yaml/387040000E ，Swagger 產生API說明頁面網址。https://datacenter.taichung.gov.tw/swagger/api-docs/","448;448;448;448;448;448;448;448;448;448;448;448"
"90021","10411-03-01-2 臺中市高級中等學校外國學生數","檔案資料","求學及進修","白金","JSON;JSON;JSON;JSON;JSON;JSON;JSON;JSON;JSON;JSON;JSON;JSON;JSON;JSON;JSON","https://newdatacenter.taichung.gov.tw/api/v1/no-auth/resource.download?rid=3866db02-b01d-41f8-8453-ad7ceaaa88be;https://newdatacenter.taichung.gov.tw/api/v1/no-auth/resource.download?rid=35fe8747-ae2a-4903-a4b4-ead730009cf4;https://newdatacenter.taichung.gov.tw/api/v1/no-auth/resource.download?rid=2a0650a4-6909-49ef-b469-7975a312740f;https://newdatacenter.taichung.gov.tw/api/v1/no-auth/resource.download?rid=5fd6f52e-828b-4f38-bd4e-800b75e651b7;https://newdatacenter.taichung.gov.tw/api/v1/no-auth/resource.download?rid=da9f6d75-0a15-436d-abae-a834524fe838;https://newdatacenter.taichung.gov.tw/api/v1/no-auth/resource.download?rid=f18599d5-21a9-4b79-b333-4447d57bac7a;https://newdatacenter.taichung.gov.tw/api/v1/no-auth/resource.download?rid=63e93710-44b0-40e2-a926-5399ed9ca93c;https://newdatacenter.taichung.gov.tw/api/v1/no-auth/resource.download?rid=66c60a7b-647d-4680-b632-29cdbfaf95ff;https://newdatacenter.taichung.gov.tw/api/v1/no-auth/resource.download?rid=4d24dc34-b445-4cc3-a16e-4b41a3b45a07;https://newdatacenter.taichung.gov.tw/api/v1/no-auth/resource.download?rid=9a1ebb11-c123-4fc4-8c47-cb5bc50c26b2;https://newdatacenter.taichung.gov.tw/api/v1/no-auth/resource.download?rid=46c65bff-9c76-4de0-a2ae-bb2545aede2f;https://newdatacenter.taichung.gov.tw/api/v1/no-auth/resource.download?rid=7441e2d9-0555-4306-b248-2eb329142e75;https://newdatacenter.taichung.gov.tw/api/v1/no-auth/resource.download?rid=5ca1bc9c-9b25-4103-b1ca-f13aedc4ab97;https://newdatacenter.taichung.gov.tw/api/v1/no-auth/resource.download?rid=cf1f454e-712e-47cd-a80c-d43df79e9da9;https://newdatacenter.taichung.gov.tw/api/v1/no-auth/resource.download?rid=40a12e0a-c8a0-4083-b6b5-18c716ab62c4","UTF-8;UTF-8;UTF-8;UTF-8;UTF-8;UTF-8;UTF-8;UTF-8;UTF-8;UTF-8;UTF-8;UTF-8;UTF-8;UTF-8;UTF-8","系統介接程式","臺中市高級中等學校外國學生數","地區;項目;欄位名稱;數值;資料時間日期;資料週期;郵遞區號;機關代碼;電子郵件;行動電話;市話;縣市別代碼;行政區域代碼","臺中市政府教育局","每6月","政府資料開放授權條款-第1版","http://opendata.taichung.gov.tw/licenseTerms","免費","王慧琳","04-22289111#55835","2018-08-23 16:04:59","2026-06-21 23:56:52","臺中市政府OAS標準之API說明文件:https://datacenter.taichung.gov.tw/swagger/yaml/387040000E ，Swagger 產生API說明頁面網址。https://datacenter.taichung.gov.tw/swagger/api-docs/","108;108;108;108;108;108;108;108;108;108;108;108;108;108;108"
"90184","11014-02-03-2 臺中市國小圖書館統計","檔案資料","求學及進修","白金","JSON;JSON;JSON;JSON;JSON;JSON;JSON;JSON;JSON;JSON;JSON","https://newdatacenter.taichung.gov.tw/api/v1/no-auth/resource.download?rid=5b72ae1a-060d-437c-84c1-0ae5f1bd78f7;https://newdatacenter.taichung.gov.tw/api/v1/no-auth/resource.download?rid=47dd6317-87a2-4148-aeee-143bd9ed052b;https://newdatacenter.taichung.gov.tw/api/v1/no-auth/resource.download?rid=d2aa725e-01fe-4815-92ed-cb45cf7c1a0e;https://newdatacenter.taichung.gov.tw/api/v1/no-auth/resource.download?rid=38e06adf-ae2b-4052-bf29-dcc1b07a8df6;https://newdatacenter.taichung.gov.tw/api/v1/no-auth/resource.download?rid=5f6c352b-76dd-4566-a452-ea630ade7bbe;https://newdatacenter.taichung.gov.tw/api/v1/no-auth/resource.download?rid=9324a83b-719c-44f8-8931-61754c353355;https://newdatacenter.taichung.gov.tw/api/v1/no-auth/resource.download?rid=9d262084-dc77-431b-b5f3-72a2a96ebe96;https://newdatacenter.taichung.gov.tw/api/v1/no-auth/resource.download?rid=966f51e4-78bd-4d8a-9c93-9785da64bad8;https://newdatacenter.taichung.gov.tw/api/v1/no-auth/resource.download?rid=ac566a14-3d43-4b67-bc38-f6fc83ef7bcf;https://newdatacenter.taichung.gov.tw/api/v1/no-auth/resource.download?rid=fcbe0dad-ef94-40e8-be1c-6cdbf0e6a13b;https://newdatacenter.taichung.gov.tw/api/v1/no-auth/resource.download?rid=0408243b-e7e2-4409-8518-76d32a4094fe","UTF-8;UTF-8;UTF-8;UTF-8;UTF-8;UTF-8;UTF-8;UTF-8;UTF-8;UTF-8;UTF-8","系統介接程式","臺中市國小圖書館統計","地區;項目;欄位名稱;數值;資料時間日期;資料週期;郵遞區號;機關代碼;電子郵件;行動電話;市話;縣市別代碼;行政區域代碼","臺中市政府教育局","每6月","政府資料開放授權條款-第1版","http://opendata.taichung.gov.tw/licenseTerms","免費","王慧琳","04-22289111#55835","2018-08-27 13:50:47","2026-06-21 23:32:07","臺中市政府OAS標準之API說明文件:https://datacenter.taichung.gov.tw/swagger/yaml/387040000E ，Swagger 產生API說明頁面網址。https://datacenter.taichung.gov.tw/swagger/api-docs/","45;45;45;45;45;45;45;45;45;45;45"
"90006","10411-01-45-2 臺中市國小原住民學生統計","檔案資料","求學及進修","白金","JSON;JSON;JSON;JSON;JSON;JSON;JSON;JSON;JSON;JSON;JSON;JSON;JSON","https://newdatacenter.taichung.gov.tw/api/v1/no-auth/resource.download?rid=10dc485d-b061-4bca-8725-3390b24d885a;https://newdatacenter.taichung.gov.tw/api/v1/no-auth/resource.download?rid=6bed1b3d-9bde-4b3e-b06e-b365e172ec86;https://newdatacenter.taichung.gov.tw/api/v1/no-auth/resource.download?rid=7d3b019b-63bc-4a4f-9e0a-3375551b8f96;https://newdatacenter.taichung.gov.tw/api/v1/no-auth/resource.download?rid=8f55b0f9-261d-4885-9be6-bad60533fe47;https://newdatacenter.taichung.gov.tw/api/v1/no-auth/resource.download?rid=71b491dd-ef8d-46e8-89ab-a5e688ca7954;https://newdatacenter.taichung.gov.tw/api/v1/no-auth/resource.download?rid=bfdf250d-0e1d-46d5-a17c-b19e00f1d9f9;https://newdatacenter.taichung.gov.tw/api/v1/no-auth/resource.download?rid=ee7a0b86-1565-4a82-84c0-69d1f9c14fa9;https://newdatacenter.taichung.gov.tw/api/v1/no-auth/resource.download?rid=862e6e5e-847d-4b79-9f90-9c8b96cb4dcb;https://newdatacenter.taichung.gov.tw/api/v1/no-auth/resource.download?rid=bd62f099-6dd1-43ee-9406-16fba8d63696;https://newdatacenter.taichung.gov.tw/api/v1/no-auth/resource.download?rid=c50f9d0d-b0a0-47c5-a1a9-bf6e997b8c29;https://newdatacenter.taichung.gov.tw/api/v1/no-auth/resource.download?rid=8d82bf74-bf6c-499a-aafa-3490758bfa29;https://newdatacenter.taichung.gov.tw/api/v1/no-auth/resource.download?rid=f1ea323d-10bf-4c51-8186-bc735847a190;https://newdatacenter.taichung.gov.tw/api/v1/no-auth/resource.download?rid=706b3b9a-5101-4f52-b254-1dd8d165580a","UTF-8;UTF-8;UTF-8;UTF-8;UTF-8;UTF-8;UTF-8;UTF-8;UTF-8;UTF-8;UTF-8;UTF-8;UTF-8","系統介接程式","臺中市國小原住民學生統計","地區;項目;欄位名稱;數值;資料時間日期;資料週期;郵遞區號;機關代碼;電子郵件;行動電話;市話;縣市別代碼;行政區域代碼","臺中市政府教育局","每6月","政府資料開放授權條款-第1版","http://opendata.taichung.gov.tw/licenseTerms","免費","王慧琳","04-22289111#55835","2018-08-23 15:19:04","2026-06-21 22:52:30","臺中市政府OAS標準之API說明文件:https://datacenter.taichung.gov.tw/swagger/yaml/387040000E ，Swagger 產生API說明頁面網址。https://datacenter.taichung.gov.tw/swagger/api-docs/","238;238;238;238;238;238;238;238;238;238;238;238;238"
"115923","10411-01-30-2 臺中市國民中學概況","檔案資料","求學及進修","白金","JSON;JSON;JSON;JSON;JSON;JSON;JSON;JSON;JSON;JSON;JSON;JSON;JSON;JSON","https://newdatacenter.taichung.gov.tw/api/v1/no-auth/resource.download?rid=ed3bae54-5feb-4a2f-8d4c-f2326e21da93;https://newdatacenter.taichung.gov.tw/api/v1/no-auth/resource.download?rid=2cda9c18-a786-41b6-a4fc-680c8d64183f;https://newdatacenter.taichung.gov.tw/api/v1/no-auth/resource.download?rid=3333d6a8-1229-40d3-8f7b-c49c89e80e17;https://newdatacenter.taichung.gov.tw/api/v1/no-auth/resource.download?rid=da4798a9-abca-4619-b2eb-ae8eccf2f51a;https://newdatacenter.taichung.gov.tw/api/v1/no-auth/resource.download?rid=37e1c070-c8fa-408b-990e-9bebd9fa0bff;https://newdatacenter.taichung.gov.tw/api/v1/no-auth/resource.download?rid=1cc4b39c-bf65-4421-9965-4ef904293666;https://newdatacenter.taichung.gov.tw/api/v1/no-auth/resource.download?rid=72f03c5d-7b25-4f71-ad7c-6517b5dbac1c;https://newdatacenter.taichung.gov.tw/api/v1/no-auth/resource.download?rid=c9c80ea8-8f44-4068-a3d5-150d680c6a4c;https://newdatacenter.taichung.gov.tw/api/v1/no-auth/resource.download?rid=84d9e851-03b6-4c29-8d4b-fbfd40f5c42b;https://newdatacenter.taichung.gov.tw/api/v1/no-auth/resource.download?rid=65c8d62d-d2ed-4943-81ee-3c40ad25ff3c;https://newdatacenter.taichung.gov.tw/api/v1/no-auth/resource.download?rid=29a75cae-328e-444d-9732-1f52e1a663a8;https://newdatacenter.taichung.gov.tw/api/v1/no-auth/resource.download?rid=c415b35a-4fd7-4c53-9c64-56815e2edce0;https://newdatacenter.taichung.gov.tw/api/v1/no-auth/resource.download?rid=7bb84316-9d61-4288-904c-3c3b3aa6f994;https://newdatacenter.taichung.gov.tw/api/v1/no-auth/resource.download?rid=abb61381-940b-48d2-b035-463d022d66a4","UTF-8;UTF-8;UTF-8;UTF-8;UTF-8;UTF-8;UTF-8;UTF-8;UTF-8;UTF-8;UTF-8;UTF-8;UTF-8;UTF-8","系統介接程式","臺中市國民中學概況","地區;項目;欄位名稱;數值;資料時間日期;資料週期;郵遞區號;機關代碼;電子郵件;行動電話;市話;縣市別代碼;行政區域代碼","臺中市政府教育局","不定期更新","政府資料開放授權條款-第1版","http://opendata.taichung.gov.tw/licenseTerms","付費","王慧琳","04-22289111#55835","2020-01-31 03:44:41","2026-06-21 22:52:29","臺中市政府OAS標準之API說明文件:https://datacenter.taichung.gov.tw/swagger/yaml/387040000E ，Swagger 產生API說明頁面網址。https://datacenter.taichung.gov.tw/swagger/api-docs/","416;416;416;416;416;416;416;416;416;416;416;416;416;416"
"90175","10460-01-02-2 臺中市國民小學受輔學生及認輔教師統計","檔案資料","求學及進修","白金","JSON;JSON;JSON;JSON;JSON;JSON;JSON;JSON;JSON;JSON;JSON;JSON;JSON","https://newdatacenter.taichung.gov.tw/api/v1/no-auth/resource.download?rid=ce8d4967-f645-483f-913d-37e1b3ce4715;https://newdatacenter.taichung.gov.tw/api/v1/no-auth/resource.download?rid=3a396889-7e82-49d4-85f3-e94fa8a74b63;https://newdatacenter.taichung.gov.tw/api/v1/no-auth/resource.download?rid=c19383d5-f8e9-4f5e-8a16-9bc8b390df56;https://newdatacenter.taichung.gov.tw/api/v1/no-auth/resource.download?rid=8bdafb71-5619-4e9f-b5a1-affdc68b593e;https://newdatacenter.taichung.gov.tw/api/v1/no-auth/resource.download?rid=d3133953-19af-49a7-b710-e7a6df730ac3;https://newdatacenter.taichung.gov.tw/api/v1/no-auth/resource.download?rid=e55c4d8d-c4ef-443e-9815-d34f362e724b;https://newdatacenter.taichung.gov.tw/api/v1/no-auth/resource.download?rid=8922396f-414e-4e83-b1cd-06be10b3a27b;https://newdatacenter.taichung.gov.tw/api/v1/no-auth/resource.download?rid=9f600ba0-f684-4413-8ccd-2397f86a327b;https://newdatacenter.taichung.gov.tw/api/v1/no-auth/resource.download?rid=6fc8a051-8db9-4508-bcaa-81926752a71e;https://newdatacenter.taichung.gov.tw/api/v1/no-auth/resource.download?rid=2f9aec08-8190-4a1a-bc7f-0c72180104cc;https://newdatacenter.taichung.gov.tw/api/v1/no-auth/resource.download?rid=8417b327-cdc8-4e45-a2ee-8c55fbf0e18a;https://newdatacenter.taichung.gov.tw/api/v1/no-auth/resource.download?rid=46e92bb6-06a2-4df7-8ef8-587d721a5b0b;https://newdatacenter.taichung.gov.tw/api/v1/no-auth/resource.download?rid=fa168f20-782a-41fe-bfa8-931714055fed","UTF-8;UTF-8;UTF-8;UTF-8;UTF-8;UTF-8;UTF-8;UTF-8;UTF-8;UTF-8;UTF-8;UTF-8;UTF-8","系統介接程式","臺中市國民小學受輔學生及認輔教師統計","地區;項目;欄位名稱;數值;資料時間日期;資料週期;郵遞區號;機關代碼;電子郵件;行動電話;市話;縣市別代碼;行政區域代碼","臺中市政府教育局","每6月","政府資料開放授權條款-第1版","http://opendata.taichung.gov.tw/licenseTerms","免費","王慧琳","04-22289111#55835","2018-08-27 13:10:16","2026-06-21 22:52:27","臺中市政府OAS標準之API說明文件:https://datacenter.taichung.gov.tw/swagger/yaml/387040000E ，Swagger 產生API說明頁面網址。https://datacenter.taichung.gov.tw/swagger/api-docs/","81;81;72;72;72;72;72;78;72;78;72;78;72"
"90022","10411-05-03-2 臺中市國民小學僑生及港澳學生數","檔案資料","求學及進修","白金","JSON;JSON;JSON;JSON;JSON;JSON;JSON;JSON;JSON;JSON;JSON;JSON","https://newdatacenter.taichung.gov.tw/api/v1/no-auth/resource.download?rid=1aac4322-a02b-419d-bbf5-54e01b06fa21;https://newdatacenter.taichung.gov.tw/api/v1/no-auth/resource.download?rid=b6915745-f5bc-43b4-9006-32f83ed875cf;https://newdatacenter.taichung.gov.tw/api/v1/no-auth/resource.download?rid=e2517394-0eb2-4681-be19-9b5544c00eea;https://newdatacenter.taichung.gov.tw/api/v1/no-auth/resource.download?rid=4ff99cc9-fb56-4b7f-bf03-0cb61a3812df;https://newdatacenter.taichung.gov.tw/api/v1/no-auth/resource.download?rid=cf01a47c-1da7-4984-934d-00e036a5add7;https://newdatacenter.taichung.gov.tw/api/v1/no-auth/resource.download?rid=5d5ea38e-1b78-4bdc-b1f6-564e422a68f3;https://newdatacenter.taichung.gov.tw/api/v1/no-auth/resource.download?rid=77b6db90-dcba-48c5-9160-578f85ded381;https://newdatacenter.taichung.gov.tw/api/v1/no-auth/resource.download?rid=e7ec6182-1150-40a3-8819-5c9f5c5d5411;https://newdatacenter.taichung.gov.tw/api/v1/no-auth/resource.download?rid=5267ec31-4e86-44a2-9410-6a98c27c5451;https://newdatacenter.taichung.gov.tw/api/v1/no-auth/resource.download?rid=ec885b16-5811-40c2-83a1-8c2e28c5a5b4;https://newdatacenter.taichung.gov.tw/api/v1/no-auth/resource.download?rid=9374cc83-515c-4e83-ba7b-4231f04e7332;https://newdatacenter.taichung.gov.tw/api/v1/no-auth/resource.download?rid=10aea258-63b3-4260-a8be-dd3f85d56d98","UTF-8;UTF-8;UTF-8;UTF-8;UTF-8;UTF-8;UTF-8;UTF-8;UTF-8;UTF-8;UTF-8;UTF-8","系統介接程式","臺中市國民小學僑生及港澳學生數","地區;項目;欄位名稱;數值;資料時間日期;資料週期;郵遞區號;機關代碼;電子郵件;行動電話;市話;縣市別代碼;行政區域代碼","臺中市政府教育局","每6月","政府資料開放授權條款-第1版","http://opendata.taichung.gov.tw/licenseTerms","免費","王慧琳","04-22289111#55835","2018-08-23 16:09:22","2026-06-21 22:52:25","臺中市政府OAS標準之API說明文件:https://datacenter.taichung.gov.tw/swagger/yaml/387040000E ，Swagger 產生API說明頁面網址。https://datacenter.taichung.gov.tw/swagger/api-docs/","176;176;176;176;176;176;176;176;176;176;176;176"
"90182","11014-02-02-2 臺中市國中圖書館統計","檔案資料","求學及進修","白金","JSON;JSON;JSON;JSON;JSON;JSON;JSON;JSON;JSON;JSON;JSON","https://newdatacenter.taichung.gov.tw/api/v1/no-auth/resource.download?rid=0de73abb-4740-444d-bcdf-3df985162b92;https://newdatacenter.taichung.gov.tw/api/v1/no-auth/resource.download?rid=b3055320-3642-4253-9223-17bbd74add7a;https://newdatacenter.taichung.gov.tw/api/v1/no-auth/resource.download?rid=d09d12b8-59ff-498b-8cbc-fd10d5f94236;https://newdatacenter.taichung.gov.tw/api/v1/no-auth/resource.download?rid=ad86d087-7ec9-4490-9e0c-1feb9672362f;https://newdatacenter.taichung.gov.tw/api/v1/no-auth/resource.download?rid=55ee2eee-41fa-499c-a36f-f6fd8a002f70;https://newdatacenter.taichung.gov.tw/api/v1/no-auth/resource.download?rid=1687190d-683b-43de-bc56-23780d233ae4;https://newdatacenter.taichung.gov.tw/api/v1/no-auth/resource.download?rid=291ed651-7a6d-48aa-8ea1-d1d6c95f1343;https://newdatacenter.taichung.gov.tw/api/v1/no-auth/resource.download?rid=638024f1-e4db-4be2-8e77-c82e1a0dc0aa;https://newdatacenter.taichung.gov.tw/api/v1/no-auth/resource.download?rid=a2e0b19a-dc25-4dd4-9cd5-09d7e5a187a4;https://newdatacenter.taichung.gov.tw/api/v1/no-auth/resource.download?rid=cdee882b-7582-47fd-85c5-2179a8f216c6;https://newdatacenter.taichung.gov.tw/api/v1/no-auth/resource.download?rid=fa9f9dad-06f1-41df-9e33-0773b5cc788f","UTF-8;UTF-8;UTF-8;UTF-8;UTF-8;UTF-8;UTF-8;UTF-8;UTF-8;UTF-8;UTF-8","系統介接程式","臺中市國中圖書館統計","地區;項目;欄位名稱;數值;資料時間日期;資料週期;郵遞區號;機關代碼;電子郵件;行動電話;市話;縣市別代碼;行政區域代碼","臺中市政府教育局","每6月","政府資料開放授權條款-第1版","http://opendata.taichung.gov.tw/licenseTerms","免費","王慧琳","04-22289111#55835","2018-08-27 13:47:41","2026-06-21 22:52:23","臺中市政府OAS標準之API說明文件:https://datacenter.taichung.gov.tw/swagger/yaml/387040000E ，Swagger 產生API說明頁面網址。https://datacenter.taichung.gov.tw/swagger/api-docs/","45;45;45;45;45;45;45;45;45;45;45"
"115976","10430-03-03-2 臺中市國中班級規模別","檔案資料","求學及進修","白金","JSON;JSON;JSON;JSON;JSON;JSON;JSON;JSON;JSON;JSON;JSON;JSON","https://newdatacenter.taichung.gov.tw/api/v1/no-auth/resource.download?rid=ff74c454-1668-4063-85f2-423d6964b0ab;https://newdatacenter.taichung.gov.tw/api/v1/no-auth/resource.download?rid=8fdf91b7-e849-468e-92f4-fef765ebcd6b;https://newdatacenter.taichung.gov.tw/api/v1/no-auth/resource.download?rid=a88bb5cd-6b91-44a2-99e7-f5abb90be6da;https://newdatacenter.taichung.gov.tw/api/v1/no-auth/resource.download?rid=f6e44b7b-1806-4aa0-bd10-563427447128;https://newdatacenter.taichung.gov.tw/api/v1/no-auth/resource.download?rid=5c7bc542-df66-4242-bc5e-ec85892806d3;https://newdatacenter.taichung.gov.tw/api/v1/no-auth/resource.download?rid=a79ff8dd-4983-4e06-846a-8d3eb4fc979b;https://newdatacenter.taichung.gov.tw/api/v1/no-auth/resource.download?rid=2d54244f-85f8-4f93-8d44-99190908af67;https://newdatacenter.taichung.gov.tw/api/v1/no-auth/resource.download?rid=4a3deeed-0f0a-4d42-ab02-a4260b6ca854;https://newdatacenter.taichung.gov.tw/api/v1/no-auth/resource.download?rid=de5fffa6-724f-46f0-a7ff-55e16a5473c9;https://newdatacenter.taichung.gov.tw/api/v1/no-auth/resource.download?rid=3df12b69-be0c-405f-ba0c-baef31a6bcc2;https://newdatacenter.taichung.gov.tw/api/v1/no-auth/resource.download?rid=493665e4-f07f-41bc-ada0-a6402cf25fe3;https://newdatacenter.taichung.gov.tw/api/v1/no-auth/resource.download?rid=2ef085e4-1bc0-4acf-ba78-bdaae2819a00","UTF-8;UTF-8;UTF-8;UTF-8;UTF-8;UTF-8;UTF-8;UTF-8;UTF-8;UTF-8;UTF-8;UTF-8","系統介接程式","統計項目定義：
 （一）20人以下：指學生數小於或等於20人之班級數。
 （二）21-30人、31-35人、36-40人、41-45人、46-50人：指學生數介於21-30人、31-35人、
       36-40人、41-45人、46-50人間之班級數。
 （三）51人以上：指學生數大於或等於51人之班級數。 
（四）專設國民中學：係指僅設立國中之學校。","地區;項目;欄位名稱;數值;資料時間日期;資料週期;郵遞區號;機關代碼;電子郵件;行動電話;市話;縣市別代碼;行政區域代碼","臺中市政府教育局","每6月","政府資料開放授權條款-第1版","http://opendata.taichung.gov.tw/licenseTerms","免費","王慧琳","04-22289111#55835","2020-02-03 10:23:58","2026-06-21 22:52:20","臺中市政府OAS標準之API說明文件:https://datacenter.taichung.gov.tw/swagger/yaml/387040000E ，Swagger 產生API說明頁面網址。https://datacenter.taichung.gov.tw/swagger/api-docs/","126;126;126;126;126;126;126;126;126;126;126;126"
"90032","10420-01-03-2 臺中市國民小學教師人數按學歷、資格、年齡、年資別分","檔案資料","求學及進修","白金","JSON;JSON;JSON;JSON;JSON;JSON;JSON;JSON;JSON;JSON;JSON;JSON","https://newdatacenter.taichung.gov.tw/api/v1/no-auth/resource.download?rid=fdd52d23-8bfe-44a3-8995-945fcb7c555d;https://newdatacenter.taichung.gov.tw/api/v1/no-auth/resource.download?rid=86a6d142-1c50-4bf1-a63a-1f7f5dc6c1f5;https://newdatacenter.taichung.gov.tw/api/v1/no-auth/resource.download?rid=943a4cf4-0b8f-4b6f-9002-9da2c79a706b;https://newdatacenter.taichung.gov.tw/api/v1/no-auth/resource.download?rid=0e50a4ac-6041-45da-a59f-5abd510d0644;https://newdatacenter.taichung.gov.tw/api/v1/no-auth/resource.download?rid=ce8f41cf-e4ca-4ef2-b60d-c5b573cf6c1d;https://newdatacenter.taichung.gov.tw/api/v1/no-auth/resource.download?rid=fb812b49-2af2-4274-b1f8-cb39a694fc2e;https://newdatacenter.taichung.gov.tw/api/v1/no-auth/resource.download?rid=d325f456-ff7b-466c-ac23-e99dcd27764b;https://newdatacenter.taichung.gov.tw/api/v1/no-auth/resource.download?rid=efb126ef-3b31-4296-84cf-559b072bbf22;https://newdatacenter.taichung.gov.tw/api/v1/no-auth/resource.download?rid=f51c0598-a114-4358-a474-b09f088500cb;https://newdatacenter.taichung.gov.tw/api/v1/no-auth/resource.download?rid=8e6b74e8-bad5-42d0-b33a-4e124eae9404;https://newdatacenter.taichung.gov.tw/api/v1/no-auth/resource.download?rid=ff1b97ea-8354-4e45-8016-46d828ff045b;https://newdatacenter.taichung.gov.tw/api/v1/no-auth/resource.download?rid=ed7f4449-0e77-42c0-ae46-29a00bdc4b6d","UTF-8;UTF-8;UTF-8;UTF-8;UTF-8;UTF-8;UTF-8;UTF-8;UTF-8;UTF-8;UTF-8;UTF-8","系統介接程式","臺中市國民小學教師人數按學歷、資格、年齡、年資別分","地區;項目;欄位名稱;數值;資料時間日期;資料週期;郵遞區號;機關代碼;電子郵件;行動電話;市話;縣市別代碼;行政區域代碼","臺中市政府教育局","每6月","政府資料開放授權條款-第1版","http://opendata.taichung.gov.tw/licenseTerms","免費","王慧琳","04-22289111#55835","2018-08-23 16:59:45","2026-06-21 22:52:17","臺中市政府OAS標準之API說明文件:https://datacenter.taichung.gov.tw/swagger/yaml/387040000E ，Swagger 產生API說明頁面網址。https://datacenter.taichung.gov.tw/swagger/api-docs/","156;156;156;156;156;156;156;156;156;156;156;156"
"90033","10420-01-04-2 臺中市國中教師主要任教領域統計","檔案資料","求學及進修","白金","JSON;JSON;JSON;JSON;JSON;JSON;JSON;JSON;JSON;JSON","https://newdatacenter.taichung.gov.tw/api/v1/no-auth/resource.download?rid=12b943f2-1c55-4ddf-974a-be6f64f5f4ad;https://newdatacenter.taichung.gov.tw/api/v1/no-auth/resource.download?rid=72b6b7de-0687-44b6-8e5f-8471d3d825f5;https://newdatacenter.taichung.gov.tw/api/v1/no-auth/resource.download?rid=42e913d4-8fd2-4413-a7d3-de173c9775ef;https://newdatacenter.taichung.gov.tw/api/v1/no-auth/resource.download?rid=2aab4be0-f759-4231-869a-71d6d0849356;https://newdatacenter.taichung.gov.tw/api/v1/no-auth/resource.download?rid=0248f0c7-9105-494e-9042-d784e37800f4;https://newdatacenter.taichung.gov.tw/api/v1/no-auth/resource.download?rid=a864429a-e702-4c06-adb3-58a2deff7d99;https://newdatacenter.taichung.gov.tw/api/v1/no-auth/resource.download?rid=95b3a466-7baa-4985-bc8f-95c36a2bde37;https://newdatacenter.taichung.gov.tw/api/v1/no-auth/resource.download?rid=7c88a423-586c-4a93-bd82-7054aa01ef2f;https://newdatacenter.taichung.gov.tw/api/v1/no-auth/resource.download?rid=5aa62659-9a54-43ce-a3ad-2383f6f79e63;https://newdatacenter.taichung.gov.tw/api/v1/no-auth/resource.download?rid=57772092-e27b-4dc1-9cca-82c31149f5f3","UTF-8;UTF-8;UTF-8;UTF-8;UTF-8;UTF-8;UTF-8;UTF-8;UTF-8;UTF-8","系統介接程式","臺中市國中教師主要任教領域統計","地區;項目;欄位名稱;數值;資料時間日期;資料週期;郵遞區號;機關代碼;電子郵件;行動電話;市話;縣市別代碼;行政區域代碼","臺中市政府教育局","不定期更新","政府資料開放授權條款-第1版","http://opendata.taichung.gov.tw/licenseTerms","免費","王慧琳","04-22289111#55835","2018-08-23 17:03:20","2026-06-21 22:52:14","臺中市政府OAS標準之API說明文件:https://datacenter.taichung.gov.tw/swagger/yaml/387040000E ，Swagger 產生API說明頁面網址。https://datacenter.taichung.gov.tw/swagger/api-docs/","96;92;92;92;92;92;92;92;92;92"
"90031","10420-01-02-2 臺中市國民中學教師人數按學歷、資格、年齡、年資別分","檔案資料","求學及進修","白金","JSON;JSON;JSON;JSON;JSON;JSON;JSON;JSON;JSON;JSON","https://newdatacenter.taichung.gov.tw/api/v1/no-auth/resource.download?rid=1c21b3a9-eeab-4e70-adbf-05b96c77419e;https://newdatacenter.taichung.gov.tw/api/v1/no-auth/resource.download?rid=c7675f57-8a2c-4a86-b0b8-c9f41dd27f20;https://newdatacenter.taichung.gov.tw/api/v1/no-auth/resource.download?rid=69d8c302-34e4-40a2-8a8d-ea6923c6728e;https://newdatacenter.taichung.gov.tw/api/v1/no-auth/resource.download?rid=be5c3f0d-3b60-4e72-a58c-14483c66ea21;https://newdatacenter.taichung.gov.tw/api/v1/no-auth/resource.download?rid=4fdc9ce1-5e76-460b-bbdd-d7bde819e39c;https://newdatacenter.taichung.gov.tw/api/v1/no-auth/resource.download?rid=9a3c065d-9139-4ee3-816d-922157d56a4b;https://newdatacenter.taichung.gov.tw/api/v1/no-auth/resource.download?rid=272714f0-9f58-478b-9f37-1cc0a6cf1cde;https://newdatacenter.taichung.gov.tw/api/v1/no-auth/resource.download?rid=ebaba437-4ac3-49a6-bf3c-7fe02cb476f1;https://newdatacenter.taichung.gov.tw/api/v1/no-auth/resource.download?rid=cf55f3bd-d06a-41e5-a6c1-6d64b9c8c777;https://newdatacenter.taichung.gov.tw/api/v1/no-auth/resource.download?rid=87f69699-cb79-424f-85d2-1aeda509cd79","UTF-8;UTF-8;UTF-8;UTF-8;UTF-8;UTF-8;UTF-8;UTF-8;UTF-8;UTF-8","系統介接程式","臺中市國民中學教師人數按學歷、資格、年齡、年資別分","地區;項目;欄位名稱;數值;資料時間日期;資料週期;郵遞區號;機關代碼;電子郵件;行動電話;市話;縣市別代碼;行政區域代碼","臺中市政府教育局","每6月","政府資料開放授權條款-第1版","http://opendata.taichung.gov.tw/licenseTerms","免費","王慧琳","04-22289111#55835","2018-08-23 16:53:24","2026-06-21 22:52:13","臺中市政府OAS標準之API說明文件:https://datacenter.taichung.gov.tw/swagger/yaml/387040000E ，Swagger 產生API說明頁面網址。https://datacenter.taichung.gov.tw/swagger/api-docs/","156;156;156;156;156;156;156;156;156;156"
"103079","10411-01-44-2 臺中市國中原住民學生統計","檔案資料","求學及進修","白金","JSON;JSON;JSON;JSON;JSON;JSON;JSON;JSON;JSON;JSON;JSON;JSON;JSON","https://newdatacenter.taichung.gov.tw/api/v1/no-auth/resource.download?rid=16a3af5f-5ebf-4c7f-93e7-15a7134f8885;https://newdatacenter.taichung.gov.tw/api/v1/no-auth/resource.download?rid=851b2d17-1110-4efa-b24b-42a4d04f2840;https://newdatacenter.taichung.gov.tw/api/v1/no-auth/resource.download?rid=b01c015c-c8d9-4ff7-8f68-0ab7338fa869;https://newdatacenter.taichung.gov.tw/api/v1/no-auth/resource.download?rid=d1898a75-4b88-4aa3-b7ae-90a6150ebf55;https://newdatacenter.taichung.gov.tw/api/v1/no-auth/resource.download?rid=9701bb4b-556b-4167-b5e9-342c0bce0c79;https://newdatacenter.taichung.gov.tw/api/v1/no-auth/resource.download?rid=1224b7c5-6d4d-4293-b69c-97120c262c81;https://newdatacenter.taichung.gov.tw/api/v1/no-auth/resource.download?rid=206efdaa-c259-46f9-8ec8-eaeeb013883c;https://newdatacenter.taichung.gov.tw/api/v1/no-auth/resource.download?rid=0c29c5e1-6b98-4dfa-ad34-6e4f15bc03a5;https://newdatacenter.taichung.gov.tw/api/v1/no-auth/resource.download?rid=65917980-01d5-4f61-adb2-5e3638176453;https://newdatacenter.taichung.gov.tw/api/v1/no-auth/resource.download?rid=cc585086-8e6f-4077-af7a-a977fd452bd8;https://newdatacenter.taichung.gov.tw/api/v1/no-auth/resource.download?rid=42f4c6e7-9c74-444f-9e91-1e6ee8c77808;https://newdatacenter.taichung.gov.tw/api/v1/no-auth/resource.download?rid=16205b8a-29f0-452c-8822-b8802953ff1f;https://newdatacenter.taichung.gov.tw/api/v1/no-auth/resource.download?rid=f49aafd6-837e-4dd3-a097-e1ead133d618","UTF-8;UTF-8;UTF-8;UTF-8;UTF-8;UTF-8;UTF-8;UTF-8;UTF-8;UTF-8;UTF-8;UTF-8;UTF-8","系統介接程式","臺中市國中原住民學生","地區;項目;欄位名稱;數值;資料時間日期;資料週期;郵遞區號;機關代碼;電子郵件;行動電話;市話;縣市別代碼;行政區域代碼","臺中市政府教育局","不定期更新","政府資料開放授權條款-第1版","http://opendata.taichung.gov.tw/licenseTerms","免費","王慧琳","04-22289111#55835","2018-08-23 12:00:00","2026-06-21 22:52:09","臺中市政府OAS標準之API說明文件:https://datacenter.taichung.gov.tw/swagger/yaml/387040000E ，Swagger 產生API說明頁面網址。https://datacenter.taichung.gov.tw/swagger/api-docs/","136;136;136;136;136;136;136;136;136;136;136;136;136"
"90137","10420-05-03-2 臺中市國民小學職員及工友數","檔案資料","求學及進修","白金","JSON;JSON;JSON;JSON;JSON;JSON;JSON;JSON;JSON;JSON;JSON","https://newdatacenter.taichung.gov.tw/api/v1/no-auth/resource.download?rid=b0437447-3a3f-4048-882b-a7ee6aef7899;https://newdatacenter.taichung.gov.tw/api/v1/no-auth/resource.download?rid=7acac0e3-68e8-49f3-a98a-9b68f12ecfb0;https://newdatacenter.taichung.gov.tw/api/v1/no-auth/resource.download?rid=f812d593-4616-4c90-bf19-f89b9b8e427a;https://newdatacenter.taichung.gov.tw/api/v1/no-auth/resource.download?rid=8dfc68a6-9ce9-4351-b1b0-b792d7a63733;https://newdatacenter.taichung.gov.tw/api/v1/no-auth/resource.download?rid=b8317438-f9ba-40b2-a087-6274ece2a7e2;https://newdatacenter.taichung.gov.tw/api/v1/no-auth/resource.download?rid=ec4fd633-f984-4ffc-8777-cff203b785bc;https://newdatacenter.taichung.gov.tw/api/v1/no-auth/resource.download?rid=5c6dd667-3e3d-4321-9c68-8411a3180b35;https://newdatacenter.taichung.gov.tw/api/v1/no-auth/resource.download?rid=3b306df4-3c0c-4cd8-9ebe-0a9d66b56e88;https://newdatacenter.taichung.gov.tw/api/v1/no-auth/resource.download?rid=925e454d-d439-43c2-bc7b-722bafc592b8;https://newdatacenter.taichung.gov.tw/api/v1/no-auth/resource.download?rid=c781caa5-23da-4648-adc0-9c2dcff8d34c;https://newdatacenter.taichung.gov.tw/api/v1/no-auth/resource.download?rid=6354ab0c-9056-4ee9-a9b7-eb7c8219e30f","UTF-8;UTF-8;UTF-8;UTF-8;UTF-8;UTF-8;UTF-8;UTF-8;UTF-8;UTF-8;UTF-8","系統介接程式","臺中市國民小學職員及工友數","地區;項目;欄位名稱;數值;資料時間日期;資料週期;郵遞區號;機關代碼;電子郵件;行動電話;市話;縣市別代碼;行政區域代碼","臺中市政府教育局","每6月","政府資料開放授權條款-第1版","http://opendata.taichung.gov.tw/licenseTerms","免費","王慧琳","04-22289111#55835","2018-08-27 09:47:31","2026-06-21 22:37:18","臺中市政府OAS標準之API說明文件:https://datacenter.taichung.gov.tw/swagger/yaml/387040000E ，Swagger 產生API說明頁面網址。https://datacenter.taichung.gov.tw/swagger/api-docs/","36;18;18;18;18;18;18;18;18;18;18"
"115934","10430-03-04-2 臺中市國小班級規模別","檔案資料","求學及進修","白金","JSON;JSON;JSON;JSON;JSON;JSON;JSON;JSON;JSON;JSON;JSON","https://newdatacenter.taichung.gov.tw/api/v1/no-auth/resource.download?rid=6ba5095d-b900-4981-b13b-cbc06b791d65;https://newdatacenter.taichung.gov.tw/api/v1/no-auth/resource.download?rid=d4fd8d71-d341-4884-b3ac-75688833675b;https://newdatacenter.taichung.gov.tw/api/v1/no-auth/resource.download?rid=d292d9c7-ef93-4bf8-b0ed-23c1745f27dd;https://newdatacenter.taichung.gov.tw/api/v1/no-auth/resource.download?rid=36cf9c90-bcb7-48e6-b295-80bfcdf3dafd;https://newdatacenter.taichung.gov.tw/api/v1/no-auth/resource.download?rid=c77dc6d7-5080-4712-99c8-1de06ab2ae0f;https://newdatacenter.taichung.gov.tw/api/v1/no-auth/resource.download?rid=07c9bf7b-d7ca-4884-bd9e-5b0652aead75;https://newdatacenter.taichung.gov.tw/api/v1/no-auth/resource.download?rid=06d4156b-4f84-4540-8715-c70a0f8cc2a3;https://newdatacenter.taichung.gov.tw/api/v1/no-auth/resource.download?rid=3c2a3f89-cf09-4fce-afe7-cdd767509b65;https://newdatacenter.taichung.gov.tw/api/v1/no-auth/resource.download?rid=832d1ab6-49e5-4df5-a0f5-4516f71944e1;https://newdatacenter.taichung.gov.tw/api/v1/no-auth/resource.download?rid=3f29e8e7-3175-4fb5-bf1a-30890c1256c8;https://newdatacenter.taichung.gov.tw/api/v1/no-auth/resource.download?rid=f911a670-34ff-4156-9325-bb7bf0387215","UTF-8;UTF-8;UTF-8;UTF-8;UTF-8;UTF-8;UTF-8;UTF-8;UTF-8;UTF-8;UTF-8","系統介接程式","臺中市國小班級規模別","地區;項目;欄位名稱;數值;資料時間日期;資料週期;郵遞區號;機關代碼;電子郵件;行動電話;市話;縣市別代碼;行政區域代碼","臺中市政府教育局","每6月","政府資料開放授權條款-第1版","http://opendata.taichung.gov.tw/licenseTerms","免費","王慧琳","04-22289111#55835","2020-01-31 04:21:38","2026-06-21 22:37:17","臺中市政府OAS標準之API說明文件:https://datacenter.taichung.gov.tw/swagger/yaml/387040000E ，Swagger 產生API說明頁面網址。https://datacenter.taichung.gov.tw/swagger/api-docs/","126;126;126;126;126;126;126;126;126;126;126"
"90034","10420-01-05-2 臺中市國小教師主要任教領域統計","檔案資料","求學及進修","白金","JSON;JSON;JSON;JSON;JSON;JSON;JSON;JSON;JSON;JSON;JSON;JSON","https://newdatacenter.taichung.gov.tw/api/v1/no-auth/resource.download?rid=61b2c64d-c9af-4359-a530-e9f6b6e1e75a;https://newdatacenter.taichung.gov.tw/api/v1/no-auth/resource.download?rid=1ec0e97f-f957-43f4-bd80-7634cf90b117;https://newdatacenter.taichung.gov.tw/api/v1/no-auth/resource.download?rid=ce3d7ef5-3957-4c7b-a8a2-9fae804ced77;https://newdatacenter.taichung.gov.tw/api/v1/no-auth/resource.download?rid=faca3aa2-b42d-43c6-b8b2-63bf32873166;https://newdatacenter.taichung.gov.tw/api/v1/no-auth/resource.download?rid=b981d33a-ab98-42e1-ad57-6c1d09bc6355;https://newdatacenter.taichung.gov.tw/api/v1/no-auth/resource.download?rid=602096f3-2085-414b-abbd-86c284e36205;https://newdatacenter.taichung.gov.tw/api/v1/no-auth/resource.download?rid=0e463625-d06a-45e0-9ab8-1c5bbe731e28;https://newdatacenter.taichung.gov.tw/api/v1/no-auth/resource.download?rid=f7737e6b-4bfb-4f3a-84bc-ebb066090311;https://newdatacenter.taichung.gov.tw/api/v1/no-auth/resource.download?rid=8f5879a0-47eb-4239-ad09-f1494ae9ee95;https://newdatacenter.taichung.gov.tw/api/v1/no-auth/resource.download?rid=774a26f8-f6fa-4a9d-ba75-a853e6195737;https://newdatacenter.taichung.gov.tw/api/v1/no-auth/resource.download?rid=6d4c2cf2-490d-4469-879c-9bc03636c7f1;https://newdatacenter.taichung.gov.tw/api/v1/no-auth/resource.download?rid=202fbe3a-0122-4df3-842f-abe218ec4421","UTF-8;UTF-8;UTF-8;UTF-8;UTF-8;UTF-8;UTF-8;UTF-8;UTF-8;UTF-8;UTF-8;UTF-8","系統介接程式","臺中市國小教師主要任教領域統計","地區;項目;欄位名稱;數值;資料時間日期;資料週期;郵遞區號;機關代碼;電子郵件;行動電話;市話;縣市別代碼;行政區域代碼","臺中市政府教育局","每6月","政府資料開放授權條款-第1版","http://opendata.taichung.gov.tw/licenseTerms","免費","王慧琳","04-22289111#55835","2018-08-23 17:05:53","2026-06-21 22:37:15","臺中市政府OAS標準之API說明文件:https://datacenter.taichung.gov.tw/swagger/yaml/387040000E ，Swagger 產生API說明頁面網址。https://datacenter.taichung.gov.tw/swagger/api-docs/","60;60;60;60;60;60;60;60;60;60;60;60"
"103084","10430-01-04-2 臺中市國民小學校數按班級數、學生數別分","檔案資料","求學及進修","白金","JSON;JSON;JSON;JSON;JSON;JSON;JSON;JSON;JSON;JSON;JSON;JSON","https://newdatacenter.taichung.gov.tw/api/v1/no-auth/resource.download?rid=9cd956cb-07b1-42a4-a6c7-039e29323449;https://newdatacenter.taichung.gov.tw/api/v1/no-auth/resource.download?rid=d87eecce-6473-470c-93de-eb1c38569886;https://newdatacenter.taichung.gov.tw/api/v1/no-auth/resource.download?rid=e9020d7c-0fda-496a-a894-bff94b6488ef;https://newdatacenter.taichung.gov.tw/api/v1/no-auth/resource.download?rid=6aba7c2a-c728-4925-b842-78cdd30d86e8;https://newdatacenter.taichung.gov.tw/api/v1/no-auth/resource.download?rid=63da8d4b-14b5-4947-a9d7-128b54039d30;https://newdatacenter.taichung.gov.tw/api/v1/no-auth/resource.download?rid=ad951ca7-921b-4543-9bdc-82a3110eb328;https://newdatacenter.taichung.gov.tw/api/v1/no-auth/resource.download?rid=83968230-b931-40c5-842f-ef3086e11ac0;https://newdatacenter.taichung.gov.tw/api/v1/no-auth/resource.download?rid=22d71fd7-7989-416b-aa6e-6b8ac1da828c;https://newdatacenter.taichung.gov.tw/api/v1/no-auth/resource.download?rid=ffcb4b0d-38c0-4777-b53d-23908e87ef1c;https://newdatacenter.taichung.gov.tw/api/v1/no-auth/resource.download?rid=3ee36896-3c80-4e76-9add-0d54d030186d;https://newdatacenter.taichung.gov.tw/api/v1/no-auth/resource.download?rid=ea9f8de0-e5fc-446d-bd81-c1345df85b23;https://newdatacenter.taichung.gov.tw/api/v1/no-auth/resource.download?rid=5d6a077d-b6fe-40eb-a748-889eeacdcf83","UTF-8;UTF-8;UTF-8;UTF-8;UTF-8;UTF-8;UTF-8;UTF-8;UTF-8;UTF-8;UTF-8;UTF-8","系統介接程式","臺中市國民小學校數按班級數、學生數別分","地區;項目;欄位名稱;數值;資料時間日期;資料週期;郵遞區號;機關代碼;電子郵件;行動電話;市話;縣市別代碼;行政區域代碼","臺中市政府教育局","每6月","政府資料開放授權條款-第1版","http://opendata.taichung.gov.tw/licenseTerms","免費","王慧琳","04-22289111#55835","2019-06-05 14:53:03","2026-06-21 22:37:10","臺中市政府OAS標準之API說明文件:https://datacenter.taichung.gov.tw/swagger/yaml/387040000E ，Swagger 產生API說明頁面網址。https://datacenter.taichung.gov.tw/swagger/api-docs/","126;126;126;126;126;126;126;126;126;126;126;126"
"115921","10411-01-31-2 臺中市國民小學概況","檔案資料","求學及進修","白金","JSON;JSON;JSON;JSON;JSON;JSON;JSON;JSON;JSON;JSON;JSON;JSON;JSON","https://newdatacenter.taichung.gov.tw/api/v1/no-auth/resource.download?rid=7d69222f-b078-4144-a232-4d79a12dca4a;https://newdatacenter.taichung.gov.tw/api/v1/no-auth/resource.download?rid=0b63f57b-ca00-42d2-9031-31f70dd5f5db;https://newdatacenter.taichung.gov.tw/api/v1/no-auth/resource.download?rid=efa655fe-a07e-4fcc-bbe2-7d8292b1b8c6;https://newdatacenter.taichung.gov.tw/api/v1/no-auth/resource.download?rid=03a1f036-0c89-4793-b820-bbfe2a615abb;https://newdatacenter.taichung.gov.tw/api/v1/no-auth/resource.download?rid=c756f3c6-40df-4707-b3b3-43cdae7f0b07;https://newdatacenter.taichung.gov.tw/api/v1/no-auth/resource.download?rid=3b42924d-3a6b-4a26-aba8-39d869d7e571;https://newdatacenter.taichung.gov.tw/api/v1/no-auth/resource.download?rid=635ed292-dc31-43b6-9216-acd813826664;https://newdatacenter.taichung.gov.tw/api/v1/no-auth/resource.download?rid=50294c16-231b-4e44-aafa-db26eeac5d43;https://newdatacenter.taichung.gov.tw/api/v1/no-auth/resource.download?rid=29cdb96d-8854-4e07-a865-441fc1a301ca;https://newdatacenter.taichung.gov.tw/api/v1/no-auth/resource.download?rid=03f7a21d-7d84-4d35-821d-b9ba9936d80c;https://newdatacenter.taichung.gov.tw/api/v1/no-auth/resource.download?rid=fbd67cf2-0be5-4c4f-ad1f-7a2c8970b0bd;https://newdatacenter.taichung.gov.tw/api/v1/no-auth/resource.download?rid=cf197840-946c-417e-bfff-fafc0a59170b;https://newdatacenter.taichung.gov.tw/api/v1/no-auth/resource.download?rid=06f74eaa-32bf-48c5-819b-4572eb330b15","UTF-8;UTF-8;UTF-8;UTF-8;UTF-8;UTF-8;UTF-8;UTF-8;UTF-8;UTF-8;UTF-8;UTF-8;UTF-8","系統介接程式","臺中市國民小學概況","地區;項目;欄位名稱;數值;資料時間日期;資料週期;郵遞區號;機關代碼;電子郵件;行動電話;市話;縣市別代碼;行政區域代碼","臺中市政府教育局","不定期更新","政府資料開放授權條款-第1版","http://opendata.taichung.gov.tw/licenseTerms","付費","王慧琳","04-22289111#55835","2020-01-31 03:41:25","2026-06-21 22:37:08","臺中市政府OAS標準之API說明文件:https://datacenter.taichung.gov.tw/swagger/yaml/387040000E ，Swagger 產生API說明頁面網址。https://datacenter.taichung.gov.tw/swagger/api-docs/","704;704;704;704;704;704;704;704;704;704;704;704;704"
"103087","10430-02-03-2 臺中市國民中學校地校舍概況","檔案資料","求學及進修","白金","JSON;JSON;JSON;JSON;JSON;JSON;JSON;JSON;JSON;JSON;JSON","https://newdatacenter.taichung.gov.tw/api/v1/no-auth/resource.download?rid=5b316bda-0927-4b60-b9c9-d57f7b40433f;https://newdatacenter.taichung.gov.tw/api/v1/no-auth/resource.download?rid=69d9f446-f7c6-4475-be36-ae780cdaddbb;https://newdatacenter.taichung.gov.tw/api/v1/no-auth/resource.download?rid=5f7b9412-736a-4865-9e6b-6456cd41d9ee;https://newdatacenter.taichung.gov.tw/api/v1/no-auth/resource.download?rid=36c98032-4107-4e5f-be87-30d5bf23667b;https://newdatacenter.taichung.gov.tw/api/v1/no-auth/resource.download?rid=22bb8936-eedc-46c3-8e1e-67ece7acd20c;https://newdatacenter.taichung.gov.tw/api/v1/no-auth/resource.download?rid=cfbba559-931b-4cb1-b159-b2436db7e290;https://newdatacenter.taichung.gov.tw/api/v1/no-auth/resource.download?rid=f90d7d09-85e2-4e9e-82a4-a4af190ea1bc;https://newdatacenter.taichung.gov.tw/api/v1/no-auth/resource.download?rid=c077988c-c01a-4637-9547-ab651779007e;https://newdatacenter.taichung.gov.tw/api/v1/no-auth/resource.download?rid=14c3f899-1919-43d5-b611-aa03375d2ceb;https://newdatacenter.taichung.gov.tw/api/v1/no-auth/resource.download?rid=e811418d-dbd1-4474-937e-07e7e9b21547;https://newdatacenter.taichung.gov.tw/api/v1/no-auth/resource.download?rid=075013aa-45e0-486c-9170-1f93a1b3eaff","UTF-8;UTF-8;UTF-8;UTF-8;UTF-8;UTF-8;UTF-8;UTF-8;UTF-8;UTF-8;UTF-8","系統介接程式","臺中市國民中學校地校舍概況","地區;項目;欄位名稱;數值;資料時間日期;資料週期;郵遞區號;機關代碼;電子郵件;行動電話;市話;縣市別代碼;行政區域代碼","臺中市政府教育局","每6月","政府資料開放授權條款-第1版","http://opendata.taichung.gov.tw/licenseTerms","免費","王慧琳","04-22289111#55835","2019-06-05 14:53:55","2026-06-21 22:37:07","臺中市政府OAS標準之API說明文件:https://datacenter.taichung.gov.tw/swagger/yaml/387040000E ，Swagger 產生API說明頁面網址。https://datacenter.taichung.gov.tw/swagger/api-docs/","153;156;18;18;18;18;18;18;18;18;18"
"90148","10430-01-03-2 臺中市國民中學校數按班級數、學生數別分","檔案資料","求學及進修","白金","JSON;JSON;JSON;JSON;JSON;JSON;JSON;JSON;JSON;JSON;JSON;JSON","https://newdatacenter.taichung.gov.tw/api/v1/no-auth/resource.download?rid=038d14a4-7315-4a32-9d51-3b14580e6f25;https://newdatacenter.taichung.gov.tw/api/v1/no-auth/resource.download?rid=772c9f2d-79a4-4f74-a016-30e079771abd;https://newdatacenter.taichung.gov.tw/api/v1/no-auth/resource.download?rid=678355d1-c870-4571-a6e2-964c3792727a;https://newdatacenter.taichung.gov.tw/api/v1/no-auth/resource.download?rid=4d674706-b397-4171-b2f8-5b1de57046f9;https://newdatacenter.taichung.gov.tw/api/v1/no-auth/resource.download?rid=31afd3b6-a5b8-416e-84fa-dd318cffba6d;https://newdatacenter.taichung.gov.tw/api/v1/no-auth/resource.download?rid=ccda6c6f-839f-4124-9833-0e83da65017f;https://newdatacenter.taichung.gov.tw/api/v1/no-auth/resource.download?rid=475157c9-0ae2-4fb1-a43d-8599f991c001;https://newdatacenter.taichung.gov.tw/api/v1/no-auth/resource.download?rid=1e2efa5b-6b56-4d45-a6b3-78c5f7a624ac;https://newdatacenter.taichung.gov.tw/api/v1/no-auth/resource.download?rid=d5aa87e1-6b4e-461d-a4d1-b6e9c211f6fe;https://newdatacenter.taichung.gov.tw/api/v1/no-auth/resource.download?rid=a317b05a-0de9-4c99-b091-41442be5ce95;https://newdatacenter.taichung.gov.tw/api/v1/no-auth/resource.download?rid=26fdabe7-74c7-43e1-89ff-8d14886eeef2;https://newdatacenter.taichung.gov.tw/api/v1/no-auth/resource.download?rid=d527c666-df46-4ddf-bb7a-91fea7c67e36","UTF-8;UTF-8;UTF-8;UTF-8;UTF-8;UTF-8;UTF-8;UTF-8;UTF-8;UTF-8;UTF-8;UTF-8","系統介接程式","臺中市國民中學校數按班級數、學生數別分","地區;項目;欄位名稱;數值;資料時間日期;資料週期;郵遞區號;機關代碼;電子郵件;行動電話;市話;縣市別代碼;行政區域代碼","臺中市政府教育局","每6月","政府資料開放授權條款-第1版","http://opendata.taichung.gov.tw/licenseTerms","免費","王慧琳","04-22289111#55835","2018-08-27 10:46:30","2026-06-21 22:37:05","臺中市政府OAS標準之API說明文件:https://datacenter.taichung.gov.tw/swagger/yaml/387040000E ，Swagger 產生API說明頁面網址。https://datacenter.taichung.gov.tw/swagger/api-docs/","126;126;126;126;126;126;126;126;126;126;126;126"
"103082","10411-01-48-2 臺中市國民中學新住民子女學生數","檔案資料","求學及進修","白金","JSON;JSON;JSON;JSON;JSON;JSON;JSON;JSON;JSON;JSON;JSON;JSON;JSON;JSON","https://newdatacenter.taichung.gov.tw/api/v1/no-auth/resource.download?rid=61bdc259-ed01-4a8e-9b72-44c870d52610;https://newdatacenter.taichung.gov.tw/api/v1/no-auth/resource.download?rid=c4183cee-17a3-426b-a05d-497d1a219345;https://newdatacenter.taichung.gov.tw/api/v1/no-auth/resource.download?rid=119f6d1b-f471-4d56-b041-280236666dd8;https://newdatacenter.taichung.gov.tw/api/v1/no-auth/resource.download?rid=3059aa2f-004a-43fc-b6dc-74aa4b631e02;https://newdatacenter.taichung.gov.tw/api/v1/no-auth/resource.download?rid=28c3e5c2-5cc0-4c3b-9678-24c6e37d56dd;https://newdatacenter.taichung.gov.tw/api/v1/no-auth/resource.download?rid=beafa125-3688-4db3-b4e6-00b6b62ee823;https://newdatacenter.taichung.gov.tw/api/v1/no-auth/resource.download?rid=d56bc77c-ed36-47c3-bb8c-cbc8893e99ba;https://newdatacenter.taichung.gov.tw/api/v1/no-auth/resource.download?rid=573254d2-7b89-4de7-b2c9-53b4c9ca98d1;https://newdatacenter.taichung.gov.tw/api/v1/no-auth/resource.download?rid=f20c5129-d8a9-4996-951b-3c62324f4eee;https://newdatacenter.taichung.gov.tw/api/v1/no-auth/resource.download?rid=b240b38d-3c3c-4270-ab51-cc1109eb21b7;https://newdatacenter.taichung.gov.tw/api/v1/no-auth/resource.download?rid=c6889996-e320-4ba8-bcd1-4d79cd7ddd05;https://newdatacenter.taichung.gov.tw/api/v1/no-auth/resource.download?rid=d8c3cd5d-c400-4bcd-b6ec-bb7dfb3ddf96;https://newdatacenter.taichung.gov.tw/api/v1/no-auth/resource.download?rid=ed6605f0-afa2-48a8-9804-9935d12994e4;https://newdatacenter.taichung.gov.tw/api/v1/no-auth/resource.download?rid=223219e6-5351-4bae-84a8-be7361ca5f75","UTF-8;UTF-8;UTF-8;UTF-8;UTF-8;UTF-8;UTF-8;UTF-8;UTF-8;UTF-8;UTF-8;UTF-8;UTF-8;UTF-8","系統介接程式","臺中市國民中學新住民子女學生數","地區;項目;欄位名稱;數值;資料時間日期;資料週期;郵遞區號;機關代碼;電子郵件;行動電話;市話;縣市別代碼;行政區域代碼","臺中市政府教育局","每6月","政府資料開放授權條款-第1版","http://opendata.taichung.gov.tw/licenseTerms","免費","王慧琳","04-22289111#55835","2019-06-05 14:52:08","2026-06-21 22:37:04","臺中市政府OAS標準之API說明文件:https://datacenter.taichung.gov.tw/swagger/yaml/387040000E ，Swagger 產生API說明頁面網址。https://datacenter.taichung.gov.tw/swagger/api-docs/","90;90;90;90;90;90;90;90;90;90;90;90;90;90"
"103083","10411-01-49-2 臺中市國民小學新住民子女學生數","檔案資料","求學及進修","白金","JSON;JSON;JSON;JSON;JSON;JSON;JSON;JSON;JSON;JSON;JSON;JSON;JSON","https://newdatacenter.taichung.gov.tw/api/v1/no-auth/resource.download?rid=8d452f3e-f268-4605-bd8b-4735589e6463;https://newdatacenter.taichung.gov.tw/api/v1/no-auth/resource.download?rid=2a40afee-a0d7-42fc-af9d-4c1f3dbcc381;https://newdatacenter.taichung.gov.tw/api/v1/no-auth/resource.download?rid=a33cc545-55a9-4f34-9bee-fd89ae3f6212;https://newdatacenter.taichung.gov.tw/api/v1/no-auth/resource.download?rid=ecb2b0f8-6a08-4a6d-8ab7-9607608e19d2;https://newdatacenter.taichung.gov.tw/api/v1/no-auth/resource.download?rid=4539d03a-3df8-40df-98fe-0881970e6796;https://newdatacenter.taichung.gov.tw/api/v1/no-auth/resource.download?rid=da767268-faee-46d9-806a-2b6275d9cca5;https://newdatacenter.taichung.gov.tw/api/v1/no-auth/resource.download?rid=75ded4d7-439f-4cfa-b5fb-1a7a7fbfe49b;https://newdatacenter.taichung.gov.tw/api/v1/no-auth/resource.download?rid=9d3889c4-c5ab-485d-b971-2a9b9b261e0b;https://newdatacenter.taichung.gov.tw/api/v1/no-auth/resource.download?rid=8f048ebd-c4c9-4832-a4f2-60c020be592a;https://newdatacenter.taichung.gov.tw/api/v1/no-auth/resource.download?rid=874d7039-5cce-4f4a-a8ca-a4404083f1a5;https://newdatacenter.taichung.gov.tw/api/v1/no-auth/resource.download?rid=4a5461ec-ef2a-4281-ae94-7b9f9c20da4e;https://newdatacenter.taichung.gov.tw/api/v1/no-auth/resource.download?rid=97d658be-99cc-47bc-8470-0cca45e2fa5d;https://newdatacenter.taichung.gov.tw/api/v1/no-auth/resource.download?rid=f282f2a9-f172-4319-8f04-140edca9ca87","UTF-8;UTF-8;UTF-8;UTF-8;UTF-8;UTF-8;UTF-8;UTF-8;UTF-8;UTF-8;UTF-8;UTF-8;UTF-8","系統介接程式","統計項目定義：
（一）新住民：係指中國大陸(含港、澳)及外籍配偶，與本國籍人士締結婚姻當時其身分為非本國籍人士，不論日後是否已取得國民身分證。
（二）新住民子女學生數：以學生本人出生時，父或母一方居住臺灣地區設有戶籍國民，另一
      方為非居住於臺灣地區設有戶籍國民。
（三）若同一婚姻關係中，哥哥、姊姊出生時為新住民子女，其弟弟、妹妹出生時，亦視為新住民子女。
（四）寄親：係指父母雙亡、失蹤而寄養在親友家中或公私立收容機構者。","地區;項目;欄位名稱;數值;資料時間日期;資料週期;郵遞區號;機關代碼;電子郵件;行動電話;市話;縣市別代碼;行政區域代碼","臺中市政府教育局","每6月","政府資料開放授權條款-第1版","http://opendata.taichung.gov.tw/licenseTerms","免費","王慧琳","04-22289111#55835","2019-06-05 14:52:36","2026-06-21 22:37:01","臺中市政府OAS標準之API說明文件:https://datacenter.taichung.gov.tw/swagger/yaml/387040000E ，Swagger 產生API說明頁面網址。https://datacenter.taichung.gov.tw/swagger/api-docs/","180;180;180;180;180;180;180;180;180;180;180;180;180"
"89980","10411-01-07-2 臺中市國小學生年齡別統計","檔案資料","求學及進修","白金","JSON;JSON;JSON;JSON;JSON;JSON;JSON;JSON;JSON;JSON;JSON;JSON;JSON;JSON","https://newdatacenter.taichung.gov.tw/api/v1/no-auth/resource.download?rid=9a10fb86-65cd-46d3-9356-ff6c1175dec9;https://newdatacenter.taichung.gov.tw/api/v1/no-auth/resource.download?rid=3a75f7e0-7941-49dc-89cd-8570c3dfce97;https://newdatacenter.taichung.gov.tw/api/v1/no-auth/resource.download?rid=7f900737-dc37-4f80-8b72-450f24066bfc;https://newdatacenter.taichung.gov.tw/api/v1/no-auth/resource.download?rid=bf752dd7-8f12-4e33-a8d0-eb2e91081535;https://newdatacenter.taichung.gov.tw/api/v1/no-auth/resource.download?rid=c82f11df-f233-433c-8b87-3bab68449004;https://newdatacenter.taichung.gov.tw/api/v1/no-auth/resource.download?rid=27d47860-b467-4654-9908-2aeefb0be951;https://newdatacenter.taichung.gov.tw/api/v1/no-auth/resource.download?rid=4ae49bb4-a901-497b-b622-2b7b8249c508;https://newdatacenter.taichung.gov.tw/api/v1/no-auth/resource.download?rid=06e9e5da-a9ff-4dda-af9e-6d205bedcef4;https://newdatacenter.taichung.gov.tw/api/v1/no-auth/resource.download?rid=7a3ca2fb-a151-471e-8dd7-23cec1376a91;https://newdatacenter.taichung.gov.tw/api/v1/no-auth/resource.download?rid=0ddedc68-87a3-4fc5-b52e-0f10d269a0a3;https://newdatacenter.taichung.gov.tw/api/v1/no-auth/resource.download?rid=32e90b6f-80d3-456f-9daa-9fa30ba3a41a;https://newdatacenter.taichung.gov.tw/api/v1/no-auth/resource.download?rid=28bf6c64-0ad7-46ff-ba13-b2ccede565e3;https://newdatacenter.taichung.gov.tw/api/v1/no-auth/resource.download?rid=a5a6ea66-2b2b-48e6-b443-cb76ec8ad8f9;https://newdatacenter.taichung.gov.tw/api/v1/no-auth/resource.download?rid=fc7c0d73-e79d-44c9-a194-1c6098c343ff","UTF-8;UTF-8;UTF-8;UTF-8;UTF-8;UTF-8;UTF-8;UTF-8;UTF-8;UTF-8;UTF-8;UTF-8;UTF-8;UTF-8","系統介接程式","臺中市國小學生年齡別統計","地區;項目;欄位名稱;數值;資料時間日期;資料週期;郵遞區號;機關代碼;電子郵件;行動電話;市話;縣市別代碼;行政區域代碼","臺中市政府教育局","每6月","政府資料開放授權條款-第1版","http://opendata.taichung.gov.tw/licenseTerms","免費","王慧琳","04-22289111#55835","2018-08-23 13:06:54","2026-06-21 22:36:57","臺中市政府OAS標準之API說明文件:https://datacenter.taichung.gov.tw/swagger/yaml/387040000E ，Swagger 產生API說明頁面網址。https://datacenter.taichung.gov.tw/swagger/api-docs/","132;132;132;132;132;132;132;132;132;132;132;132;132;132"
"90136","10420-05-02-2 臺中市國民中學職員及工友數","檔案資料","求學及進修","白金","JSON;JSON;JSON;JSON;JSON;JSON;JSON;JSON;JSON;JSON;JSON","https://newdatacenter.taichung.gov.tw/api/v1/no-auth/resource.download?rid=f9a0ba84-9b1e-4529-ab0e-bcc2230918d8;https://newdatacenter.taichung.gov.tw/api/v1/no-auth/resource.download?rid=085cc93c-939b-49ec-a5eb-0eb553439d1c;https://newdatacenter.taichung.gov.tw/api/v1/no-auth/resource.download?rid=2648591f-f71a-4b06-b8ad-16b6221047c3;https://newdatacenter.taichung.gov.tw/api/v1/no-auth/resource.download?rid=1c8cafc7-896d-4d3f-86f6-0cdc464e9522;https://newdatacenter.taichung.gov.tw/api/v1/no-auth/resource.download?rid=804a8fe8-3f99-434b-8434-63ee3a9269db;https://newdatacenter.taichung.gov.tw/api/v1/no-auth/resource.download?rid=1c56038f-18e6-49ee-8b24-ac8acb93fd98;https://newdatacenter.taichung.gov.tw/api/v1/no-auth/resource.download?rid=59c873ce-1a38-4e5d-8735-b45c3a18681d;https://newdatacenter.taichung.gov.tw/api/v1/no-auth/resource.download?rid=c34e6026-1bdc-403d-97fe-bfea26301f2d;https://newdatacenter.taichung.gov.tw/api/v1/no-auth/resource.download?rid=5938d1a5-9413-4150-9ca0-797f0b9e7230;https://newdatacenter.taichung.gov.tw/api/v1/no-auth/resource.download?rid=2e3b3504-cf05-457c-9e07-e55cacc1e447;https://newdatacenter.taichung.gov.tw/api/v1/no-auth/resource.download?rid=9449f461-2ffb-4c02-bd1f-5b591d2a7b67","UTF-8;UTF-8;UTF-8;UTF-8;UTF-8;UTF-8;UTF-8;UTF-8;UTF-8;UTF-8;UTF-8","系統介接程式","統計項目定義：
（一）職員、工友數以編制內現有人數計算。
 （二）職員係指人事、會計、總務、幹事、校護等非屬教師之行政(公務)人員，不含專任運動
      教練，若該編制內職員缺現為身障控缺或由約僱人員代理中，則改計列該代理人的資
      料，惟不包含附設幼兒園的教保員、助理教保員及幼兒園專任職員。
（三）工友含司機、技工、工友等。
（四）年齡：按出生年次計算(統計標準時間年度-出生年)。","地區;項目;欄位名稱;數值;資料時間日期;資料週期;郵遞區號;機關代碼;電子郵件;行動電話;市話;縣市別代碼;行政區域代碼","臺中市政府教育局","每6月","政府資料開放授權條款-第1版","http://opendata.taichung.gov.tw/licenseTerms","免費","王慧琳","04-22289111#55835","2018-08-27 09:41:01","2026-06-21 22:36:52","臺中市政府OAS標準之API說明文件:https://datacenter.taichung.gov.tw/swagger/yaml/387040000E ，Swagger 產生API說明頁面網址。https://datacenter.taichung.gov.tw/swagger/api-docs/","36;18;18;18;18;18;18;18;18;18;18"
"103707","10460-01-01-2 臺中市國民中學受輔學生及認輔教師統計","檔案資料","求學及進修","白金","JSON;JSON;JSON;JSON;JSON;JSON;JSON;JSON;JSON;JSON;JSON;JSON;JSON","https://newdatacenter.taichung.gov.tw/api/v1/no-auth/resource.download?rid=5554a152-c2fc-411d-bcc3-c5ae35cafe72;https://newdatacenter.taichung.gov.tw/api/v1/no-auth/resource.download?rid=b90d6740-a6fa-495c-9bb7-6c7292ea91c0;https://newdatacenter.taichung.gov.tw/api/v1/no-auth/resource.download?rid=fd66e38f-35a2-479d-be2f-5e90e4e032ae;https://newdatacenter.taichung.gov.tw/api/v1/no-auth/resource.download?rid=34f9d2b6-5e8f-41cd-b789-c8dc69ccfa8a;https://newdatacenter.taichung.gov.tw/api/v1/no-auth/resource.download?rid=e4400e7d-0ce2-4bb3-a3a3-08bb8b437c6a;https://newdatacenter.taichung.gov.tw/api/v1/no-auth/resource.download?rid=2cc7d234-f686-48a5-9e89-5c347d40b0f2;https://newdatacenter.taichung.gov.tw/api/v1/no-auth/resource.download?rid=61b2fc43-226d-437b-80e9-477af6854f12;https://newdatacenter.taichung.gov.tw/api/v1/no-auth/resource.download?rid=4a0246d8-5194-4973-93e1-b6bbff1237c8;https://newdatacenter.taichung.gov.tw/api/v1/no-auth/resource.download?rid=39d721b8-a314-4097-a0b1-2b79d50cbf3e;https://newdatacenter.taichung.gov.tw/api/v1/no-auth/resource.download?rid=84801cce-e41b-491a-83e3-14c54b9c8c60;https://newdatacenter.taichung.gov.tw/api/v1/no-auth/resource.download?rid=38381523-1a2c-496d-a9b1-075cafff0b12;https://newdatacenter.taichung.gov.tw/api/v1/no-auth/resource.download?rid=57797ae7-e70c-46ca-bc8e-e5633c1b07b1;https://newdatacenter.taichung.gov.tw/api/v1/no-auth/resource.download?rid=f2dd66cc-66a6-4fbf-ac09-011660462839","UTF-8;UTF-8;UTF-8;UTF-8;UTF-8;UTF-8;UTF-8;UTF-8;UTF-8;UTF-8;UTF-8;UTF-8;UTF-8","系統介接程式","臺中市國民中學受輔學生及認輔教師統計","地區;項目;欄位名稱;數值;資料時間日期;資料週期;郵遞區號;機關代碼;電子郵件;行動電話;市話;縣市別代碼;行政區域代碼","臺中市政府教育局","每6月","政府資料開放授權條款-第1版","http://opendata.taichung.gov.tw/licenseTerms","免費","王慧琳","04-22289111#55835","2019-06-19 13:31:53","2026-06-21 22:36:48","臺中市政府OAS標準之API說明文件:https://datacenter.taichung.gov.tw/swagger/yaml/387040000E ，Swagger 產生API說明頁面網址。https://datacenter.taichung.gov.tw/swagger/api-docs/","81;81;72;72;72;72;72;78;72;78;72;78;72"
"90026","10412-04-05-2 臺中市高級中等學校學生異動表-進修部(學校)","檔案資料","求學及進修","白金","JSON;JSON;JSON;JSON;JSON;JSON;JSON;JSON;JSON;JSON;JSON;JSON","https://newdatacenter.taichung.gov.tw/api/v1/no-auth/resource.download?rid=a4e11a50-d57d-4b6f-9168-3c1e32dc4833;https://newdatacenter.taichung.gov.tw/api/v1/no-auth/resource.download?rid=0f13a3b1-c97e-4fc2-8238-9cf7266d5e94;https://newdatacenter.taichung.gov.tw/api/v1/no-auth/resource.download?rid=0dbbb2cd-f2e8-4ac1-a2b6-4e83ede04b3b;https://newdatacenter.taichung.gov.tw/api/v1/no-auth/resource.download?rid=2bf80fa1-0f5d-4a1d-b2d0-d7c45dcf4398;https://newdatacenter.taichung.gov.tw/api/v1/no-auth/resource.download?rid=b4628a49-b738-4a55-ae38-eff97b7b93cf;https://newdatacenter.taichung.gov.tw/api/v1/no-auth/resource.download?rid=f8c32fbf-6718-41c7-8c5c-55e1681979d7;https://newdatacenter.taichung.gov.tw/api/v1/no-auth/resource.download?rid=26fd66b4-8875-4940-9c12-8b1b8c2d10e3;https://newdatacenter.taichung.gov.tw/api/v1/no-auth/resource.download?rid=c3afda1c-99da-4a3f-a314-25e209941477;https://newdatacenter.taichung.gov.tw/api/v1/no-auth/resource.download?rid=a74f4273-6b1d-4abe-93a5-a10b3960212e;https://newdatacenter.taichung.gov.tw/api/v1/no-auth/resource.download?rid=c74b1b41-7f87-4e63-b56d-a46a0a55ff91;https://newdatacenter.taichung.gov.tw/api/v1/no-auth/resource.download?rid=8ee81739-a66c-4d30-8332-5c63126c4391;https://newdatacenter.taichung.gov.tw/api/v1/no-auth/resource.download?rid=a7f650c5-a8ab-465e-b23d-acfce6c3c3d9","UTF-8;UTF-8;UTF-8;UTF-8;UTF-8;UTF-8;UTF-8;UTF-8;UTF-8;UTF-8;UTF-8;UTF-8","系統介接程式","臺中市高級中等學校學生異動表-進修部(學校)","地區;項目;欄位名稱;數值;資料時間日期;資料週期;郵遞區號;機關代碼;電子郵件;行動電話;市話;縣市別代碼;行政區域代碼","臺中市政府教育局","每6月","政府資料開放授權條款-第1版","http://opendata.taichung.gov.tw/licenseTerms","免費","王慧琳","04-22289111#55835","2018-08-23 16:24:07","2026-06-21 22:36:45","臺中市政府OAS標準之API說明文件:https://datacenter.taichung.gov.tw/swagger/yaml/387040000E ，Swagger 產生API說明頁面網址。https://datacenter.taichung.gov.tw/swagger/api-docs/","420;420;420;420;420;420;420;420;420;420;420;420"
"89977","10411-01-04-2 臺中市高級中等學校學生年齡別統計-實用技能學程","檔案資料","求學及進修","白金","JSON;JSON;JSON;JSON;JSON;JSON;JSON;JSON;JSON;JSON;JSON","https://newdatacenter.taichung.gov.tw/api/v1/no-auth/resource.download?rid=5d3ab9d2-d999-45e2-a702-886e629cff10;https://newdatacenter.taichung.gov.tw/api/v1/no-auth/resource.download?rid=1fe1bf3e-fe9a-4406-b4d2-c3605dd58059;https://newdatacenter.taichung.gov.tw/api/v1/no-auth/resource.download?rid=4e8cec4a-991a-4f26-b3d2-e1bd8cc5a6b6;https://newdatacenter.taichung.gov.tw/api/v1/no-auth/resource.download?rid=fdfd29e5-62d2-474a-92e2-a74e87e5c212;https://newdatacenter.taichung.gov.tw/api/v1/no-auth/resource.download?rid=8f30f3d2-57d7-429d-b35f-a5b841f889a1;https://newdatacenter.taichung.gov.tw/api/v1/no-auth/resource.download?rid=5716aab4-804e-413d-9133-c90c9c47d8f5;https://newdatacenter.taichung.gov.tw/api/v1/no-auth/resource.download?rid=1a120dae-9d3e-45bc-948f-86075e4e8254;https://newdatacenter.taichung.gov.tw/api/v1/no-auth/resource.download?rid=c9a8a36d-ce8f-4843-bce8-af388498a4d8;https://newdatacenter.taichung.gov.tw/api/v1/no-auth/resource.download?rid=ed719779-48f4-4359-8a81-f9c278a3c0b1;https://newdatacenter.taichung.gov.tw/api/v1/no-auth/resource.download?rid=ae24f6ea-281b-4bf5-8eb8-8d6e795fd1b5;https://newdatacenter.taichung.gov.tw/api/v1/no-auth/resource.download?rid=7d98f818-aa48-4895-ae5d-614ed7d30f18","UTF-8;UTF-8;UTF-8;UTF-8;UTF-8;UTF-8;UTF-8;UTF-8;UTF-8;UTF-8;UTF-8","系統介接程式","臺中市高級中等學校學生年齡別統計-實用技能學程","地區;項目;欄位名稱;數值;資料時間日期;資料週期;郵遞區號;機關代碼;電子郵件;行動電話;市話;縣市別代碼;行政區域代碼","臺中市政府教育局","每6月","政府資料開放授權條款-第1版","http://opendata.taichung.gov.tw/licenseTerms","免費","王慧琳","04-22289111#55835","2018-08-23 12:32:17","2026-06-21 22:19:32","臺中市政府OAS標準之API說明文件:https://datacenter.taichung.gov.tw/swagger/yaml/387040000E ，Swagger 產生API說明頁面網址。https://datacenter.taichung.gov.tw/swagger/api-docs/","80;80;80;80;80;80;80;80;80;80;80"
"89978","10411-01-05-2 臺中市高級中等學校學生年齡別統計-進修部(學校)","檔案資料","求學及進修","白金","JSON;JSON;JSON;JSON;JSON;JSON;JSON;JSON;JSON;JSON;JSON;JSON","https://newdatacenter.taichung.gov.tw/api/v1/no-auth/resource.download?rid=b8ce3841-c7b2-4432-801c-4bdee58dc996;https://newdatacenter.taichung.gov.tw/api/v1/no-auth/resource.download?rid=14a90ac5-92b7-409b-a695-d5ac1e8db635;https://newdatacenter.taichung.gov.tw/api/v1/no-auth/resource.download?rid=83170176-4050-4c4c-98cf-505553a7209f;https://newdatacenter.taichung.gov.tw/api/v1/no-auth/resource.download?rid=cc8d3ee1-1cb4-4295-971f-73e8315800a0;https://newdatacenter.taichung.gov.tw/api/v1/no-auth/resource.download?rid=447dba8c-425a-4b31-ba17-fbcce09fd861;https://newdatacenter.taichung.gov.tw/api/v1/no-auth/resource.download?rid=3ecb6caa-4180-493f-b42e-49b0d3686d97;https://newdatacenter.taichung.gov.tw/api/v1/no-auth/resource.download?rid=6dd76846-ff8c-4318-8107-4bfe0011fc91;https://newdatacenter.taichung.gov.tw/api/v1/no-auth/resource.download?rid=da6935e1-4047-4dac-a67b-246542689b1c;https://newdatacenter.taichung.gov.tw/api/v1/no-auth/resource.download?rid=2d27c771-5f6f-414c-8dbf-3c799013e562;https://newdatacenter.taichung.gov.tw/api/v1/no-auth/resource.download?rid=b825b215-9bc3-4236-a6f6-db46fcb6d185;https://newdatacenter.taichung.gov.tw/api/v1/no-auth/resource.download?rid=fd7259b1-fad6-47f0-8bac-b04f78c53071;https://newdatacenter.taichung.gov.tw/api/v1/no-auth/resource.download?rid=b0f55ea3-ac7f-4897-a89b-fcda79d350cb","UTF-8;UTF-8;UTF-8;UTF-8;UTF-8;UTF-8;UTF-8;UTF-8;UTF-8;UTF-8;UTF-8;UTF-8","系統介接程式","臺中市高級中等學校學生年齡別統計-進修部(學校)","地區;項目;欄位名稱;數值;資料時間日期;資料週期;郵遞區號;機關代碼;電子郵件;行動電話;市話;縣市別代碼;行政區域代碼","臺中市政府教育局","每6月","政府資料開放授權條款-第1版","http://opendata.taichung.gov.tw/licenseTerms","免費","王慧琳","04-22289111#55835","2018-08-23 12:34:31","2026-06-21 22:19:30","臺中市政府OAS標準之API說明文件:https://datacenter.taichung.gov.tw/swagger/yaml/387040000E ，Swagger 產生API說明頁面網址。https://datacenter.taichung.gov.tw/swagger/api-docs/","80;80;80;80;80;80;80;80;80;80;80;80"
"89975","10411-01-01-2 臺中市高級中等學校學生年齡別統計-普通科","檔案資料","求學及進修","白金","JSON;JSON;JSON;JSON;JSON;JSON;JSON;JSON;JSON;JSON","https://newdatacenter.taichung.gov.tw/api/v1/no-auth/resource.download?rid=aa2ea9be-55fa-402a-8675-8a3a3e2ff0cd;https://newdatacenter.taichung.gov.tw/api/v1/no-auth/resource.download?rid=4d2dc5f6-2f48-4de2-8cfa-dc2bbaa0b6cc;https://newdatacenter.taichung.gov.tw/api/v1/no-auth/resource.download?rid=4dbf8503-3cae-4c38-a9c1-b6727842e061;https://newdatacenter.taichung.gov.tw/api/v1/no-auth/resource.download?rid=d3d9775e-38a2-41b1-a99b-698e80b48011;https://newdatacenter.taichung.gov.tw/api/v1/no-auth/resource.download?rid=57f54a0a-8537-423a-a8fc-9caa6e8d3548;https://newdatacenter.taichung.gov.tw/api/v1/no-auth/resource.download?rid=ac1bdac1-cf14-40de-bcf9-9e0f20025d86;https://newdatacenter.taichung.gov.tw/api/v1/no-auth/resource.download?rid=d855148f-76be-442a-afa8-0eb33c80d68d;https://newdatacenter.taichung.gov.tw/api/v1/no-auth/resource.download?rid=abac4866-ee5a-4b7d-a060-a2ee87de0522;https://newdatacenter.taichung.gov.tw/api/v1/no-auth/resource.download?rid=edd14989-83ad-44ed-834b-b5abcd98de50;https://newdatacenter.taichung.gov.tw/api/v1/no-auth/resource.download?rid=2774083d-1137-4650-9683-ea3d569d2bff","UTF-8;UTF-8;UTF-8;UTF-8;UTF-8;UTF-8;UTF-8;UTF-8;UTF-8;UTF-8","系統介接程式","臺中市高級中等學校學生年齡別統計-普通科","地區;項目;欄位名稱;數值;資料時間日期;資料週期;郵遞區號;機關代碼;電子郵件;行動電話;市話;縣市別代碼;行政區域代碼","臺中市政府教育局","每6月","政府資料開放授權條款-第1版","http://opendata.taichung.gov.tw/licenseTerms","免費","王慧琳","04-22289111#55835","2018-08-23 12:26:29","2026-06-21 22:19:29","臺中市政府OAS標準之API說明文件:https://datacenter.taichung.gov.tw/swagger/yaml/387040000E ，Swagger 產生API說明頁面網址。https://datacenter.taichung.gov.tw/swagger/api-docs/","80;80;80;80;80;80;80;80;80;80"
"89979","10411-01-06-2 臺中市國中學生年齡別統計","檔案資料","求學及進修","白金","JSON;JSON;JSON;JSON;JSON;JSON;JSON;JSON;JSON;JSON;JSON;JSON;JSON;JSON","https://newdatacenter.taichung.gov.tw/api/v1/no-auth/resource.download?rid=05f58e32-b086-4186-aae5-b557706d879c;https://newdatacenter.taichung.gov.tw/api/v1/no-auth/resource.download?rid=d8c8b974-ea81-4b8d-ae1e-a8745d62dd8c;https://newdatacenter.taichung.gov.tw/api/v1/no-auth/resource.download?rid=6fa16062-2163-42c1-a730-9e520d235e8a;https://newdatacenter.taichung.gov.tw/api/v1/no-auth/resource.download?rid=d545d5b5-a987-4250-afa8-329bd683b50a;https://newdatacenter.taichung.gov.tw/api/v1/no-auth/resource.download?rid=6f4cc8e9-1244-4b59-8730-cee6a93a4ee8;https://newdatacenter.taichung.gov.tw/api/v1/no-auth/resource.download?rid=71ab5f1f-ce9b-437a-8fbf-35c81c93abc0;https://newdatacenter.taichung.gov.tw/api/v1/no-auth/resource.download?rid=5654dfb3-6e8b-4775-bf09-86259a823daa;https://newdatacenter.taichung.gov.tw/api/v1/no-auth/resource.download?rid=6cc53764-2edd-4705-aa7d-e73948d2300c;https://newdatacenter.taichung.gov.tw/api/v1/no-auth/resource.download?rid=0e3c20de-e1d6-41c6-90cb-024ec8cf567c;https://newdatacenter.taichung.gov.tw/api/v1/no-auth/resource.download?rid=8ac14259-25dd-4edf-9e8b-dd129a8a307f;https://newdatacenter.taichung.gov.tw/api/v1/no-auth/resource.download?rid=4d3cf8f5-2ac1-44d1-8552-fa90ec32c902;https://newdatacenter.taichung.gov.tw/api/v1/no-auth/resource.download?rid=be0847d9-fd8c-4493-952b-5f0163c75257;https://newdatacenter.taichung.gov.tw/api/v1/no-auth/resource.download?rid=438e63f6-6fb0-4ef6-a69a-dda5531b4a33;https://newdatacenter.taichung.gov.tw/api/v1/no-auth/resource.download?rid=397f19a3-cd23-4b87-aaef-84ae31544bda","UTF-8;UTF-8;UTF-8;UTF-8;UTF-8;UTF-8;UTF-8;UTF-8;UTF-8;UTF-8;UTF-8;UTF-8;UTF-8;UTF-8","系統介接程式","臺中市國中學生年齡別統計","地區;項目;欄位名稱;數值;資料時間日期;資料週期;郵遞區號;機關代碼;電子郵件;行動電話;市話;縣市別代碼;行政區域代碼","臺中市政府教育局","不定期更新","政府資料開放授權條款-第1版","http://opendata.taichung.gov.tw/licenseTerms","免費","王慧琳","04-22289111#55835","2018-08-23 12:37:39","2026-06-21 22:19:27","臺中市政府OAS標準之API說明文件:https://datacenter.taichung.gov.tw/swagger/yaml/387040000E ，Swagger 產生API說明頁面網址。https://datacenter.taichung.gov.tw/swagger/api-docs/","54;54;54;54;54;54;54;54;54;54;54;54;54;54"
"89976","10411-01-03-2 臺中市高級中等學校學生年齡別統計-綜合高中","檔案資料","求學及進修","白金","JSON;JSON;JSON;JSON;JSON;JSON;JSON;JSON;JSON;JSON","https://newdatacenter.taichung.gov.tw/api/v1/no-auth/resource.download?rid=44b04171-34fb-49de-a637-0c5400ec92ed;https://newdatacenter.taichung.gov.tw/api/v1/no-auth/resource.download?rid=3b076e43-f6f5-4047-bb4b-d6b2d6ef87d1;https://newdatacenter.taichung.gov.tw/api/v1/no-auth/resource.download?rid=b2f04043-d137-4a4d-98dc-fb5549df197d;https://newdatacenter.taichung.gov.tw/api/v1/no-auth/resource.download?rid=4a4f31ab-d8de-4c0d-99ee-27e4ee1d396f;https://newdatacenter.taichung.gov.tw/api/v1/no-auth/resource.download?rid=3568e811-b461-46a6-a550-d597147a4b9c;https://newdatacenter.taichung.gov.tw/api/v1/no-auth/resource.download?rid=92db63e7-cafc-47f7-a12f-fdccfeafc085;https://newdatacenter.taichung.gov.tw/api/v1/no-auth/resource.download?rid=82a7f5f3-73f8-4d0d-a1ec-8974dd48a362;https://newdatacenter.taichung.gov.tw/api/v1/no-auth/resource.download?rid=03c79528-7463-4d97-82db-972cbac2b27c;https://newdatacenter.taichung.gov.tw/api/v1/no-auth/resource.download?rid=0b522cc5-a929-4081-80ec-4b59cb1face1;https://newdatacenter.taichung.gov.tw/api/v1/no-auth/resource.download?rid=ce53d618-4782-49f4-80c2-364130b333d4","UTF-8;UTF-8;UTF-8;UTF-8;UTF-8;UTF-8;UTF-8;UTF-8;UTF-8;UTF-8","系統介接程式","臺中市高級中等學校學生年齡別統計-綜合高中","地區;項目;欄位名稱;數值;資料時間日期;資料週期;郵遞區號;機關代碼;電子郵件;行動電話;市話;縣市別代碼;行政區域代碼","臺中市政府教育局","不定期更新","政府資料開放授權條款-第1版","http://opendata.taichung.gov.tw/licenseTerms","免費","王慧琳","04-22289111#55835","2018-08-23 12:29:35","2026-06-21 22:19:26","臺中市政府OAS標準之API說明文件:https://datacenter.taichung.gov.tw/swagger/yaml/387040000E ，Swagger 產生API說明頁面網址。https://datacenter.taichung.gov.tw/swagger/api-docs/","80;80;80;80;80;80;80;80;80;80"
"90181","11014-02-01-2 臺中市高級中等學校圖書館概況","檔案資料","求學及進修","白金","JSON;JSON;JSON;JSON;JSON;JSON;JSON","https://newdatacenter.taichung.gov.tw/api/v1/no-auth/resource.download?rid=2254585f-353e-45f5-99c4-54e9a06c8c86;https://newdatacenter.taichung.gov.tw/api/v1/no-auth/resource.download?rid=1300c35d-8561-471c-a1c6-152ad700a0e6;https://newdatacenter.taichung.gov.tw/api/v1/no-auth/resource.download?rid=e65a6ccc-8bfb-458d-8cb7-59b4fcb5a852;https://newdatacenter.taichung.gov.tw/api/v1/no-auth/resource.download?rid=fc00c050-dcac-4b8f-be07-d51022c50cd2;https://newdatacenter.taichung.gov.tw/api/v1/no-auth/resource.download?rid=3cb36a2f-2638-46df-bf09-27e2bd8e401c;https://newdatacenter.taichung.gov.tw/api/v1/no-auth/resource.download?rid=9e8f03be-6982-4e6b-8773-9ade5001304a;https://newdatacenter.taichung.gov.tw/api/v1/no-auth/resource.download?rid=e498a3b4-b709-45bf-8fc3-d5cb1ae92d59","UTF-8;UTF-8;UTF-8;UTF-8;UTF-8;UTF-8;UTF-8","系統介接程式","臺中市高級中等學校圖書館概況","地區;項目;欄位名稱;數值;資料時間日期;資料週期;郵遞區號;機關代碼;電子郵件;行動電話;市話;縣市別代碼;行政區域代碼","臺中市政府教育局","每6月","政府資料開放授權條款-第1版","http://opendata.taichung.gov.tw/licenseTerms","免費","王慧琳","04-22289111#55835","2018-08-27 13:43:31","2026-06-21 21:42:15","臺中市政府OAS標準之API說明文件:https://datacenter.taichung.gov.tw/swagger/yaml/387040000E ，Swagger 產生API說明頁面網址。https://datacenter.taichung.gov.tw/swagger/api-docs/","60;60;63;63;42;42;42"
"116140","10412-04-07-2 臺中市國民小學中途輟學學生概況-行政區別","檔案資料","求學及進修","白金","JSON;JSON;JSON;JSON;JSON;JSON","https://newdatacenter.taichung.gov.tw/api/v1/no-auth/resource.download?rid=153201d4-d4fd-4d65-a047-18a9d5aed39b;https://newdatacenter.taichung.gov.tw/api/v1/no-auth/resource.download?rid=c7db6c97-1e77-47e1-95ea-2f6ae08c7b32;https://newdatacenter.taichung.gov.tw/api/v1/no-auth/resource.download?rid=729422ba-dd70-457a-b7fb-994aeaa19e0b;https://newdatacenter.taichung.gov.tw/api/v1/no-auth/resource.download?rid=dd2a0c8d-63d8-48c3-b28f-e2157b1508dd;https://newdatacenter.taichung.gov.tw/api/v1/no-auth/resource.download?rid=53c1b8b6-aebe-42f6-b19e-a0eb54be345c;https://newdatacenter.taichung.gov.tw/api/v1/no-auth/resource.download?rid=2ae7f179-d2ad-4e6e-8548-23ca63902057","UTF-8;UTF-8;UTF-8;UTF-8;UTF-8;UTF-8","系統介接程式","統計項目定義：
（一）中途輟學生：簡稱中輟生，即國民中學發現學生有未經請假、不明原因未到校上課達3日以上者，或轉學生未向轉入學校報到者。
（二）輟學原因：
1.個人因素：包含肢體殘障或重大疾病、觸犯刑罰法律、智能不足、遭受性侵害、精神或心理疾病、從事性交易、懷孕生子或結婚、生活作息、其他個人因素。
2.家庭因素：父(母)或監護人去世、父(母)或監護人失蹤、父(母)或監護人重殘或疾病、父(母)或監護人離婚或分居、 父(母)或監護人管教失當 、父(母)或監護人虐待或傷害、受父(母)或監護人職業或不良生活習性影響、親屬失和、須照顧家人、居家交通不便、經濟因素、其他家庭因素。
3.學校因素：對學校生活不感興趣、不適應學校課程、考試壓力過重、師生關係不佳、教師管教不當、與同儕關係不佳、受同學欺壓不敢上學、觸犯校規、缺曠課太多、其他學校因素。
4.社會因素：受已輟學同學影響、受校外不良朋友引誘、加入幫派或青少年組織、流連或沉迷網咖、流連或沉迷其他娛樂場所、其他社會因素。
5.其他因素：其他非前述原因。（三）復學之中輟生數亦採人數計算，如同一學生全學年復學2次仍以1人計算之。","地區;項目;欄位名稱;數值;資料時間日期;資料週期;郵遞區號;機關代碼;電子郵件;行動電話;市話;縣市別代碼;行政區域代碼","臺中市政府教育局","不定期更新","政府資料開放授權條款-第1版","http://opendata.taichung.gov.tw/licenseTerms","付費","王慧琳","04-22289111#55835","2020-02-06 01:43:37","2026-06-21 21:18:23","臺中市政府OAS標準之API說明文件:https://datacenter.taichung.gov.tw/swagger/yaml/387040000E ，Swagger 產生API說明頁面網址。https://datacenter.taichung.gov.tw/swagger/api-docs/","736;512;512;512;512;512"
"115914","10412-04-06-2 臺中市國民中學中途輟學學生概況-行政區別","檔案資料","求學及進修","白金","JSON;JSON;JSON;JSON;JSON;JSON;JSON","https://newdatacenter.taichung.gov.tw/api/v1/no-auth/resource.download?rid=d938e6d6-bff4-4958-a7af-be199a1ea8f1;https://newdatacenter.taichung.gov.tw/api/v1/no-auth/resource.download?rid=225adf84-9324-4352-b33a-2d38d8111cfa;https://newdatacenter.taichung.gov.tw/api/v1/no-auth/resource.download?rid=179f0db6-59b9-4b47-844d-4b86c5fec347;https://newdatacenter.taichung.gov.tw/api/v1/no-auth/resource.download?rid=a04a4521-9bbb-4e5b-af3a-c7bb2bbed953;https://newdatacenter.taichung.gov.tw/api/v1/no-auth/resource.download?rid=54852cdc-e854-41e3-916a-95fcaef0d7c8;https://newdatacenter.taichung.gov.tw/api/v1/no-auth/resource.download?rid=30082c6c-8905-4add-893f-5343a6d00c20;https://newdatacenter.taichung.gov.tw/api/v1/no-auth/resource.download?rid=e7afe6e8-997e-4768-b691-55d975e9c747","UTF-8;UTF-8;UTF-8;UTF-8;UTF-8;UTF-8;UTF-8","系統介接程式","臺中市國民中學中途輟學學生概況-行政區別","地區;項目;欄位名稱;數值;資料時間日期;資料週期;郵遞區號;機關代碼;電子郵件;行動電話;市話;縣市別代碼;行政區域代碼","臺中市政府教育局","每6月","政府資料開放授權條款-第1版","http://opendata.taichung.gov.tw/licenseTerms","付費","王慧琳","04-22289111#55835","2020-01-31 03:19:17","2026-06-21 20:48:58","臺中市政府OAS標準之API說明文件:https://datacenter.taichung.gov.tw/swagger/yaml/387040000E ，Swagger 產生API說明頁面網址。https://datacenter.taichung.gov.tw/swagger/api-docs/","736;512;512;512;512;512;512"
"115908","10490-06-02-2 臺中市社區大學概況","檔案資料","求學及進修","白金","JSON;JSON;JSON;JSON;JSON;JSON;JSON;JSON;JSON","https://newdatacenter.taichung.gov.tw/api/v1/no-auth/resource.download?rid=3e097f9b-d3bd-4896-bdc2-30e3128c3c35;https://newdatacenter.taichung.gov.tw/api/v1/no-auth/resource.download?rid=d0222477-d767-4260-8412-d2ea6ea2060c;https://newdatacenter.taichung.gov.tw/api/v1/no-auth/resource.download?rid=6f326ebe-2eb4-4fed-8de8-76868ba84631;https://newdatacenter.taichung.gov.tw/api/v1/no-auth/resource.download?rid=fa72ee9a-3fa9-4092-82f7-4ef2e5e2b187;https://newdatacenter.taichung.gov.tw/api/v1/no-auth/resource.download?rid=a92e1790-cdb8-43a7-b7ff-f063c42b6da5;https://newdatacenter.taichung.gov.tw/api/v1/no-auth/resource.download?rid=adbe48c5-4ae3-4de1-a195-c50981e28255;https://newdatacenter.taichung.gov.tw/api/v1/no-auth/resource.download?rid=996e491d-f24f-4479-b0de-3cf0b3d50ed2;https://newdatacenter.taichung.gov.tw/api/v1/no-auth/resource.download?rid=50211dc2-1a33-498d-a06f-ce2702f001af;https://newdatacenter.taichung.gov.tw/api/v1/no-auth/resource.download?rid=69614aaa-fd76-4cc9-9471-cd7054c20fbc","UTF-8;UTF-8;UTF-8;UTF-8;UTF-8;UTF-8;UTF-8;UTF-8;UTF-8","系統介接程式","臺中市社區大學概況","地區;項目;欄位名稱;數值;資料時間日期;資料週期;郵遞區號;機關代碼;電子郵件;行動電話;市話;縣市別代碼;行政區域代碼","臺中市政府教育局","每6月","政府資料開放授權條款-第1版","http://opendata.taichung.gov.tw/licenseTerms","付費","王慧琳","04-22289111#55835","2020-01-31 02:47:21","2026-06-21 16:11:10","臺中市政府OAS標準之API說明文件:https://datacenter.taichung.gov.tw/swagger/yaml/387040000E ，Swagger 產生API說明頁面網址。https://datacenter.taichung.gov.tw/swagger/api-docs/","132;132;132;132;132;132;132;132;132"
"96203","10430-02-01-2 臺中市高級中等學校校地校舍概況","檔案資料","求學及進修","白金","JSON;JSON;JSON;JSON;JSON;JSON;JSON;JSON;JSON;JSON;JSON","https://newdatacenter.taichung.gov.tw/api/v1/no-auth/resource.download?rid=174b9d69-747d-4313-9fae-f6cfcb6366ed;https://newdatacenter.taichung.gov.tw/api/v1/no-auth/resource.download?rid=12fb46b9-25b5-4112-94ae-8142c6b8082c;https://newdatacenter.taichung.gov.tw/api/v1/no-auth/resource.download?rid=42306f22-3584-4504-9014-f9f640de2037;https://newdatacenter.taichung.gov.tw/api/v1/no-auth/resource.download?rid=e0be1828-6716-434d-9fa5-ec76cd4f76e8;https://newdatacenter.taichung.gov.tw/api/v1/no-auth/resource.download?rid=3ce6570c-ca50-4c6f-bbc6-6bba32e5f221;https://newdatacenter.taichung.gov.tw/api/v1/no-auth/resource.download?rid=92eb2c50-5bc3-4584-ab95-48c5027e3d0a;https://newdatacenter.taichung.gov.tw/api/v1/no-auth/resource.download?rid=b6423c5b-1b03-44e2-8117-a805be6a80f0;https://newdatacenter.taichung.gov.tw/api/v1/no-auth/resource.download?rid=8bf9bab0-0efb-4746-8a1f-11fe672fa1fc;https://newdatacenter.taichung.gov.tw/api/v1/no-auth/resource.download?rid=c11aef3e-1736-43ba-abf9-694c9ef994dd;https://newdatacenter.taichung.gov.tw/api/v1/no-auth/resource.download?rid=590943cb-0910-4682-9d14-e3e31bd718f0;https://newdatacenter.taichung.gov.tw/api/v1/no-auth/resource.download?rid=5a6daa05-644d-4e33-9a7d-14eee4ce8b4b","UTF-8;UTF-8;UTF-8;UTF-8;UTF-8;UTF-8;UTF-8;UTF-8;UTF-8;UTF-8;UTF-8","系統介接程式","統計項目定義：
  （一）校舍：指學校各類建築物。包括普通教室、特別教室、辦公室、禮堂、圖書室、實習場所、室內運動場所、餐廳、宿舍及其他等建築物。
（二）普通教室：指一般之教室。
（三）特別教室：指有專門用途之教室，如視聽教室、美勞教室、音樂教室、家事教室、軍訓教室
、繪圖教室、電腦教室、工藝教室等。
（四）辦公室：包括校長室、教職員辦公室、會客室、保健室、哺乳室、教職員休息室、會議室、警衛室等。
（五）禮堂：包含禮堂兼體育館、學生活動中心。
（六）圖書室（館）：包括資料室、閱覽室、陳列室、書庫等。
（七）實習場所：係指提供學生實習之場所，如實驗室、工廠、農場(有建物部份)、實習醫院、實習銀行、 實習商店等。
（八）室內運動場所：包括室內體育館及室內游泳池。
（九）餐廳：包括廚房在內。
（十）教職員工宿舍：以學校自有者為限，員工自行租賃者不計。
（十一）學生宿舍：數量填床位數，面積以整間或整棟計算。
（十二）其他校舍：凡屬於建物內未列出名稱之校舍均列入其他，如軍械庫、體育器材室、未列入整棟計算之走廊或廁所等，只填面積。
（十三）校舍總延面積：係指校舍各層樓面積之總和。","地區;項目;欄位名稱;數值;資料時間日期;資料週期;郵遞區號;機關代碼;電子郵件;行動電話;市話;縣市別代碼;行政區域代碼","臺中市政府教育局","每6月","政府資料開放授權條款-第1版","http://opendata.taichung.gov.tw/licenseTerms","免費","王慧琳","04-22289111#55835","2018-12-12 09:41:43","2026-06-21 13:05:49","臺中市政府OAS標準之API說明文件:https://datacenter.taichung.gov.tw/swagger/yaml/387040000E ，Swagger 產生API說明頁面網址。https://datacenter.taichung.gov.tw/swagger/api-docs/","3;3;3;3;3;3;3;3;3;3;3"
"90126","10420-01-11-2 臺中市立各級學校教職員獎懲人次按獎懲狀況分","檔案資料","求學及進修","白金","JSON;JSON;JSON;JSON;JSON;JSON;JSON;JSON;JSON;JSON","https://newdatacenter.taichung.gov.tw/api/v1/no-auth/resource.download?rid=76f3a7e6-f4d0-47d9-acab-7f1750b85ff1;https://newdatacenter.taichung.gov.tw/api/v1/no-auth/resource.download?rid=dac53a7c-2fa7-4a63-8a55-0bbdbb4815c1;https://newdatacenter.taichung.gov.tw/api/v1/no-auth/resource.download?rid=826a6d97-87ef-4722-82f8-fb347f5fba89;https://newdatacenter.taichung.gov.tw/api/v1/no-auth/resource.download?rid=0196af4a-39ae-48df-be9f-512dbdb4cff4;https://newdatacenter.taichung.gov.tw/api/v1/no-auth/resource.download?rid=11a32b69-8075-4cbb-9d4e-dd3aacb7dc38;https://newdatacenter.taichung.gov.tw/api/v1/no-auth/resource.download?rid=0e55024c-cdf8-4fba-bf1a-0c13ea91c2ba;https://newdatacenter.taichung.gov.tw/api/v1/no-auth/resource.download?rid=5751efdf-7e60-4a77-8a2c-9ba10bddea17;https://newdatacenter.taichung.gov.tw/api/v1/no-auth/resource.download?rid=4ac797b7-cd22-4e01-98b0-047d971ed819;https://newdatacenter.taichung.gov.tw/api/v1/no-auth/resource.download?rid=7621d6cb-13a4-47fe-8510-49cdff534c87;https://newdatacenter.taichung.gov.tw/api/v1/no-auth/resource.download?rid=3c15bd30-4a9b-49c4-9600-3c8fd54dfe60","UTF-8;UTF-8;UTF-8;UTF-8;UTF-8;UTF-8;UTF-8;UTF-8;UTF-8;UTF-8","系統介接程式","臺中市立各級學校教職員獎懲人次按獎懲狀況分","地區;項目;欄位名稱;數值;資料時間日期;資料週期;郵遞區號;機關代碼;電子郵件;行動電話;市話;縣市別代碼;行政區域代碼","臺中市政府教育局","每6月","政府資料開放授權條款-第1版","http://opendata.taichung.gov.tw/licenseTerms","免費","王慧琳","04-22289111#55835","2018-08-27 08:54:27","2026-06-21 13:05:45","臺中市政府OAS標準之API說明文件:https://datacenter.taichung.gov.tw/swagger/yaml/387040000E ，Swagger 產生API說明頁面網址。https://datacenter.taichung.gov.tw/swagger/api-docs/","396;396;396;396;396;396;396;396;396;396"
"90130","10420-01-16-2 臺中市立各級學校教職員人數按教育程度分","檔案資料","求學及進修","白金","JSON;JSON;JSON;JSON;JSON;JSON;JSON;JSON","https://newdatacenter.taichung.gov.tw/api/v1/no-auth/resource.download?rid=385ca5dc-3c11-4b0f-ac24-e13e9882adfe;https://newdatacenter.taichung.gov.tw/api/v1/no-auth/resource.download?rid=6a3a722d-e14b-48bf-875d-2bb01da40070;https://newdatacenter.taichung.gov.tw/api/v1/no-auth/resource.download?rid=c9ee251e-776e-4677-98a6-842f7fb225ac;https://newdatacenter.taichung.gov.tw/api/v1/no-auth/resource.download?rid=5cd578ac-7135-417b-b57e-0d8fa0cdf7ca;https://newdatacenter.taichung.gov.tw/api/v1/no-auth/resource.download?rid=844f9314-e14b-49d8-b1df-d045fd4a4e02;https://newdatacenter.taichung.gov.tw/api/v1/no-auth/resource.download?rid=c8b240f5-b208-4d2a-adb7-9b725f8855e2;https://newdatacenter.taichung.gov.tw/api/v1/no-auth/resource.download?rid=8efbb72b-e2e7-43e8-bb84-579ba24a0fd8;https://newdatacenter.taichung.gov.tw/api/v1/no-auth/resource.download?rid=8ab2eaac-3cdc-4fce-96d5-32d66de23a4d","UTF-8;UTF-8;UTF-8;UTF-8;UTF-8;UTF-8;UTF-8;UTF-8","系統介接程式","臺中市立各級學校教職員人數按教育程度分","地區;項目;欄位名稱;數值;資料時間日期;資料週期;郵遞區號;機關代碼;電子郵件;行動電話;市話;縣市別代碼;行政區域代碼","臺中市政府教育局","每6月","政府資料開放授權條款-第1版","http://opendata.taichung.gov.tw/licenseTerms","免費","王慧琳","04-22289111#55835","2018-08-27 09:23:49","2026-06-21 13:05:43","臺中市政府OAS標準之API說明文件:https://datacenter.taichung.gov.tw/swagger/yaml/387040000E ，Swagger 產生API說明頁面網址。https://datacenter.taichung.gov.tw/swagger/api-docs/","132;132;132;132;132;132;132;132"
"90131","10420-01-17-2 臺中市立各級學校教職員人數按考試種類分","檔案資料","求學及進修","白金","JSON;JSON;JSON;JSON;JSON;JSON;JSON;JSON;JSON","https://newdatacenter.taichung.gov.tw/api/v1/no-auth/resource.download?rid=ab3323c5-f388-461a-be40-1c095bca304f;https://newdatacenter.taichung.gov.tw/api/v1/no-auth/resource.download?rid=a24fe022-2701-4ddb-abe2-30451ead617a;https://newdatacenter.taichung.gov.tw/api/v1/no-auth/resource.download?rid=cdb5b05e-6a8b-4d24-9518-acd1b957ad1d;https://newdatacenter.taichung.gov.tw/api/v1/no-auth/resource.download?rid=e1e96bce-d833-40df-b5c8-709da085867c;https://newdatacenter.taichung.gov.tw/api/v1/no-auth/resource.download?rid=402f9baa-af20-43ee-bbcd-9994797326a4;https://newdatacenter.taichung.gov.tw/api/v1/no-auth/resource.download?rid=94194170-2525-4eed-af38-855f83968622;https://newdatacenter.taichung.gov.tw/api/v1/no-auth/resource.download?rid=17809a96-84b0-43b0-8150-7378925209a3;https://newdatacenter.taichung.gov.tw/api/v1/no-auth/resource.download?rid=f0c0355f-0978-457b-b85d-2840efa9843f;https://newdatacenter.taichung.gov.tw/api/v1/no-auth/resource.download?rid=4b888dd4-6a49-4c94-820a-5b45a7be1c4e","UTF-8;UTF-8;UTF-8;UTF-8;UTF-8;UTF-8;UTF-8;UTF-8;UTF-8","系統介接程式","臺中市立各級學校教職員人數按考試種類分","地區;項目;欄位名稱;數值;資料時間日期;資料週期;郵遞區號;機關代碼;電子郵件;行動電話;市話;縣市別代碼;行政區域代碼","臺中市政府教育局","每6月","政府資料開放授權條款-第1版","http://opendata.taichung.gov.tw/licenseTerms","免費","王慧琳","04-22289111#55835","2018-08-27 09:26:21","2026-06-21 13:05:41","臺中市政府OAS標準之API說明文件:https://datacenter.taichung.gov.tw/swagger/yaml/387040000E ，Swagger 產生API說明頁面網址。https://datacenter.taichung.gov.tw/swagger/api-docs/","154;154;154;121;154;154;49;154;154"
"127257","10420-01-10-2 臺中市立各級學校教職員人事異動狀況","檔案資料","求學及進修","白金","JSON;JSON;JSON;JSON;JSON;JSON;JSON;JSON","https://newdatacenter.taichung.gov.tw/api/v1/no-auth/resource.download?rid=986d332b-3da4-4252-abb8-960eb096d400;https://newdatacenter.taichung.gov.tw/api/v1/no-auth/resource.download?rid=0cc6e58d-157c-400b-bdfa-73eb29e6c1ca;https://newdatacenter.taichung.gov.tw/api/v1/no-auth/resource.download?rid=b2788d11-8bf7-475e-914b-75a69a3f63b0;https://newdatacenter.taichung.gov.tw/api/v1/no-auth/resource.download?rid=06d7d19e-3a33-44d4-bcf8-34f2c788e4c8;https://newdatacenter.taichung.gov.tw/api/v1/no-auth/resource.download?rid=0348c8af-02fb-46b9-a4db-9e51a8239889;https://newdatacenter.taichung.gov.tw/api/v1/no-auth/resource.download?rid=d2699255-a498-48a6-a12c-14c5a7399448;https://newdatacenter.taichung.gov.tw/api/v1/no-auth/resource.download?rid=03e9ed95-598e-492a-998e-0bbaa6736ff2;https://newdatacenter.taichung.gov.tw/api/v1/no-auth/resource.download?rid=cd8dd03b-e461-406e-9bfa-77ac8a91e86a","UTF-8;UTF-8;UTF-8;UTF-8;UTF-8;UTF-8;UTF-8;UTF-8","系統介接程式","臺中市立各級學校教職員人事異動狀況","地區;項目;欄位名稱;數值;資料時間日期;資料週期;郵遞區號;機關代碼;電子郵件;行動電話;市話;縣市別代碼;行政區域代碼","臺中市政府教育局","每6月","政府資料開放授權條款-第1版","http://opendata.taichung.gov.tw/licenseTerms","付費","王慧琳","04-22289111#55835","2020-01-31 12:00:00","2026-06-21 13:05:22","臺中市政府OAS標準之API說明文件:https://datacenter.taichung.gov.tw/swagger/yaml/387040000E ，Swagger 產生API說明頁面網址。https://datacenter.taichung.gov.tw/swagger/api-docs/","286;286;286;286;286;286;286;286"
"115912","10420-01-14-2 臺中市立各級學校教職員人數按年齡分","檔案資料","求學及進修","白金","JSON;JSON;JSON;JSON;JSON","https://newdatacenter.taichung.gov.tw/api/v1/no-auth/resource.download?rid=c476c2ff-3a36-45f0-9343-c4dd359cbea5;https://newdatacenter.taichung.gov.tw/api/v1/no-auth/resource.download?rid=786a5c5a-51d6-43ee-b04f-2184dbb498cb;https://newdatacenter.taichung.gov.tw/api/v1/no-auth/resource.download?rid=d3eec5ef-cc87-4666-ae9f-49c4049f90d2;https://newdatacenter.taichung.gov.tw/api/v1/no-auth/resource.download?rid=adda470a-efe8-4c2e-9302-c0825e8431e4;https://newdatacenter.taichung.gov.tw/api/v1/no-auth/resource.download?rid=f014159d-6d6e-4743-8f66-9733d79327e9","UTF-8;UTF-8;UTF-8;UTF-8;UTF-8","系統介接程式","臺中市立各級學校教職員人數按年齡分","地區;項目;欄位名稱;數值;資料時間日期;資料週期;郵遞區號;機關代碼;電子郵件;行動電話;市話;縣市別代碼;行政區域代碼","臺中市政府教育局","每6月","政府資料開放授權條款-第1版","http://opendata.taichung.gov.tw/licenseTerms","付費","王慧琳","04-22289111#55835","2020-01-31 03:14:04","2026-06-21 12:46:26","臺中市政府OAS標準之API說明文件:https://datacenter.taichung.gov.tw/swagger/yaml/387040000E ，Swagger 產生API說明頁面網址。https://datacenter.taichung.gov.tw/swagger/api-docs/","278;278;278;278;278"
"103086","10430-02-02-2 臺中市特殊教育學校校地校舍概況","檔案資料","求學及進修","白金","JSON;JSON;JSON;JSON;JSON;JSON;JSON;JSON;JSON;JSON;JSON","https://newdatacenter.taichung.gov.tw/api/v1/no-auth/resource.download?rid=c33182ba-4d66-4208-8c92-a63f3c6c37f5;https://newdatacenter.taichung.gov.tw/api/v1/no-auth/resource.download?rid=c7a6dd4b-fc57-47a5-8eba-8938fe653bb2;https://newdatacenter.taichung.gov.tw/api/v1/no-auth/resource.download?rid=64068cb9-5ee5-41ae-92bf-6f3dc0c52472;https://newdatacenter.taichung.gov.tw/api/v1/no-auth/resource.download?rid=38170f72-278e-41d1-9b0e-6f0eca33f479;https://newdatacenter.taichung.gov.tw/api/v1/no-auth/resource.download?rid=e6d3db33-f738-4344-950a-b1dc7072494c;https://newdatacenter.taichung.gov.tw/api/v1/no-auth/resource.download?rid=87c8a8de-c240-4cd1-a7da-0390e7f18cc2;https://newdatacenter.taichung.gov.tw/api/v1/no-auth/resource.download?rid=334e0983-c3e6-4a3d-b368-d9e1cd36469a;https://newdatacenter.taichung.gov.tw/api/v1/no-auth/resource.download?rid=53ed782d-44d0-4863-9417-22744de3fc00;https://newdatacenter.taichung.gov.tw/api/v1/no-auth/resource.download?rid=08ed0ac3-1ba2-477b-bf75-acf3607835f5;https://newdatacenter.taichung.gov.tw/api/v1/no-auth/resource.download?rid=6d401535-7231-4c1e-ad3d-162a4e160fa0;https://newdatacenter.taichung.gov.tw/api/v1/no-auth/resource.download?rid=af2f73dc-6f68-4c3b-8511-127230c8dcc9","UTF-8;UTF-8;UTF-8;UTF-8;UTF-8;UTF-8;UTF-8;UTF-8;UTF-8;UTF-8;UTF-8","系統介接程式","統計項目定義：
  （一）校舍：指學校各類建築物。包括普通教室、特別教室、辦公室、禮堂、圖書室、實習場所、室內運動場所、餐廳、宿舍及其他等建築物。
（二）普通教室：指一般之教室。
（三）特別教室：指有專門用途之教室，如視聽教室、美勞教室、音樂教室、家事教室、軍訓教室
、繪圖教室、電腦教室、工藝教室等。
（四）辦公室：包括校長室、教職員辦公室、會客室、保健室、哺乳室、教職員休息室、會議室、警衛室等。
（五）禮堂：包含禮堂兼體育館、學生活動中心。
（六）圖書室（館）：包括資料室、閱覽室、陳列室、書庫等。
（七）實習場所：係指提供學生實習之場所，如實驗室、工廠、農場(有建物部份)、實習醫院、實習銀行、 實習商店等。
（八）室內運動場所：包括室內體育館及室內游泳池。
（九）餐廳：包括廚房在內。
（十）教職員工宿舍：以學校自有者為限，員工自行租賃者不計。
（十一）學生宿舍：數量填床位數，面積以整間或整棟計算。
（十二）其他校舍：凡屬於建物內未列出名稱之校舍均列入其他，如軍械庫、體育器材室、未列入整棟計算之走廊或廁所等，只填面積。
（十三）校舍總延面積：係指校舍各層樓面積之總和。","地區;項目;欄位名稱;數值;資料時間日期;資料週期;郵遞區號;機關代碼;電子郵件;行動電話;市話;縣市別代碼;行政區域代碼","臺中市政府教育局","每6月","政府資料開放授權條款-第1版","http://opendata.taichung.gov.tw/licenseTerms","免費","王慧琳","04-22289111#55835","2019-06-05 14:53:29","2026-06-21 10:49:13","臺中市政府OAS標準之API說明文件:https://datacenter.taichung.gov.tw/swagger/yaml/387040000E ，Swagger 產生API說明頁面網址。https://datacenter.taichung.gov.tw/swagger/api-docs/","3;3;3;3;3;3;3;3;3;3;3"
"127258","10490-05-01-2 臺中市各類短期補習班家數統計","檔案資料","求學及進修","白金","JSON;JSON;JSON;JSON;JSON;JSON;JSON;JSON","https://newdatacenter.taichung.gov.tw/api/v1/no-auth/resource.download?rid=c9f61be1-4224-4fdf-98f7-f90410e562b1;https://newdatacenter.taichung.gov.tw/api/v1/no-auth/resource.download?rid=24fd70f9-4fe1-4715-ba6e-ad767933201c;https://newdatacenter.taichung.gov.tw/api/v1/no-auth/resource.download?rid=7b5b6b78-155b-4346-8aa7-1d50efd6c9ab;https://newdatacenter.taichung.gov.tw/api/v1/no-auth/resource.download?rid=2408f83a-5d1d-4ae2-bff5-7aa84c7255c6;https://newdatacenter.taichung.gov.tw/api/v1/no-auth/resource.download?rid=5e0a4235-d183-444b-bf36-451be5459f09;https://newdatacenter.taichung.gov.tw/api/v1/no-auth/resource.download?rid=f3f855bd-26f3-4f2c-ba0c-48cc627216af;https://newdatacenter.taichung.gov.tw/api/v1/no-auth/resource.download?rid=a2e1ea8b-e475-426e-aed0-a8ba29cdeb52;https://newdatacenter.taichung.gov.tw/api/v1/no-auth/resource.download?rid=abc98f66-23db-4420-8651-a0fe1252b9c0","UTF-8;UTF-8;UTF-8;UTF-8;UTF-8;UTF-8;UTF-8;UTF-8","系統介接程式","臺中市各類短期補習班家數統計","地區;項目;欄位名稱;數值;資料時間日期;資料週期;郵遞區號;機關代碼;電子郵件;行動電話;市話;縣市別代碼;行政區域代碼","臺中市政府教育局","每6月","政府資料開放授權條款-第1版","http://opendata.taichung.gov.tw/licenseTerms","免費","王慧琳","04-22289111#55835","2019-12-20 12:00:00","2026-06-21 10:49:11","臺中市政府OAS標準之API說明文件:https://datacenter.taichung.gov.tw/swagger/yaml/387040000E ，Swagger 產生API說明頁面網址。https://datacenter.taichung.gov.tw/swagger/api-docs/","406;406;406;406;406;406;406;406"
"25996","桃園市國民中學學區資訊","檔案資料","求學及進修","金","CSV","https://opendata.tycg.gov.tw/api/dataset/62ab63ff-ffb3-4b0d-bdf6-51e83bb64705/resource/917b4d57-cebb-453b-b7ae-1f3bd03bf06d/download","UTF-8","系統介接程式","提供桃園市國民中學學區資訊","行政區;學校名稱;學區;聯絡電話","桃園市政府教育局","不定期更新","政府資料開放授權條款-第1版","","免費","李訓蒼","03-3322101#7523","2015-12-24 06:40:34","2026-06-21 10:07:28","桃園市政府資料開放平台OAS標準之API說明文件：https://data.tycg.gov.tw/v2/api-docs
Swagger產生API說明頁面網址：https://data.tycg.gov.tw/opendata/api-docs",""
"115918","10411-01-34-2 臺中市國中補校彙總表","檔案資料","求學及進修","白金","JSON;JSON;JSON;JSON;JSON;JSON;JSON;JSON;JSON;JSON;JSON;JSON;JSON","https://newdatacenter.taichung.gov.tw/api/v1/no-auth/resource.download?rid=628cd2d7-5dab-4b3e-9291-815f4897a6cf;https://newdatacenter.taichung.gov.tw/api/v1/no-auth/resource.download?rid=8e714112-ea53-4237-9b8d-91360b6110ce;https://newdatacenter.taichung.gov.tw/api/v1/no-auth/resource.download?rid=fa3c37fa-a8c4-4543-801a-54bdc288c68c;https://newdatacenter.taichung.gov.tw/api/v1/no-auth/resource.download?rid=eda53a3f-2981-411d-bef1-0510f344a00a;https://newdatacenter.taichung.gov.tw/api/v1/no-auth/resource.download?rid=a7161dde-f18c-41b4-ad65-d8217f527451;https://newdatacenter.taichung.gov.tw/api/v1/no-auth/resource.download?rid=fc0be286-9757-47d6-a6dc-43f90f6748aa;https://newdatacenter.taichung.gov.tw/api/v1/no-auth/resource.download?rid=2a62e758-9537-467d-8102-010fd8a082d0;https://newdatacenter.taichung.gov.tw/api/v1/no-auth/resource.download?rid=58a84938-3835-45cb-85ef-b926c45fbbd2;https://newdatacenter.taichung.gov.tw/api/v1/no-auth/resource.download?rid=46d12880-9f0f-42e1-9123-52cef45167d5;https://newdatacenter.taichung.gov.tw/api/v1/no-auth/resource.download?rid=fc1c8751-7393-45d8-8b9e-2b492f1c1332;https://newdatacenter.taichung.gov.tw/api/v1/no-auth/resource.download?rid=0f82fa9f-82be-4c7d-8406-bcc26a67df87;https://newdatacenter.taichung.gov.tw/api/v1/no-auth/resource.download?rid=2c7d82cf-a7a4-4897-972e-fbe9bb9f596e;https://newdatacenter.taichung.gov.tw/api/v1/no-auth/resource.download?rid=351cfce0-8166-4da8-a785-5a2df644c855","UTF-8;UTF-8;UTF-8;UTF-8;UTF-8;UTF-8;UTF-8;UTF-8;UTF-8;UTF-8;UTF-8;UTF-8;UTF-8","系統介接程式","臺中市國中補校彙總表","地區;項目;欄位名稱;數值;資料時間日期;資料週期;郵遞區號;機關代碼;電子郵件;行動電話;市話;縣市別代碼;行政區域代碼","臺中市政府教育局","不定期更新","政府資料開放授權條款-第1版","http://opendata.taichung.gov.tw/licenseTerms","付費","王慧琳","04-22289111#55835","2020-01-31 03:36:48","2026-06-21 09:55:55","臺中市政府OAS標準之API說明文件:https://datacenter.taichung.gov.tw/swagger/yaml/387040000E ，Swagger 產生API說明頁面網址。https://datacenter.taichung.gov.tw/swagger/api-docs/","24;24;24;24;24;24;24;24;24;24;24;24;24"
"89992","10411-01-35-2 臺中市國小補校彙總表","檔案資料","求學及進修","白金","JSON;JSON;JSON;JSON;JSON;JSON;JSON;JSON;JSON;JSON;JSON;JSON","https://newdatacenter.taichung.gov.tw/api/v1/no-auth/resource.download?rid=48573e00-63a8-4fd5-b712-ee5057207dda;https://newdatacenter.taichung.gov.tw/api/v1/no-auth/resource.download?rid=6f1bd73c-c15b-449b-8818-2829d434bc86;https://newdatacenter.taichung.gov.tw/api/v1/no-auth/resource.download?rid=11b8c3bb-c095-4d9e-819e-4068fd423998;https://newdatacenter.taichung.gov.tw/api/v1/no-auth/resource.download?rid=b7d8ab8f-b5af-49df-8bb6-b5aed2a20264;https://newdatacenter.taichung.gov.tw/api/v1/no-auth/resource.download?rid=292b4489-8e84-4b55-9100-4cb97581b1b3;https://newdatacenter.taichung.gov.tw/api/v1/no-auth/resource.download?rid=a5155e4a-20e7-4909-a8b4-a7ebacd958a0;https://newdatacenter.taichung.gov.tw/api/v1/no-auth/resource.download?rid=f5b88956-764a-4ca7-ac87-86d7fc62e8d7;https://newdatacenter.taichung.gov.tw/api/v1/no-auth/resource.download?rid=3fdccf83-68d4-4f47-af90-be08a4cb78bb;https://newdatacenter.taichung.gov.tw/api/v1/no-auth/resource.download?rid=23322002-985f-449f-ab87-2b2aa8f3bdfa;https://newdatacenter.taichung.gov.tw/api/v1/no-auth/resource.download?rid=6be9d920-382d-45c4-b06b-c80f6be2adaf;https://newdatacenter.taichung.gov.tw/api/v1/no-auth/resource.download?rid=c4b23d6a-0c41-4a69-9f93-1c48156d7703;https://newdatacenter.taichung.gov.tw/api/v1/no-auth/resource.download?rid=3a3b4aab-af48-4e4d-83ec-7e49daf69cc2","UTF-8;UTF-8;UTF-8;UTF-8;UTF-8;UTF-8;UTF-8;UTF-8;UTF-8;UTF-8;UTF-8;UTF-8","系統介接程式","(一)按公立、私立分。
(二)按校數、班級數、學生數、上學年度畢業生數。
(三)按性別分。","地區;項目;欄位名稱;數值;資料時間日期;資料週期;郵遞區號;機關代碼;電子郵件;行動電話;市話;縣市別代碼;行政區域代碼","臺中市政府教育局","每6月","政府資料開放授權條款-第1版","http://opendata.taichung.gov.tw/licenseTerms","免費","王慧琳","04-22289111#55835","2018-08-23 14:08:03","2026-06-21 09:55:33","臺中市政府OAS標準之API說明文件:https://datacenter.taichung.gov.tw/swagger/yaml/387040000E ，Swagger 產生API說明頁面網址。https://datacenter.taichung.gov.tw/swagger/api-docs/","18;18;18;18;18;18;18;18;18;18;18;18"
"89981","10411-01-08-2 臺中市國中補校學生年齡別統計","檔案資料","求學及進修","白金","JSON;JSON;JSON;JSON;JSON;JSON;JSON;JSON;JSON;JSON;JSON","https://newdatacenter.taichung.gov.tw/api/v1/no-auth/resource.download?rid=8de87c2f-444c-4911-925e-fe1b9ada12db;https://newdatacenter.taichung.gov.tw/api/v1/no-auth/resource.download?rid=2ab7f302-faf0-4c15-8338-611e52c100e5;https://newdatacenter.taichung.gov.tw/api/v1/no-auth/resource.download?rid=15255185-a50a-41cf-8d03-2b331821a03a;https://newdatacenter.taichung.gov.tw/api/v1/no-auth/resource.download?rid=4b0d566c-5ec9-4f0e-bc18-4607a1f806e6;https://newdatacenter.taichung.gov.tw/api/v1/no-auth/resource.download?rid=76430d5e-7242-46a5-a827-2d4c1bbb71a3;https://newdatacenter.taichung.gov.tw/api/v1/no-auth/resource.download?rid=87e38434-c647-4122-8da1-2ecb1a1d2c54;https://newdatacenter.taichung.gov.tw/api/v1/no-auth/resource.download?rid=2b84b539-9228-4052-8452-0269686a7ea7;https://newdatacenter.taichung.gov.tw/api/v1/no-auth/resource.download?rid=73ccd66d-38a4-4cdb-9fb9-6740b2d92dff;https://newdatacenter.taichung.gov.tw/api/v1/no-auth/resource.download?rid=53938516-8b00-4ec4-973c-2c9223bcef6f;https://newdatacenter.taichung.gov.tw/api/v1/no-auth/resource.download?rid=f518de5d-8355-48a3-9e01-0c6fe780acbc;https://newdatacenter.taichung.gov.tw/api/v1/no-auth/resource.download?rid=cb6c72b1-d999-4097-adfc-7f84038223a6","UTF-8;UTF-8;UTF-8;UTF-8;UTF-8;UTF-8;UTF-8;UTF-8;UTF-8;UTF-8;UTF-8","系統介接程式","臺中市國中補校學生年齡別統計","地區;項目;欄位名稱;數值;資料時間日期;資料週期;郵遞區號;機關代碼;電子郵件;行動電話;市話;縣市別代碼;行政區域代碼","臺中市政府教育局","每6月","政府資料開放授權條款-第1版","http://opendata.taichung.gov.tw/licenseTerms","免費","王慧琳","04-22289111#55835","2018-08-23 13:10:20","2026-06-21 09:55:28","臺中市政府OAS標準之API說明文件:https://datacenter.taichung.gov.tw/swagger/yaml/387040000E ，Swagger 產生API說明頁面網址。https://datacenter.taichung.gov.tw/swagger/api-docs/","78;78;78;78;78;78;78;78;78;78;78"
"103080","10411-01-46-2 臺中市國民中學補習學校原住民學生數","檔案資料","求學及進修","白金","JSON;JSON;JSON;JSON;JSON;JSON;JSON;JSON;JSON;JSON;JSON","https://newdatacenter.taichung.gov.tw/api/v1/no-auth/resource.download?rid=742ef9bc-0e3a-42cd-b7cc-4ee7d4d121de;https://newdatacenter.taichung.gov.tw/api/v1/no-auth/resource.download?rid=075c2545-0d2f-4a4a-b7af-542b8a5042cf;https://newdatacenter.taichung.gov.tw/api/v1/no-auth/resource.download?rid=75400280-7a1b-49f3-b1b6-c2ccd17f493e;https://newdatacenter.taichung.gov.tw/api/v1/no-auth/resource.download?rid=6592013b-991d-4ffc-a07d-ffcdf628b81a;https://newdatacenter.taichung.gov.tw/api/v1/no-auth/resource.download?rid=e1872977-c8d3-4cdf-a5a9-f3bc9fcd80a8;https://newdatacenter.taichung.gov.tw/api/v1/no-auth/resource.download?rid=c7436ae9-ba29-497a-8d57-8f38ad950f4c;https://newdatacenter.taichung.gov.tw/api/v1/no-auth/resource.download?rid=11cfe93a-db46-4028-a1a2-ea28a77bf5d6;https://newdatacenter.taichung.gov.tw/api/v1/no-auth/resource.download?rid=832831ea-1581-46c3-a34d-e40ccf02522c;https://newdatacenter.taichung.gov.tw/api/v1/no-auth/resource.download?rid=c4752b85-a6ab-468e-99a3-b4be109b2a06;https://newdatacenter.taichung.gov.tw/api/v1/no-auth/resource.download?rid=905480ca-0de8-4df1-90b5-961f9076c433;https://newdatacenter.taichung.gov.tw/api/v1/no-auth/resource.download?rid=ed8cdf7e-f6ca-436a-9e9f-b31d5e920d5b","UTF-8;UTF-8;UTF-8;UTF-8;UTF-8;UTF-8;UTF-8;UTF-8;UTF-8;UTF-8;UTF-8","系統介接程式","臺中市國民中學補習學校原住民學生數","地區;項目;欄位名稱;數值;資料時間日期;資料週期;郵遞區號;機關代碼;電子郵件;行動電話;市話;縣市別代碼;行政區域代碼","臺中市政府教育局","每6月","政府資料開放授權條款-第1版","http://opendata.taichung.gov.tw/licenseTerms","免費","王慧琳","04-22289111#55835","2019-06-05 14:51:15","2026-06-21 04:24:27","臺中市政府OAS標準之API說明文件:https://datacenter.taichung.gov.tw/swagger/yaml/387040000E ，Swagger 產生API說明頁面網址。https://datacenter.taichung.gov.tw/swagger/api-docs/","136;136;136;136;136;136;136;136;136;136;136"
"90178","10490-06-01-2 臺中市公立國民小學附設成人基本教育研習班學生數","檔案資料","求學及進修","白金","JSON;JSON;JSON;JSON;JSON;JSON;JSON;JSON;JSON;JSON;JSON","https://newdatacenter.taichung.gov.tw/api/v1/no-auth/resource.download?rid=2efce619-ca09-4f72-9ac4-3a00139f6592;https://newdatacenter.taichung.gov.tw/api/v1/no-auth/resource.download?rid=5cfeaac4-5583-48bc-8c12-f83e9d2e3ce9;https://newdatacenter.taichung.gov.tw/api/v1/no-auth/resource.download?rid=3d0e8f8b-9a7c-4643-9b83-df55e144021b;https://newdatacenter.taichung.gov.tw/api/v1/no-auth/resource.download?rid=c70178a8-3825-48b6-8da1-0198ef4c2a66;https://newdatacenter.taichung.gov.tw/api/v1/no-auth/resource.download?rid=967143bb-198d-40ef-bbd1-2bba73936d70;https://newdatacenter.taichung.gov.tw/api/v1/no-auth/resource.download?rid=656e1e02-647a-4ea9-bb2d-784f56425678;https://newdatacenter.taichung.gov.tw/api/v1/no-auth/resource.download?rid=1c78e61b-6881-4537-ab66-b8491805777d;https://newdatacenter.taichung.gov.tw/api/v1/no-auth/resource.download?rid=11d3e313-429a-4b5c-b725-178da94dc0e4;https://newdatacenter.taichung.gov.tw/api/v1/no-auth/resource.download?rid=7129360d-ea07-4c40-914a-5389145e25c8;https://newdatacenter.taichung.gov.tw/api/v1/no-auth/resource.download?rid=635fa5db-fb0c-4b32-a144-1bc1a8902750;https://newdatacenter.taichung.gov.tw/api/v1/no-auth/resource.download?rid=54078726-c13f-4db8-9643-fb9030e879bd","UTF-8;UTF-8;UTF-8;UTF-8;UTF-8;UTF-8;UTF-8;UTF-8;UTF-8;UTF-8;UTF-8","系統介接程式","臺中市公立國民小學附設成人基本教育研習班學生數","地區;項目;欄位名稱;數值;資料時間日期;資料週期;郵遞區號;機關代碼;電子郵件;行動電話;市話;縣市別代碼;行政區域代碼","臺中市政府教育局","每6月","政府資料開放授權條款-第1版","http://opendata.taichung.gov.tw/licenseTerms","免費","王慧琳","04-22289111#55835","2018-08-27 13:21:44","2026-06-21 04:24:26","臺中市政府OAS標準之API說明文件:https://datacenter.taichung.gov.tw/swagger/yaml/387040000E ，Swagger 產生API說明頁面網址。https://datacenter.taichung.gov.tw/swagger/api-docs/","128;128;128;128;128;128;128;128;128;128;128"
"90023","10411-90-01-2 大陸地區未成年人民在臺期間申請就讀臺中市國民中學統計","檔案資料","求學及進修","白金","JSON;JSON;JSON;JSON;JSON;JSON;JSON;JSON","https://newdatacenter.taichung.gov.tw/api/v1/no-auth/resource.download?rid=2ba54562-aab3-4730-8da0-52e5b59ede70;https://newdatacenter.taichung.gov.tw/api/v1/no-auth/resource.download?rid=89ae01ae-219f-44df-acb4-4677f80c57bd;https://newdatacenter.taichung.gov.tw/api/v1/no-auth/resource.download?rid=29f16acf-2439-49a1-99b3-ac08cba24eca;https://newdatacenter.taichung.gov.tw/api/v1/no-auth/resource.download?rid=75215df7-e00d-4912-a266-afe37e6742b2;https://newdatacenter.taichung.gov.tw/api/v1/no-auth/resource.download?rid=74eca3b4-b3e6-468a-9b9a-b98946890a1c;https://newdatacenter.taichung.gov.tw/api/v1/no-auth/resource.download?rid=1319b813-b688-48b5-80cc-5e0e6fd9edf1;https://newdatacenter.taichung.gov.tw/api/v1/no-auth/resource.download?rid=0be3b911-b008-46bb-b522-6eadf68ba6db;https://newdatacenter.taichung.gov.tw/api/v1/no-auth/resource.download?rid=59a06e2a-4125-4d23-9a9a-c997877aacaf","UTF-8;UTF-8;UTF-8;UTF-8;UTF-8;UTF-8;UTF-8;UTF-8","系統介接程式","大陸地區未成年人民在臺期間申請就讀臺中市國民中學統計","地區;項目;欄位名稱;數值;資料時間日期;資料週期;郵遞區號;機關代碼;電子郵件;行動電話;市話;縣市別代碼;行政區域代碼","臺中市政府教育局","每6月","政府資料開放授權條款-第1版","http://opendata.taichung.gov.tw/licenseTerms","免費","王慧琳","04-22289111#55835","2018-08-23 16:12:42","2026-06-21 04:24:24","臺中市政府OAS標準之API說明文件:https://datacenter.taichung.gov.tw/swagger/yaml/387040000E ，Swagger 產生API說明頁面網址。https://datacenter.taichung.gov.tw/swagger/api-docs/","12;12;12;12;12;12;12;12"
"90019","10411-01-50-2 臺中市國民中學補習學校新住民學生數","檔案資料","求學及進修","白金","JSON;JSON;JSON;JSON;JSON;JSON;JSON;JSON;JSON;JSON;JSON;JSON","https://newdatacenter.taichung.gov.tw/api/v1/no-auth/resource.download?rid=64635daa-f958-4686-98c7-a5b667d58c39;https://newdatacenter.taichung.gov.tw/api/v1/no-auth/resource.download?rid=d995878b-1585-478b-b375-2663c9b97294;https://newdatacenter.taichung.gov.tw/api/v1/no-auth/resource.download?rid=32a174d9-881a-4607-bba8-de6d58b61c72;https://newdatacenter.taichung.gov.tw/api/v1/no-auth/resource.download?rid=fabd1993-77c3-4845-8d5b-155128301600;https://newdatacenter.taichung.gov.tw/api/v1/no-auth/resource.download?rid=aaf0b2a1-56b9-44a7-b0ab-9262a92838cf;https://newdatacenter.taichung.gov.tw/api/v1/no-auth/resource.download?rid=d882a952-bd74-45ed-b55f-97610fcf3247;https://newdatacenter.taichung.gov.tw/api/v1/no-auth/resource.download?rid=67fcf355-2bfe-460c-80f4-c6e6c5bba125;https://newdatacenter.taichung.gov.tw/api/v1/no-auth/resource.download?rid=dea78556-9f5e-44f3-b1cf-7dec7aa97771;https://newdatacenter.taichung.gov.tw/api/v1/no-auth/resource.download?rid=33c59d67-410a-45dc-9779-265c987fe508;https://newdatacenter.taichung.gov.tw/api/v1/no-auth/resource.download?rid=b9cfd626-ee80-4426-ad21-5e0409369d91;https://newdatacenter.taichung.gov.tw/api/v1/no-auth/resource.download?rid=5b05ec1f-4104-4432-bd51-7afde1caf143;https://newdatacenter.taichung.gov.tw/api/v1/no-auth/resource.download?rid=7774e0f1-8de4-4f26-9971-f90c94d37887","UTF-8;UTF-8;UTF-8;UTF-8;UTF-8;UTF-8;UTF-8;UTF-8;UTF-8;UTF-8;UTF-8;UTF-8","系統介接程式","臺中市國民中學補習學校新住民學生數","地區;項目;欄位名稱;數值;資料時間日期;資料週期;郵遞區號;機關代碼;電子郵件;行動電話;市話;縣市別代碼;行政區域代碼","臺中市政府教育局","每6月","政府資料開放授權條款-第1版","http://opendata.taichung.gov.tw/licenseTerms","免費","王慧琳","04-22289111#55835","2018-08-23 15:58:35","2026-06-21 04:24:23","臺中市政府OAS標準之API說明文件:https://datacenter.taichung.gov.tw/swagger/yaml/387040000E ，Swagger 產生API說明頁面網址。https://datacenter.taichung.gov.tw/swagger/api-docs/","120;120;120;120;120;120;120;120;120;120;120;120"
"90020","10411-01-51-2 臺中市國民小學補習學校新住民學生數","檔案資料","求學及進修","白金","JSON;JSON;JSON;JSON;JSON;JSON;JSON;JSON;JSON;JSON;JSON;JSON","https://newdatacenter.taichung.gov.tw/api/v1/no-auth/resource.download?rid=3e195538-298e-4e2e-9acb-aeb40e7abbac;https://newdatacenter.taichung.gov.tw/api/v1/no-auth/resource.download?rid=34c427a2-36c9-4061-aa32-2cc0da6da655;https://newdatacenter.taichung.gov.tw/api/v1/no-auth/resource.download?rid=3b10df67-a2d9-4c86-81dc-8eca0a790e39;https://newdatacenter.taichung.gov.tw/api/v1/no-auth/resource.download?rid=3d13d8d7-4e79-427a-9676-f2e10d989661;https://newdatacenter.taichung.gov.tw/api/v1/no-auth/resource.download?rid=138a5ae6-6c9e-4447-b003-2e48d13fafb3;https://newdatacenter.taichung.gov.tw/api/v1/no-auth/resource.download?rid=820a83df-2232-4a63-b872-8733db2780a9;https://newdatacenter.taichung.gov.tw/api/v1/no-auth/resource.download?rid=d2851499-b130-4e50-aeac-9ee9a187e29e;https://newdatacenter.taichung.gov.tw/api/v1/no-auth/resource.download?rid=5e5777e5-22cf-4d56-bdd5-e6c287d0cdb8;https://newdatacenter.taichung.gov.tw/api/v1/no-auth/resource.download?rid=2504b786-ba32-4b75-ad5b-ee221f225ad7;https://newdatacenter.taichung.gov.tw/api/v1/no-auth/resource.download?rid=029ec4ed-f3f6-46ed-9c1a-9054a5f5a398;https://newdatacenter.taichung.gov.tw/api/v1/no-auth/resource.download?rid=ccdb7c2f-e372-4ff5-8b99-113d93439223;https://newdatacenter.taichung.gov.tw/api/v1/no-auth/resource.download?rid=2d22765e-5e04-47fc-92ff-8c1d4b960277","UTF-8;UTF-8;UTF-8;UTF-8;UTF-8;UTF-8;UTF-8;UTF-8;UTF-8;UTF-8;UTF-8;UTF-8","系統介接程式","臺中市國民小學補習學校新住民學生數","地區;項目;欄位名稱;數值;資料時間日期;資料週期;郵遞區號;機關代碼;電子郵件;行動電話;市話;縣市別代碼;行政區域代碼","臺中市政府教育局","每6月","政府資料開放授權條款-第1版","http://opendata.taichung.gov.tw/licenseTerms","免費","王慧琳","04-22289111#55835","2018-08-23 16:01:53","2026-06-21 04:24:22","臺中市政府OAS標準之API說明文件:https://datacenter.taichung.gov.tw/swagger/yaml/387040000E ，Swagger 產生API說明頁面網址。https://datacenter.taichung.gov.tw/swagger/api-docs/","90;90;90;90;90;90;90;90;90;90;90;90"
"90025","10411-90-02-2 大陸地區未成年人民在臺期間申請就讀臺中市國民小學統計","檔案資料","求學及進修","白金","JSON;JSON;JSON;JSON;JSON;JSON;JSON;JSON","https://newdatacenter.taichung.gov.tw/api/v1/no-auth/resource.download?rid=1e0c7df7-1008-4f25-a239-1d8e8f1f2a34;https://newdatacenter.taichung.gov.tw/api/v1/no-auth/resource.download?rid=231e5340-568b-4642-be98-9bdd6a715f0a;https://newdatacenter.taichung.gov.tw/api/v1/no-auth/resource.download?rid=7e497d42-8aa6-4e1e-af34-4a1d705fbd5e;https://newdatacenter.taichung.gov.tw/api/v1/no-auth/resource.download?rid=3d735928-6432-499f-8a93-e2d376988235;https://newdatacenter.taichung.gov.tw/api/v1/no-auth/resource.download?rid=bc02e518-6d03-4022-abf7-fa64f46335b3;https://newdatacenter.taichung.gov.tw/api/v1/no-auth/resource.download?rid=35980b13-6be3-40d1-92a6-3a1010411315;https://newdatacenter.taichung.gov.tw/api/v1/no-auth/resource.download?rid=4c782b26-0c8e-442c-ad81-ef7e4aaccd01;https://newdatacenter.taichung.gov.tw/api/v1/no-auth/resource.download?rid=02dabbb4-8a37-41bf-88f1-1fcf4b4115ee","UTF-8;UTF-8;UTF-8;UTF-8;UTF-8;UTF-8;UTF-8;UTF-8","系統介接程式","大陸地區未成年人民在臺期間申請就讀臺中市國民小學統計","地區;項目;欄位名稱;數值;資料時間日期;資料週期;郵遞區號;機關代碼;電子郵件;行動電話;市話;縣市別代碼;行政區域代碼","臺中市政府教育局","不定期更新","政府資料開放授權條款-第1版","http://opendata.taichung.gov.tw/licenseTerms","免費","王慧琳","04-22289111#55835","2018-08-23 16:19:28","2026-06-21 04:24:15","臺中市政府OAS標準之API說明文件:https://datacenter.taichung.gov.tw/swagger/yaml/387040000E ，Swagger 產生API說明頁面網址。https://datacenter.taichung.gov.tw/swagger/api-docs/","24;24;24;24;24;24;24;24"
"103081","10411-01-47-2 臺中市國民小學補習學校原住民學生數","檔案資料","求學及進修","白金","JSON;JSON;JSON;JSON;JSON;JSON;JSON;JSON;JSON;JSON;JSON","https://newdatacenter.taichung.gov.tw/api/v1/no-auth/resource.download?rid=329d4097-86f6-46d4-8d54-a31a4a6a4765;https://newdatacenter.taichung.gov.tw/api/v1/no-auth/resource.download?rid=467f0d4e-bc90-424e-b04f-759a9a2a1209;https://newdatacenter.taichung.gov.tw/api/v1/no-auth/resource.download?rid=ddf8cde6-9492-45dd-84b0-e9b8959c377f;https://newdatacenter.taichung.gov.tw/api/v1/no-auth/resource.download?rid=7c531346-f893-4d18-909e-6b102b9cab80;https://newdatacenter.taichung.gov.tw/api/v1/no-auth/resource.download?rid=305637a1-7bd6-41be-ab9c-bede08d05f3b;https://newdatacenter.taichung.gov.tw/api/v1/no-auth/resource.download?rid=0fdd8f11-64e3-4f2f-80fe-be0131cba6f7;https://newdatacenter.taichung.gov.tw/api/v1/no-auth/resource.download?rid=e5206375-508d-46fe-9db0-de501773abd5;https://newdatacenter.taichung.gov.tw/api/v1/no-auth/resource.download?rid=12d762c2-e5a0-46af-9906-e5bdce8dc9e9;https://newdatacenter.taichung.gov.tw/api/v1/no-auth/resource.download?rid=ac946d92-70b3-49ad-8231-36b144e9cc88;https://newdatacenter.taichung.gov.tw/api/v1/no-auth/resource.download?rid=eb865145-03b4-4c3c-bec3-747a50961f8e;https://newdatacenter.taichung.gov.tw/api/v1/no-auth/resource.download?rid=7f13fda0-84cd-4f9f-ac40-4b3366cbd64d","UTF-8;UTF-8;UTF-8;UTF-8;UTF-8;UTF-8;UTF-8;UTF-8;UTF-8;UTF-8;UTF-8","系統介接程式","臺中市國民小學補習學校原住民學生數","地區;項目;欄位名稱;數值;資料時間日期;資料週期;郵遞區號;機關代碼;電子郵件;行動電話;市話;縣市別代碼;行政區域代碼","臺中市政府教育局","每6月","政府資料開放授權條款-第1版","http://opendata.taichung.gov.tw/licenseTerms","免費","王慧琳","04-22289111#55835","2019-06-05 14:51:41","2026-06-21 04:24:13","臺中市政府OAS標準之API說明文件:https://datacenter.taichung.gov.tw/swagger/yaml/387040000E ，Swagger 產生API說明頁面網址。https://datacenter.taichung.gov.tw/swagger/api-docs/","102;102;102;102;102;102;102;102;102;102;102"
"89982","10411-01-09-2 臺中市國小補校學生年齡別統計","檔案資料","求學及進修","白金","JSON;JSON;JSON;JSON;JSON;JSON;JSON;JSON;JSON;JSON;JSON","https://newdatacenter.taichung.gov.tw/api/v1/no-auth/resource.download?rid=dddcd031-fa0f-4816-8c71-d8ad30b9b471;https://newdatacenter.taichung.gov.tw/api/v1/no-auth/resource.download?rid=f88c7d8e-3194-4964-b93d-6ac1c6743948;https://newdatacenter.taichung.gov.tw/api/v1/no-auth/resource.download?rid=c556e888-5126-4245-a762-815d2feca99e;https://newdatacenter.taichung.gov.tw/api/v1/no-auth/resource.download?rid=c11156b5-1579-412d-9929-93efb002eed5;https://newdatacenter.taichung.gov.tw/api/v1/no-auth/resource.download?rid=2cd20e4e-221f-4055-9019-6ecf93186067;https://newdatacenter.taichung.gov.tw/api/v1/no-auth/resource.download?rid=4886f069-7363-4b22-a90b-636f7b695340;https://newdatacenter.taichung.gov.tw/api/v1/no-auth/resource.download?rid=7a1b063b-a2e7-4372-80ff-f5f8baabb836;https://newdatacenter.taichung.gov.tw/api/v1/no-auth/resource.download?rid=a20c0294-5c00-4ed2-a601-c816bce92d93;https://newdatacenter.taichung.gov.tw/api/v1/no-auth/resource.download?rid=f612feb4-e655-4110-bf40-25098461a0fb;https://newdatacenter.taichung.gov.tw/api/v1/no-auth/resource.download?rid=374c8f47-eed0-4ed3-9865-e2c772c33663;https://newdatacenter.taichung.gov.tw/api/v1/no-auth/resource.download?rid=02ee6e4d-ddaa-465e-b56e-8f06e49b2d75","UTF-8;UTF-8;UTF-8;UTF-8;UTF-8;UTF-8;UTF-8;UTF-8;UTF-8;UTF-8;UTF-8","系統介接程式","臺中市國小補校學生年齡別統計","地區;項目;欄位名稱;數值;資料時間日期;資料週期;郵遞區號;機關代碼;電子郵件;行動電話;市話;縣市別代碼;行政區域代碼","臺中市政府教育局","每6月","政府資料開放授權條款-第1版","http://opendata.taichung.gov.tw/licenseTerms","免費","王慧琳","04-22289111#55835","2018-08-23 13:12:39","2026-06-21 04:24:12","臺中市政府OAS標準之API說明文件:https://datacenter.taichung.gov.tw/swagger/yaml/387040000E ，Swagger 產生API說明頁面網址。https://datacenter.taichung.gov.tw/swagger/api-docs/","52;52;52;52;52;52;52;52;52;52;52"
"38307","南投縣補習班","檔案資料","求學及進修","銀","CSV","https://data.nantou.gov.tw/dataset/3b0a0b70-711f-4ddb-8b46-47f9ff2176da/resource/e0510896-0de9-437f-a855-be9ae1d0b73b/download/afterschool1.csv","UTF-8","系統介接程式","其他詳細資訊歡迎至補習班資訊管理系統查詢https://bsb.kh.edu.tw/","補習班序號;補習班班名;補習班住址;電話;設立人","南投縣政府","不定期更新","政府資料開放授權條款-第1版","","免費","莊佳儒","049-2222106#1332","2016-06-14 00:00:00","2026-06-18 23:00:08","","0"
"80065","中高階公務人員培訓課程參加人員性別統計表","檔案資料","求學及進修","金","CSV;CSV;CSV","https://www.dgpa.gov.tw/FileConversion?filename=dgpa/files/202404/5a68cac2-31cb-43f8-a01a-a89def62f726.csv&nfix=&name=3-10-7%2b%e4%b8%ad%e9%ab%98%e9%9a%8e%e5%85%ac%e5%8b%99%e4%ba%ba%e5%93%a1%e5%9f%b9%e8%a8%93%e8%aa%b2%e7%a8%8b%e5%8f%83%e5%8a%a0%e4%ba%ba%e5%93%a1%e6%80%a7%e5%88%a5%e7%b5%b1%e8%a8%88%e8%a1%a8(97-112%e5%b9%b4).csv;https://www.dgpa.gov.tw/FileConversion?filename=dgpa/files/202505/324102e9-a3f5-4c13-a77a-a486ca61864f.csv&nfix=&name=3-10-7%2b%e4%b8%ad%e9%ab%98%e9%9a%8e%e5%85%ac%e5%8b%99%e4%ba%ba%e5%93%a1%e5%9f%b9%e8%a8%93%e8%aa%b2%e7%a8%8b%e5%8f%83%e5%8a%a0%e4%ba%ba%e5%93%a1%e6%80%a7%e5%88%a5%e7%b5%b1%e8%a8%88%e8%a1%a8(97-113%e5%b9%b4).csv;https://www.dgpa.gov.tw/FileConversion?filename=dgpa/files/202606/f08aa6ee-e489-4da3-a4ba-759bd72b7861.csv&nfix=&name=3-10-7%2b%e4%b8%ad%e9%ab%98%e9%9a%8e%e5%85%ac%e5%8b%99%e4%ba%ba%e5%93%a1%e5%9f%b9%e8%a8%93%e8%aa%b2%e7%a8%8b%e5%8f%83%e5%8a%a0%e4%ba%ba%e5%93%a1%e6%80%a7%e5%88%a5%e7%b5%b1%e8%a8%88%e8%a1%a8(97-114%e5%b9%b4).csv","BIG5;BIG5;BIG5","原始資料","本資料集經統計整理後，中高階公務人員培訓課程參加人員性別統計表，提供參考。","項目;性別;人數","行政院人事行政總處","不定期更新","政府資料開放授權條款-第1版","https://www.dgpa.gov.tw//mp/informationlist?uid=797&mid=153","免費","薛先生","02-23979298#209","2018-04-30 00:00:00","2026-06-18 18:08:58","","10;10;10"
"90177","10460-03-06-2 臺中市國民中學學生獎懲人數","檔案資料","求學及進修","白金","JSON;JSON;JSON;JSON;JSON;JSON;JSON;JSON;JSON;JSON","https://newdatacenter.taichung.gov.tw/api/v1/no-auth/resource.download?rid=e5aba1ac-ab8d-4ea4-8953-206482f9b2f8;https://newdatacenter.taichung.gov.tw/api/v1/no-auth/resource.download?rid=6becfeea-76e5-4a8a-bddf-bcd2403c9c34;https://newdatacenter.taichung.gov.tw/api/v1/no-auth/resource.download?rid=94ef9bb6-4074-401f-9886-d2f6ef1859fb;https://newdatacenter.taichung.gov.tw/api/v1/no-auth/resource.download?rid=ec08dd2e-fb47-4a51-8c02-df751151a6d0;https://newdatacenter.taichung.gov.tw/api/v1/no-auth/resource.download?rid=328b2cc9-cda0-4b5a-9c54-6ccd9ff29263;https://newdatacenter.taichung.gov.tw/api/v1/no-auth/resource.download?rid=8b626f65-1857-4f4d-9c3c-5541f75d8755;https://newdatacenter.taichung.gov.tw/api/v1/no-auth/resource.download?rid=4d80e7a4-2ee0-4098-be40-4366ee02de77;https://newdatacenter.taichung.gov.tw/api/v1/no-auth/resource.download?rid=43e5c416-7559-44e0-8560-ba3676178a88;https://newdatacenter.taichung.gov.tw/api/v1/no-auth/resource.download?rid=ac955528-5171-4663-9232-33c594953e2f;https://newdatacenter.taichung.gov.tw/api/v1/no-auth/resource.download?rid=73f5304e-e618-4060-8b54-94f40ee5d0df","UTF-8;UTF-8;UTF-8;UTF-8;UTF-8;UTF-8;UTF-8;UTF-8;UTF-8;UTF-8","系統介接程式","臺中市國民中學學生獎懲人數","地區;項目;欄位名稱;數值;資料時間日期;資料週期;郵遞區號;機關代碼;電子郵件;行動電話;市話;縣市別代碼;行政區域代碼","臺中市政府教育局","每6月","政府資料開放授權條款-第1版","http://opendata.taichung.gov.tw/licenseTerms","免費","王慧琳","04-22289111#55835","2018-08-27 13:16:31","2026-06-18 18:00:36","臺中市政府OAS標準之API說明文件:https://datacenter.taichung.gov.tw/swagger/yaml/387040000E ，Swagger 產生API說明頁面網址。https://datacenter.taichung.gov.tw/swagger/api-docs/","36;36;36;36;36;36;36;36;36;36"
"90176","10460-03-05-2 臺中市高級中等學校學生獎懲人數-進修部(學校)","檔案資料","求學及進修","白金","JSON;JSON;JSON;JSON;JSON;JSON;JSON;JSON;JSON;JSON;JSON;JSON","https://newdatacenter.taichung.gov.tw/api/v1/no-auth/resource.download?rid=bf8fd4f8-f0bc-435c-8fcc-b506aa835975;https://newdatacenter.taichung.gov.tw/api/v1/no-auth/resource.download?rid=f77e0032-5d64-4dd1-86bc-6930712272af;https://newdatacenter.taichung.gov.tw/api/v1/no-auth/resource.download?rid=f866ab75-2aac-47f0-b290-f866713323ba;https://newdatacenter.taichung.gov.tw/api/v1/no-auth/resource.download?rid=5f994e5a-a1d5-4b8b-b557-af0f3f326317;https://newdatacenter.taichung.gov.tw/api/v1/no-auth/resource.download?rid=0ba06e4a-fc3f-4861-974a-b8961752d0c9;https://newdatacenter.taichung.gov.tw/api/v1/no-auth/resource.download?rid=7c437cdb-2551-41e8-ba85-e49e901947a3;https://newdatacenter.taichung.gov.tw/api/v1/no-auth/resource.download?rid=9ef627c0-62fd-4d27-84bc-9457ae4b4a3c;https://newdatacenter.taichung.gov.tw/api/v1/no-auth/resource.download?rid=e53f8cc6-6aa4-4fc9-b5f8-4785cadcbf8e;https://newdatacenter.taichung.gov.tw/api/v1/no-auth/resource.download?rid=98502871-82e2-4872-a31f-6107d122ee25;https://newdatacenter.taichung.gov.tw/api/v1/no-auth/resource.download?rid=403206d2-a2dd-4099-a842-6d6931444ef6;https://newdatacenter.taichung.gov.tw/api/v1/no-auth/resource.download?rid=fc438000-e514-416e-b747-3310ea50eddf;https://newdatacenter.taichung.gov.tw/api/v1/no-auth/resource.download?rid=e72ff5fe-dcc5-459a-a97f-30345a62ec43","UTF-8;UTF-8;UTF-8;UTF-8;UTF-8;UTF-8;UTF-8;UTF-8;UTF-8;UTF-8;UTF-8;UTF-8","系統介接程式","臺中市高級中等學校學生獎懲人數-進修部(學校)","地區;項目;欄位名稱;數值;資料時間日期;資料週期;郵遞區號;機關代碼;電子郵件;行動電話;市話;縣市別代碼;行政區域代碼","臺中市政府教育局","每6月","政府資料開放授權條款-第1版","http://opendata.taichung.gov.tw/licenseTerms","免費","王慧琳","04-22289111#55835","2018-08-27 13:13:16","2026-06-18 18:00:32","臺中市政府OAS標準之API說明文件:https://datacenter.taichung.gov.tw/swagger/yaml/387040000E ，Swagger 產生API說明頁面網址。https://datacenter.taichung.gov.tw/swagger/api-docs/","105;105;105;105;105;105;105;105;105;105;105;105"
"9746","北美地區臺語教師研習會培訓人數","檔案資料","求學及進修","無(白名單)","CSV","https://oas.ocac.gov.tw/OCAC_openDATA/API/CSV_EXPORT?TableID=A0009746","UTF-8","原始資料","本資料集主要內容包括95至112年北美地區參加海外臺語教師研習會之人數。","年度;人","僑務委員會","不定期更新","政府資料開放授權條款-第1版","","免費","廖先生","02-23272678","2014-12-15 00:00:00","2026-06-18 16:41:22","授權說明網址: http://data.gov.tw/license","10"
"46780","華文網路種子師資培訓計畫線上課程學員人數","檔案資料","求學及進修","白金","CSV","https://oas.ocac.gov.tw/OCAC_openDATA/API/CSV_EXPORT?TableID=A0046780","UTF-8","原始資料","本資料集提供僑務委員會歷年華文網路種子師資培訓計畫線上課程參訓人數，本計畫已於105年終止不再更新。","民國年;地區;國家;人","僑務委員會","不定期更新","政府資料開放授權條款-第1版","","免費","陳先生","02-23272684","2017-07-03 00:00:00","2026-06-18 14:14:43","授權說明網址: http://data.gov.tw/license","8"
"134659","臺北市高級中等學校群科別概況(專業群科)","檔案資料","求學及進修","白金","CSV","https://data.taipei/api/dataset/3990eea6-22f1-4730-bb06-ea5c01815a95/resource/f40e49aa-669a-4eaa-a86d-b1b4d1bdcec3/download","BIG5","系統介接程式","114學年度臺北市高級中等學校群科別概況(專業群科)","項次;民國年;群別;科別;班級數【班】;學生數【人】;上學年畢業生數【人】","臺北市政府教育局","每1年","政府資料開放授權條款-第1版","","免費","王宥威","02-27208889#1243","2020-12-02 00:00:00","2026-06-18 11:13:02","",""
"157967","臺北市特殊教育學校學生年齡別統計","檔案資料","求學及進修","白金","CSV","https://data.taipei/api/dataset/fcfed814-60b2-4158-88ac-b47683a80fc1/resource/a98e8113-3bb0-4c6b-97f4-cc2d14b69b65/download","BIG5","系統介接程式","114學年臺北市特殊教育學校學生數按年齡別及性別分","項次;民國年;年齡別及性別;總計【人】;幼兒部【人】;國小部【人】;國中部【人】;高中職部【人】","臺北市政府教育局","每1年","政府資料開放授權條款-第1版","","免費","王宥威","02-27208889#1243","2022-09-16 00:00:00","2026-06-18 11:12:41","",""
"134669","臺北市各級學校學生數按年齡別分","檔案資料","求學及進修","白金","CSV","https://data.taipei/api/dataset/bbd80e38-f4c8-45fc-844c-e6d97432d668/resource/e1a98a72-06ba-494d-b1be-682dada42d7a/download","UTF-8","系統介接程式","114學年臺北市各級學校學生數按年齡別分","項次;民國年;年齡別;教保服務機構（人）;國民小學（人）;國民中學（人）;高級中等學校（人）","臺北市政府教育局","每1年","政府資料開放授權條款-第1版","","免費","王宥威","02-27208889#1243","2020-12-02 00:00:00","2026-06-18 11:12:19","",""
"157944","臺北市特殊教育學校原住民學生數","檔案資料","求學及進修","白金","CSV","https://data.taipei/api/dataset/124d0dec-5ef6-4a3a-8a32-2c661d79e8c7/resource/7f2c0a84-f046-48c5-96b8-8001658f0af2/download","BIG5","系統介接程式","114學年臺北市特殊教育學校原住民學生數按族別分","項次;民國年;族別;總計【人】;幼兒部【人】;國小部【人】;國中部【人】;高中職部【人】","臺北市政府教育局","每1年","政府資料開放授權條款-第1版","","免費","王宥威","02-27208889#1243","2022-09-15 00:00:00","2026-06-18 11:10:33","","17"
"134672","臺北市各級學校班級數","檔案資料","求學及進修","白金","CSV","https://data.taipei/api/dataset/15f67bd1-8ae1-4acc-96df-2a853a83b3ec/resource/ca5699b7-fe98-409b-847a-2b3252d9fe0d/download","BIG5","系統介接程式","103至114學年度臺北市各級學校班級數","項次;民國年;高級中等學校【統計數值】;國民中學【統計數值】;國民小學【統計數值】","臺北市政府教育局","每1年","政府資料開放授權條款-第1版","","免費","王宥威","02-27208889#1243","2020-12-02 00:00:00","2026-06-18 09:51:24","",""
"134665","臺北市各級學校畢業生數","檔案資料","求學及進修","白金","CSV","https://data.taipei/api/dataset/f0ec1d7c-15d9-4632-bda8-ca1904ca12b0/resource/2bed1883-ca75-461b-b9bd-e563f0d2513c/download","BIG5","系統介接程式","103至113學年度臺北市各級學校畢業生數","項次;民國年;高級中等學校【人】;國民中學【人】;國民小學【人】","臺北市政府教育局","每1年","政府資料開放授權條款-第1版","","免費","王宥威","02-27208889#1243","2020-12-02 00:00:00","2026-06-18 09:51:07","",""
"135966","臺北市各級學校公教人員異動概況","檔案資料","求學及進修","白金","CSV;CSV;CSV","https://data.taipei/api/dataset/1a1c4ce8-8b21-4545-9575-827e7c7ea53b/resource/06348087-a948-422a-8998-72c93e741dee/download;https://data.taipei/api/dataset/1a1c4ce8-8b21-4545-9575-827e7c7ea53b/resource/8e6febc4-9409-497a-a2ff-8ed6a854fbc3/download;https://data.taipei/api/dataset/1a1c4ce8-8b21-4545-9575-827e7c7ea53b/resource/325a823b-7ad0-4a7f-a896-17412b8e1a9c/download","UTF-8;UTF-8;UTF-8","系統介接程式","統計資料","年度;機關類別;總計;離職人數;調職人數;新進人數;其他","臺北市政府教育局","每1年","政府資料開放授權條款-第1版","","免費","許伃萱","02-27208889#1243","2021-01-04 00:00:00","2026-06-18 09:50:34","",""
"134658","臺北市高級中等學校外國學生數","檔案資料","求學及進修","白金","CSV","https://data.taipei/api/dataset/deef4e9a-9303-4ba7-94d7-8161c29d7881/resource/6c220325-95b8-4134-a8cc-597fcd888386/download","BIG5","系統介接程式","103至114學年臺北市高級中等學校外國學生數","項次;民國年;總計【人】;一年級【人】;二年級【人】;三年級【人】","臺北市政府教育局","每1年","政府資料開放授權條款-第1版","","免費","王宥威","02-27208889#1243","2020-12-02 00:00:00","2026-06-18 09:50:12","",""
"134655","臺北市高級中等學校僑生及港澳地區學生數","檔案資料","求學及進修","白金","CSV","https://data.taipei/api/dataset/51f1992f-19c1-40f0-b2b0-9c7a1782b783/resource/cb9d1385-cb0f-48f8-81ad-cd7452021bd9/download","BIG5","系統介接程式","103至114學年臺北市高級中等學校僑生及港澳地區學生數","項次;民國年;總計【人】;僑生【人】;港澳生【人】","臺北市政府教育局","每1年","政府資料開放授權條款-第1版","","免費","王宥威","02-27208889#1243","2020-12-02 00:00:00","2026-06-18 09:49:52","",""
"134646","臺北市各級學校圖書館概況","檔案資料","求學及進修","白金","CSV","https://data.taipei/api/dataset/67769480-7fe4-4976-88e2-1726fac9e5b8/resource/ed4b45ef-fd80-4456-a381-0ce0038e33da/download","BIG5","系統介接程式","103至114學年臺北市各級學校圖書館概況","項次;民國年;高級中等學校/圖書收藏冊數【統計數值】;國民中學/圖書收藏冊數【統計數值】;國民小學/圖書收藏冊數【統計數值】;高級中等學校/圖書借閱人次;國民中學/圖書借閱人次;國民小學/圖書借閱人次","臺北市政府教育局","每1年","政府資料開放授權條款-第1版","","免費","王宥威","02-27208889#1243","2020-12-02 00:00:00","2026-06-18 09:49:31","",""
"134644","臺北市校數","檔案資料","求學及進修","白金","CSV","https://data.taipei/api/dataset/a458af5c-bb5b-40d1-867e-f9c3fff1cfc8/resource/591e2881-c8cf-429b-a758-323322aeafbb/download","BIG5","系統介接程式","114年臺北市校數","項次;民國年;學制;校數/總計【統計數值】;校數/國立【統計數值】;校數/市立【統計數值】;校數/私立【統計數值】;校數/松山區;校數/信義區;校數/大安區;校數/中山區;校數/中正區;校數/大同區;校數/萬華區;校數/文山區;校數/南港區;校數/內湖區;校數/士林區;校數/北投區","臺北市政府教育局","每1年","政府資料開放授權條款-第1版","","免費","王宥威","02-27208889#1243","2020-12-02 00:00:00","2026-06-18 09:48:36","",""
"134641","臺北市高級中等學校學生異動概況","檔案資料","求學及進修","白金","CSV","https://data.taipei/api/dataset/1dfeeefa-c973-442b-a385-38bc03357f03/resource/9dd3888e-ebdf-4f83-87f6-6a194237fc5d/download","BIG5","系統介接程式","103至113學年臺北市高級中等學校學生異動概況","項次;民國年;放棄或廢止或註銷學籍【人】;休學【人】;修業年限期滿【人】;未達畢業標準【人】","臺北市政府教育局","每1年","政府資料開放授權條款-第1版","","免費","王宥威","02-27208889#1243","2020-12-02 00:00:00","2026-06-18 09:48:03","",""
"135548","臺北市高級中等學校學生數按年級分","檔案資料","求學及進修","白金","CSV","https://data.taipei/api/dataset/14b79b08-8ca9-4256-a880-416dfcc31a45/resource/bf5a09cb-01bf-4a5b-adc2-2b4358359089/download","BIG5","系統介接程式","103至114學年臺北市高級中等學校學生數按年級分","項次;民國年;總計【人】;一年級【人】;二年級【人】;三年級【人】;四年級【人】;延修生【人】","臺北市政府教育局","每1年","政府資料開放授權條款-第1版","","免費"," 王宥威","02-27208889#1243","2020-12-21 00:00:00","2026-06-18 09:47:45","",""
"161577","臺北市原住民與新住民子女學生占學生總數比率","檔案資料","求學及進修","白金","CSV","https://data.taipei/api/dataset/9fa3699b-8766-47ad-81fc-7ca8063039de/resource/648d63cd-0f19-433f-85fa-954f50b5049f/download","BIG5","系統介接程式","103至114學年臺北市各學層原住民與新住民子女學生占學生總數比率","項次;民國年;高級中等學校原住民學生占學生總數【比率】;高級中等學校新住民子女學生占學生總數【比率】;國中原住民學生占學生總數【比率】;國中新住民子女學生占學生總數【比率】;國小原住民學生占學生總數【比率】;國小新住民子女學生占學生總數【比率】","臺北市政府教育局","每1年","政府資料開放授權條款-第1版","","免費","王宥威"," 02-27208889#1243","2023-04-10 00:00:00","2026-06-18 09:47:17","",""
"134654","臺北市各級學校大陸地區未成年人民（子女）申請就讀（學）學生數","檔案資料","求學及進修","白金","CSV","https://data.taipei/api/dataset/0ac93139-aabe-4378-b862-385dc0217b09/resource/b863ddc9-8fa2-4c62-a90e-685d890a91c4/download","UTF-8","系統介接程式","103至114學年臺北市各級學校大陸地區未成年人民（子女）申請就讀（學）學生數","民國年;總計（人）;高級中等學校/大陸地區未成年人民在臺期間申請就讀學生數（人）;國中/大陸地區未成年子女申請就學學生數（人）;國小/大陸地區未成年子女申請就學學生數（人）","臺北市政府教育局","每1年","政府資料開放授權條款-第1版","","免費","王宥威","02-27208889#1243","2020-12-02 00:00:00","2026-06-18 09:46:19","",""
"134661","臺北市各類短期補習班概況","檔案資料","求學及進修","白金","CSV","https://data.taipei/api/dataset/f6b0adf8-e8dc-4746-8ca5-3d1f404433c1/resource/81027c41-2f59-4b5a-b46d-6566bbf93279/download","UTF-8","系統介接程式","103至112年底臺北市各類短期補習班概況","民國年;總計【統計數值】;文理類/合計【統計數值】;文理類/文理【統計數值】;文理類/外語【統計數值】;文理類/法政【統計數值】;技藝類/合計【統計數值】;技藝類/建築及工藝製圖及電機及汽車修護;技藝類/資訊;技藝類/家政及插花及烹飪;技藝類/縫紉;技藝類/美容及美髮及理髮;技藝類/音樂及舞蹈;技藝類/美術及書法及攝影及美工設計及圍棋;技藝類/商類：心算及珠算及會計;技藝類/瑜珈;技藝類/游泳;技藝類/速讀;技藝類/無線電;技藝類/其他","臺北市政府教育局","每1年","政府資料開放授權條款-第1版","","免費","許伃萱","02-27208889#1243","2020-12-02 00:00:00","2026-06-18 09:28:36","",""
"135965","臺北市各級學校公教人員獎懲概況","檔案資料","求學及進修","白金","CSV;CSV;CSV","https://data.taipei/api/dataset/0987ac30-b264-4d56-a007-f4226f676cd6/resource/003fde7e-32b9-48b6-93d5-4c15b89b9224/download;https://data.taipei/api/dataset/0987ac30-b264-4d56-a007-f4226f676cd6/resource/8bb74d0a-8ee4-4de9-b071-d56985c1e714/download;https://data.taipei/api/dataset/0987ac30-b264-4d56-a007-f4226f676cd6/resource/c0aee759-2fe9-4012-a978-4b610cb28563/download","UTF-8;UTF-8;UTF-8","系統介接程式","統計資料","年度;機關類別;總計;平時功過獎懲合計;獎勵小計;獎勵記一大功;獎勵記功;獎勵嘉獎;懲處小計;懲處記一大過;懲處記過;懲處申誡;專案考績小計;專案考績一次記二大功;專案考績一次記二大過;懲戒處分小計;懲戒處分免除職務;懲戒處分撤職;懲戒處分剝奪減少退休退職退伍金;懲戒處分休職;懲戒處分降級;懲戒處分減俸;懲戒處分罰款;懲戒處分記過;懲戒處分申誡;請勳;褒揚;復職;停職;免職","臺北市政府教育局","每1年","政府資料開放授權條款-第1版","","免費","許伃萱","02-27208889#1243","2021-01-04 00:00:00","2026-06-18 09:28:09","",""
"40516","「亞熱帶農作物產業之研究與發展研討會」論文集","檔案資料","求學及進修","白金","JSON;CSV;XML","https://data.moa.gov.tw/Service/OpenData/DataFileService.aspx?UnitId=876&IsTransData=1;https://data.moa.gov.tw/Service/OpenData/DataFileService.aspx?UnitId=876&FOTT=CSV&IsTransData=1;https://data.moa.gov.tw/Service/OpenData/DataFileService.aspx?UnitId=876&FOTT=Xml&IsTransData=1","UTF-8;UTF-8;UTF-8","系統介接程式","提供資料包括：標題、刊物網址、檔案類型、資料日期等欄位資料。","標題(標題);刊物網址(刊物網址);檔案類型(檔案類型);資料日期(資料日期)","農業部","不定期更新","政府資料開放授權條款-第1版","https://www.kdais.gov.tw/ws.php?id=7674","免費","宋品慧","08-7746735","2016-12-02 00:00:00","2026-06-17 16:23:44","進階搜尋請參考 https://data.moa.gov.tw/open_detail.aspx?id=876","0;0;0"
"134706","臺北市原住民學生專門人才獎勵情形","檔案資料","求學及進修","白金","CSV","https://data.taipei/api/dataset/b2907c78-ccfd-4888-8078-49cd140aea75/resource/1ab2e54f-98e6-4a38-bf07-41c23cffe06d/download","UTF-8","系統介接程式","依據每學期受理情形統計數據","年度;申請數量;核准數量;補助額度;單位名稱;統一編號","臺北市政府原住民族事務委員會","每1年","政府資料開放授權條款-第1版","","免費","林雅芳","02-27208889#8339","2020-12-11 00:00:00","2026-06-17 11:57:23","",""
"134648","臺北市原住民兒童及少年課後照顧關懷據點","檔案資料","求學及進修","白金","CSV","https://data.taipei/api/dataset/b0f6620f-f965-4863-bcbb-7d0ce509a5a0/resource/5f8c69cd-7524-4228-a2eb-cb649ccadf56/download","UTF-8","系統介接程式","依據臺北市原住民兒童及少年課後照顧關懷據點實際設立提供","郵遞區號;地點;辦理時間;地址;單位名稱;統一編號","臺北市政府原住民族事務委員會","每1年","政府資料開放授權條款-第1版","","免費","潘維蘭","02-27208889#2017","2020-12-11 00:00:00","2026-06-17 11:57:20","",""
"134635","臺北市原住民族學生獎學金補助情形","檔案資料","求學及進修","白金","CSV","https://data.taipei/api/dataset/70e53cbd-3394-4ec7-aa58-dd7cab7770c2/resource/c71a81ad-51b8-4693-aaa3-9546d5adb36b/download","UTF-8","系統介接程式","依據每學期受理情形統計數據","年度;申請數量;核准數量;補助額度;單位名稱;統一編號","臺北市政府原住民族事務委員會","每1年","政府資料開放授權條款-第1版","","免費","林雅芳","02-27208889#8339","2020-12-11 00:00:00","2026-06-17 11:57:18","",""
"177484","原住民族教育調查統計之原住民重點學校及實驗教育學校學生人數","檔案資料","求學及進修","白金","JSON;XML;CSV","https://data.cip.gov.tw/API/v1/dump/datastore/A53000000A-115001-001;https://data.cip.gov.tw/API/v1/dump/datastore/A53000000A-115001-002;https://data.cip.gov.tw/API/v1/dump/datastore/A53000000A-115001-003","UTF-8;UTF-8;UTF-8","系統介接程式","本資料集提供各學年度原住民族教育調查統計資料，內容包含原住民重點學校及原住民族實驗教育學校之學生人數統計及所占的比率。其中重點學校包含實驗教育學校，資料來源：教育部國民及學前教育署原住民族及少數族群教育科。","Seq(序號);DateListed(資料日期);教育階段;全體原住民學生數_人;重點學校_全體學生數_人;重點學校_原住民學生數_人;重點學校原住民學生_占全體原住民學生比率;重點學校原住民學生_占重點學校全體學生比率","原住民族委員會","不定期更新","政府資料開放授權條款-第1版","","免費","邱冠儒 先生","(02)89953065","2026-04-27 00:00:00","2026-06-17 10:30:16","","4;4;4"
"136289","臺北市赴事業單位辦理勞動教育課程","檔案資料","求學及進修","白金","CSV","https://data.taipei/api/dataset/31822a19-a584-45fd-8fd7-100c90d6920e/resource/0564f13a-870c-4bd9-ab4f-8a0dc554fb7a/download","BIG5","系統介接程式","臺北市赴事業單位辦理勞動教育課程補助統計。","年度;補助場次（數）;參與男性數;參與女性數;參與總人數","臺北市政府勞動局","每1年","政府資料開放授權條款-第1版","","免費","廖奕盛","02-27208889#3344","2021-01-11 00:00:00","2026-06-17 09:18:41","",""
"68586","海外青年臺灣學習體驗營人數統計－按國別分","檔案資料","求學及進修","白金","CSV","https://oas.ocac.gov.tw/OCAC_openDATA/API/CSV_EXPORT?TableID=A0068586","UTF-8","原始資料","僑務委員會為配合政府新南向政策及加強僑生招生措施，讓東南亞僑民青年瞭解臺灣優質的高等教育與技職教育環境，鼓勵其來臺升學，期強化海外青年與臺灣的情感連結與認知，並成為海外支持臺灣的新力量。本資料集內容包含歷年東南亞僑民青年學習體驗營人數(按國別分)統計。(114年起已停辦)","年度;國別;國家代碼;人數","僑務委員會","不定期更新","政府資料開放授權條款-第1版","","免費","徐小姐","02-23272797","2017-12-07 00:00:00","2026-06-16 16:46:44","","38"
"31515","經貿人員培訓所課程資訊","檔案資料","求學及進修","金","CSV","https://www.moea.gov.tw/Mns/PTC/content/wHandMenuFile.ashx?file_id=24162","UTF-8","原始資料","提供本所年度開課資料，課程內容包括環境保護、企業管理、公共行政、經濟貿易、人文素養、專業科技..等種類，並由本中心師資庫遴聘與課程相關學有專精之專家學者授課，以提升學習者之職能；詳細課程資訊內容及開辦目的，請參閱本資料集之年度訓練計劃課程資訊。","項次;班別名稱;課程內容;開辨目的;時數;預定開課日期;類別","經濟部經貿人員培訓所","每1年","政府資料開放授權條款-第1版","https://www.moea.gov.tw/Mns/PTC/content/wHandMenuFile.ashx?file_id=24162","免費","蔡小姐","035714125#305","2016-06-15 00:00:00","2026-06-16 15:40:33","授權說明網址: http://data.gov.tw/license","48"
"163093","中央警察大學103學年度至110學年度研究績優教師","檔案資料","求學及進修","白金","CSV","https://opdadm.moi.gov.tw/api/v1/no-auth/resource/api/dataset/4BE69389-4587-4FBC-B198-47533598B0D3/resource/CC4BA91C-CE79-4C08-A498-1078040287DA/download","UTF-8","系統介接程式","本校103學年度至110學年度「自然科學」類及「人文科學」類研究績優教師名冊，學術，教學，教育","SeqNo(M/F);Brief_appointment_as_civil_servant_person(10);recommend_Served_as_a_civil_servant_person(101);Appointment_of_public_servants_person(10);medical_staff_person;teacher_person(98);Hire_people_person(1);contract_personnel_person(1);engineman_person(13)","中央警察大學","不定期更新","政府資料開放授權條款-第1版","","免費","林建東","03-3282321#4172","2023-06-27 13:40:57","2026-06-16 15:07:16","","0"
"42660","海外臺灣學校各學年度高中畢業生返國升學資料統計表","檔案資料","求學及進修","白金","CSV","https://ws.moe.edu.tw/Download.ashx?u=LzAwMS9VcGxvYWQvNy9yZWxmaWxlLzg0MjcvNjQ4MTUvOGVhOWIwYTctOTdmZC00NTBlLTljZmUtZWE5YTU5MGI0Y2NkLmNzdg%3d%3d&n=5ZCE5a245bm05bqm5rW35aSW6Ie654Gj5a245qCh6L%2bU5ZyL5Y2H5a245Lq65pW457Wx6KiI6KGoLmNzdg%3d%3d&icon=..csv","BIG5","原始資料","提供越南胡志明市臺灣學校、馬來西亞吉隆坡臺灣學校、印尼雅加達臺灣學校、印尼泗水臺灣學校等4校高級中等學校畢業生返臺升學人數統計資料","學年度;海外臺灣學校;返國升學人數","教育部國際及兩岸教育司","每1年","政府資料開放授權條款-第1版","https://ws.moe.edu.tw/Download.ashx?u=LzAwMS9VcGxvYWQvNy9yZWxmaWxlLzg0MjcvNjQ4MTUvOGVhOWIwYTctOTdmZC00NTBlLTljZmUtZWE5YTU5MGI0Y2NkLmNzdg%3d%3d&n=5ZCE5a245bm05bqm5rW35aSW6Ie654Gj5a245qCh6L%2bU5ZyL5Y2H5a245Lq65pW457Wx6KiI6KGoLmNzdg%3d%3d&icon=..csv","免費","湯小姐","02-77366705","2017-01-19 00:00:00","2026-06-16 11:05:41","授權說明網址: http://data.gov.tw/license","83"
"6480","各項海外青年研習活動人數","檔案資料","求學及進修","無(白名單)","CSV","https://oas.ocac.gov.tw/OCAC_openDATA/API/CSV_EXPORT?TableID=A0006480","UTF-8","原始資料","為促進海外青年對我國政經社會發展現況之瞭解及宣揚傳統中華文化暨認識臺灣，舉辦各項海外青年活動，如：臺灣觀摩團、暑期研習營及華語文研習班等；本資料集內容包括近年上述各項海外青年參與人數等3大類資料。","年度;海外青年臺灣觀摩團;海外青年華語文研習班;海外青年臺灣學習體驗營;海外華裔青少年暑期研習營","僑務委員會","每1年","政府資料開放授權條款-第1版","","免費","黃小姐","02-23272756","2013-10-25 00:00:00","2026-06-15 18:00:53","授權說明網址: http://data.gov.tw/license","23"
"9743","海外青年英語服務營人數","檔案資料","求學及進修","白金","CSV","https://oas.ocac.gov.tw/OCAC_openDATA/API/CSV_EXPORT?TableID=A0009743","UTF-8","原始資料","本會為促進國際青年交流、提升偏遠地區或弱勢學童英語學習意願，自民國95年起與教育部合作辦理「海外青年英語服務營」；邀請有服務意願之海外華裔青年返臺前往偏鄉地區從事英語教學志願服務，以嘉惠偏鄉學童。","年別;海外青年參與志工人數;國內受益學童人數","僑務委員會","每1年","政府資料開放授權條款-第1版","","免費","黃小姐","02-23272756","2014-12-15 00:00:00","2026-06-15 17:59:25","授權說明網址: http://data.gov.tw/license","20"
"42701","海外臺灣學校各學年度學制學生人數統計","檔案資料","求學及進修","白金","CSV","https://ws.moe.edu.tw/Download.ashx?u=LzAwMS9VcGxvYWQvNy9yZWxmaWxlLzg0MjcvNjQ4MTMvOWVhYWNhMWMtYTI0My00OTU2LWJhMTgtNjkyMTljOWExNGM1LmNzdg%3d%3d&n=5ZCE5a245bm05bqm5rW35aSW6Ie654Gj5a245qCh5a2455Sf5pW454%2b%2b5rOB5LiA6Ka96KGoLmNzdg%3d%3d&icon=..csv","UTF-8","原始資料","提供越南胡志明市臺灣學校、馬來西亞吉隆坡臺灣學校、印尼雅加達臺灣學校、印尼泗水臺灣學校等4校各學制（幼兒園至高級中等學校）學生人數統計資料","學年度;校名;學制;學生人數","教育部國際及兩岸教育司","每1年","政府資料開放授權條款-第1版","https://ws.moe.edu.tw/Download.ashx?u=LzAwMS9VcGxvYWQvNy9yZWxmaWxlLzg0MjcvNjQ4MTMvOWVhYWNhMWMtYTI0My00OTU2LWJhMTgtNjkyMTljOWExNGM1LmNzdg%3d%3d&n=5ZCE5a245bm05bqm5rW35aSW6Ie654Gj5a245qCh5a2455Sf5pW454%2b%2b5rOB5LiA6Ka96KGoLmNzdg%3d%3d&icon=..csv","免費","湯小姐","02-77366705","2017-01-24 00:00:00","2026-06-15 17:37:05","授權說明網址: http://data.gov.tw/license","332"
"42703","各年度教育部補助海外臺灣學校我國籍學生金額統計表","檔案資料","求學及進修","白金","CSV","https://ws.moe.edu.tw/Download.ashx?u=LzAwMS9VcGxvYWQvNy9yZWxmaWxlLzg0MjcvNjQ4MTQvNDVmMzU1YjItYzA3MS00NDRiLTgxYzktYzg0ZDUyNDEzNmJkLmNzdg%3d%3d&n=5q235bm06KOc5Yqp5rW35aSW6Ie654Gj5a245qCh5oiR5ZyL57GN5a2455SfKOWtuOiyu%2bOAgeeNjuWKqeWtuOmHkSnntbHoqIjooaguY3N2&icon=..csv","UTF-8","原始資料","提供越南胡志明市臺灣學校、馬來西亞吉隆坡臺灣學校、印尼雅加達臺灣學校、印尼泗水臺灣學校等4校我國籍學生獎助學金補助金額統計資料","年度;校名;補助金額","教育部國際及兩岸教育司","每1年","政府資料開放授權條款-第1版","https://ws.moe.edu.tw/Download.ashx?u=LzAwMS9VcGxvYWQvNy9yZWxmaWxlLzg0MjcvNjQ4MTQvNDVmMzU1YjItYzA3MS00NDRiLTgxYzktYzg0ZDUyNDEzNmJkLmNzdg%3d%3d&n=5q235bm06KOc5Yqp5rW35aSW6Ie654Gj5a245qCh5oiR5ZyL57GN5a2455SfKOWtuOiyu%2bOAgeeNjuWKqeWtuOmHkSnntbHoqIjooaguY3N2&icon=..csv","免費","湯小姐","02-77366705","2017-01-24 00:00:00","2026-06-15 17:35:20","授權說明網址: http://data.gov.tw/license","83"
"32959","海外臺灣學校各校教師人數","檔案資料","求學及進修","白金","CSV","https://ws.moe.edu.tw/Download.ashx?u=LzAwMS9VcGxvYWQvNy9yZWxmaWxlLzg0MjcvNjQ4MTYvZDA4ZjU3YWMtZmZiZC00Zjk3LWIzZDMtNmE3Yjg4MzJhYzFiLmNzdg%3d%3d&n=5ZCE5a245bm05bqm5rW35aSW6Ie654Gj5a245qCh5pWZ5bir5pW454%2b%2b5rOB5LiA6Ka96KGoLmNzdg%3d%3d&icon=..csv","UTF-8","原始資料","提供越南胡志明市臺灣學校、馬來西亞吉隆坡臺灣學校、印尼雅加達臺灣學校、印尼泗水臺灣學校等4校各學制（幼兒園至高級中等學校）教師人數統計資料","學年度;海外臺灣學校;教師人數","教育部國際及兩岸教育司","每1年","政府資料開放授權條款-第1版","https://ws.moe.edu.tw/Download.ashx?u=LzAwMS9VcGxvYWQvNy9yZWxmaWxlLzg0MjcvNjQ4MTYvZDA4ZjU3YWMtZmZiZC00Zjk3LWIzZDMtNmE3Yjg4MzJhYzFiLmNzdg%3d%3d&n=5ZCE5a245bm05bqm5rW35aSW6Ie654Gj5a245qCh5pWZ5bir5pW454%2b%2b5rOB5LiA6Ka96KGoLmNzdg%3d%3d&icon=..csv","免費","湯小姐","02-77366705","2016-09-19 00:00:00","2026-06-15 17:33:20","授權說明網址: http://data.gov.tw/license","83"
"83664","臺中市106學年度國民中學學區劃分表","檔案資料","求學及進修","白金","XML;CSV;JSON","https://newdatacenter.taichung.gov.tw/api/v1/no-auth/resource.download?rid=6b2e98d0-f57e-4715-8b89-f44feecf7d01;https://newdatacenter.taichung.gov.tw/api/v1/no-auth/resource.download?rid=1fcf3dbf-cceb-4b57-97d1-e2399a770627;https://newdatacenter.taichung.gov.tw/api/v1/no-auth/resource.download?rid=32a513dc-bb43-453d-90b5-608e0555bb55","UTF-8;UTF-8;UTF-8","系統介接程式","國中學區劃分表","編號;縣市別;學校名稱;學區範圍_行政區;學區範圍_里鄰;校址;電話聯絡","臺中市政府教育局","不定期更新","政府資料開放授權條款-第1版","","免費","徐子涵","22289111#54219","2018-05-28 12:00:00","2026-06-15 10:08:58","臺中市政府OAS標準之API說明文件:https://datacenter.taichung.gov.tw/swagger/yaml/387040000E ，Swagger 產生API說明頁面網址。https://datacenter.taichung.gov.tw/swagger/api-docs/","98;98;98"
"83660","臺中市國小學區劃分表(104學年度)","檔案資料","求學及進修","白金","CSV;JSON;XML","https://newdatacenter.taichung.gov.tw/api/v1/no-auth/resource.download?rid=c68af796-1b46-4164-b66b-c174d6f2fc24;https://newdatacenter.taichung.gov.tw/api/v1/no-auth/resource.download?rid=a2144ac1-ebe5-4c08-95cf-10010958a32e;https://newdatacenter.taichung.gov.tw/api/v1/no-auth/resource.download?rid=f5a4b815-56c2-49be-9349-99ed0bd6e592","UTF-8;UTF-8;UTF-8","系統介接程式","臺中市國小學區劃分表(104學年度)資料","編號;縣市別代碼;學校名稱;學區範圍_行政區;學區範圍_里鄰;校址;電話聯絡;備註","臺中市政府教育局","不定期更新","政府資料開放授權條款-第1版","","免費","黃小姐","22289111-54323","2018-05-28 12:00:00","2026-06-14 17:45:30","臺中市政府OAS標準之API說明文件:https://datacenter.taichung.gov.tw/swagger/yaml/387040000E ，Swagger 產生API說明頁面網址。https://datacenter.taichung.gov.tw/swagger/api-docs/","255;255;255"
"83659","臺中市國小學區劃分表(103學年度)","檔案資料","求學及進修","白金","XML;CSV;JSON","https://newdatacenter.taichung.gov.tw/api/v1/no-auth/resource.download?rid=f6978f23-78ac-437b-9667-6dcbcdf92590;https://newdatacenter.taichung.gov.tw/api/v1/no-auth/resource.download?rid=c0d3ad4b-7a43-48c3-9149-92d63b6e5791;https://newdatacenter.taichung.gov.tw/api/v1/no-auth/resource.download?rid=7be888a6-ca19-4d4a-8a8f-1bbe272331f9","UTF-8;UTF-8;UTF-8","系統介接程式","臺中市國小學區劃分表(103學年度)資料","編號;縣市別代碼;學校名稱;學區範圍_行政區;學區範圍_里鄰;校址;電話聯絡;備註","臺中市政府教育局","不定期更新","政府資料開放授權條款-第1版","","免費","黃小姐","22289111-54323","2018-05-28 12:00:00","2026-06-14 17:45:26","臺中市政府OAS標準之API說明文件:https://datacenter.taichung.gov.tw/swagger/yaml/387040000E ，Swagger 產生API說明頁面網址。https://datacenter.taichung.gov.tw/swagger/api-docs/","253;253;253"
"83656","臺中市各國小校園開放時間(105學年度)","檔案資料","求學及進修","白金","XML;JSON;CSV","https://newdatacenter.taichung.gov.tw/api/v1/no-auth/resource.download?rid=0f32adda-c524-470a-8edc-69a9d2f833f6;https://newdatacenter.taichung.gov.tw/api/v1/no-auth/resource.download?rid=79fac523-e10c-4bcf-8bf3-534241a62889;https://newdatacenter.taichung.gov.tw/api/v1/no-auth/resource.download?rid=cd356dd9-3f0a-47a3-a272-3b0ff70b270a","UTF-8;UTF-8;UTF-8","系統介接程式","臺中市各國小校園開放時間(105學年度)資料","編號;縣市別代碼;機關代碼;區別;學校名稱;項目題目;延長開放至10時;延長開放9-10點;延長開放8-9時;延長開放7-8點;未延長;上課日;國定假日及例假日;寒假及暑假;無法調整開放的理由_已配合調整請填0","臺中市政府教育局","不定期更新","政府資料開放授權條款-第1版","","免費","廖廷恩","22289111-54312","2018-05-28 12:00:00","2026-06-14 17:31:33","臺中市政府OAS標準之API說明文件:https://datacenter.taichung.gov.tw/swagger/yaml/387040000E ，Swagger 產生API說明頁面網址。https://datacenter.taichung.gov.tw/swagger/api-docs/","457;457;457"
"130179","臺中市國民中學學區劃分表","檔案資料","求學及進修","白金","CSV;XML;JSON","https://newdatacenter.taichung.gov.tw/api/v1/no-auth/resource.download?rid=01d07ebf-9581-498b-84d4-b3dc7e8d3eda;https://newdatacenter.taichung.gov.tw/api/v1/no-auth/resource.download?rid=866b7028-a7e3-47c6-8ee7-93aa0fd68483;https://newdatacenter.taichung.gov.tw/api/v1/no-auth/resource.download?rid=0bedf168-127d-4359-b739-875b60bc0c34","UTF-8;UTF-8;UTF-8","系統介接程式","臺中市111學年度國民中學學區劃分表","編號;編號1;縣市別代碼;學校名稱;行政區;里鄰;校址;連絡電話","臺中市政府教育局","不定期更新","政府資料開放授權條款-第1版","","免費","江姿妘","0422289111*54220","2020-09-17 09:03:42","2026-06-14 15:37:06","臺中市政府OAS標準之API說明文件:https://datacenter.taichung.gov.tw/swagger/yaml/387040000E ，Swagger 產生API說明頁面網址。https://datacenter.taichung.gov.tw/swagger/api-docs/","99;99;99"
"35215","出版書目資料","檔案資料","求學及進修","金","JSON","https://gpi.culture.tw/opendata/publications.json","UTF-8","系統介接程式","政府出版品資訊網收錄之出版品書目資料。","PublishDate(出版日期);BookTitle(書名);ISBN(ISBN);ISSN(ISSN);GPN(GPN);Publisher(出版單位);Creator(作者資訊);GPNType(出版品分類);Subject(主題分類);Language(語言);Price(價格);Url(出版品網址)","文化部","每1年","政府資料開放授權條款-第1版","https://gpi.culture.tw/linkdata","免費","聶志文 小姐","02-85126464","2016-09-03 00:00:00","2026-06-12 17:41:39","","90000"
"160227","教育部表揚推展本土語言傑出貢獻獎得獎名冊","檔案資料","求學及進修","白金","CSV","https://depart.moe.edu.tw/ED2400/Common/HitCount.ashx?p=C535150A0F617C6860CE01B098F7F2109789188FC445F71F5A68B1573A6310F8042DF60722082B0858719ECE87C7AD076A59FE1A109227FF7EABAA8F6A793F4B93BAF68C330E75446EBA557B82361D857673007E5E274BBBCF4B0EF856A456FA&type=FB01D469347C76A7&s=5C258D1D5D7CA471","UTF-8","原始資料","教育部為表揚本土語言傑出貢獻之個人及團體，原則於每年2月21日辦理頒獎典禮以資鼓勵，本資料提供得獎者、獎項及性別，其更多資訊可至本獎項專屬網頁查詢(https://nlaward.moe.edu.tw/)。","西元年;得獎者;獎項;性別（1為男性2為女性）","教育部終身教育司","每1年","政府資料開放授權條款-第1版","https://nlaward.moe.edu.tw/","免費","陳怡寧","02-77366810","2022-12-28 00:00:00","2026-06-11 15:14:23","","251"
"106620","海外青年技術訓練班畢業學生升讀大學人數統計表 ","檔案資料","求學及進修","白金","CSV","https://www.ocac.gov.tw/OCAC/Pages/ashx/File.ashx?FilePath=~/File/Attach/11589974/File_162062.csv","UTF-8","原始資料","本資料集內容包括近年各承辦海外青年技術訓練班學校畢業學生升讀大學人數資料。 ","期別;學校;科別;畢業升讀大學人數","僑務委員會","不定期更新","政府資料開放授權條款-第1版","","免費","張小姐","02-23272640","2019-08-06 00:00:00","2026-06-11 14:30:48","","143"
"7018","海外青年技術訓練班實到學生人數統計－按校別分","檔案資料","求學及進修","銀","CSV","https://oas.ocac.gov.tw/OCAC_openDATA/API/CSV_EXPORT?TableID=A0007018","UTF-8","原始資料","為培育海外華裔青年獲得實用農、工、商、家政事業等知識與生產技能，促進當地繁榮，僑務委員會特創辦海外青年技術訓練班，招收高二肄業以上學生，施以為期2年之技術性課程訓練；本資料提供僑務委員會海外青年技術訓練班實到學生人數統計，內容包含學年度、期別、學校及人數等原始資料。可提供研究者分析不同年度、期別、實到學生數等之趨勢。","學年度;期別; 學校;人數","僑務委員會","不定期更新","政府資料開放授權條款-第1版","","免費","張小姐","02-23272640","2013-12-09 00:00:00","2026-06-11 14:18:16","","693"
"121431","臺北市立圖書館各分館暨民眾閱覽室","檔案資料","求學及進修","白金","CSV","https://data.taipei/api/dataset/43772803-6504-469c-894d-35904342a53b/resource/fb6cc268-e2b8-43a7-86f2-e79702291a2b/download","UTF-8","系統介接程式","臺北市立圖書館各分館暨民眾閱覽室一覽表","閱覽單位;地址;郵遞區號;電話;傳真;緯度;經度","臺北市政府教育局","每1年","政府資料開放授權條款-第1版","","免費","黃郁玲","02-27208889#6426","2015-07-02 00:00:00","2026-06-10 17:03:36","","70"
"68582","僑務委員會補助國內大學校院開設僑務課程情形","檔案資料","求學及進修","白金","CSV","https://oas.ocac.gov.tw/OCAC_openDATA/API/CSV_EXPORT?TableID=A0068582","UTF-8","原始資料","僑務委員會自90學年度起至114學年度止辦理補助國內大學校院開設僑務課程，本資料為歷年來受補助學校與課次之統計，本資料自115年起不再更新。 ","年度;所屬院校;課程名稱;課程性質;申請老師","僑務委員會","不定期更新","政府資料開放授權條款-第1版","","免費","黃小姐","02-23272772","2017-12-07 00:00:00","2026-06-10 16:36:48","","181"
"56020","供應全球僑校教材冊數統計表","檔案資料","求學及進修","白金","CSV","https://oas.ocac.gov.tw/OCAC_openDATA/API/CSV_EXPORT?TableID=A0056020","UTF-8","原始資料","本資料集為供應全球僑校教材冊數統計數據。","民國年;地區;國家數;冊數","僑務委員會","每1年","政府資料開放授權條款-第1版","","免費","鄭小姐","02-23272661","2017-10-09 00:00:00","2026-06-10 09:01:08","","84"
"27311","國家圖書館館藏書目資訊","檔案資料","求學及進修","金","CSV","https://www.ncl.edu.tw/OpenDataFile/0Q160688598693591195/1bcea559-39ad-4e31-a881-b241a9b8fdee","UTF-8","原始資料","國圖館藏書目資訊","年度;系統號;題名;作者;ISBN;出版項;出版年","國家圖書館","不定期更新","政府資料開放授權條款-第1版","https://ncltw.primo.exlibrisgroup.com/nde/home?vid=886NCL_INST:LIB&lang=zh-tw","免費","向先生","02-23619132#631","2016-02-17 00:00:00","2026-06-09 20:08:34","授權說明網址: https://data.gov.tw/license","1000"
"93893","內政部建築研究所建築資訊建模（BIM）推廣教育訓練課程項目一覽表","檔案資料","求學及進修","白金","CSV","https://opdadm.moi.gov.tw/api/v1/no-auth/resource/api/dataset/5506C0B1-C113-4013-B1EB-79802BF650E3/resource/A4C667BD-1243-4420-9635-6E15ADFB839F/download","UTF-8","系統介接程式","包含政府推廣政策及未來發展趨勢、近期研究成果及業界實務講述等課程名稱","Seqno;Year;Course_Name;File Format;Update Frequency;Service Categories","內政部建築研究所","不定期更新","政府資料開放授權條款-第1版","","免費","嚴偉倫","89127890#322","2018-10-19 14:35:30","2026-06-08 16:21:08","","0"
"9619","大專校院各校科系別畢業生數(上學年度)","檔案資料","求學及進修","無(白名單)","CSV;JSON","https://stats.moe.gov.tw/files/opendata/graduates.csv;https://stats.moe.gov.tw/files/opendata/graduates.json","UTF-8;UTF-8","原始資料","資料來源為大學校院校務資料庫及技專校院校務資料庫，按年蒐集全國大專校院上一學年之畢業生人數。資料按學科分類-細學類、科系名稱、日間_進修別及等級別(如博士、碩士、四年制學士等)，統計男女畢業生人數，可供使用者跨越學校之藩籬，掌握全國不同細學類下之畢業生人數，亦可藉由細學類代碼之前2、3及4碼，向上加總至11領域、27 學門或93學類進行統計。
說明：
依中華民國學科標準分類第5次修正 (106年9月)，將各校系歸類為11 領域、27 學門、93學類及 174 細學類。","學年度;學校代碼;學校名稱;科系代碼;科系名稱;日間_進修別;等級別;上學年畢業生人數_男;上學年畢業生人數_女;縣市名稱;體系別","教育部統計處","每1年","政府資料開放授權條款-第1版","","免費","李小姐","0277365773","2015-01-30 00:00:00","2026-06-08 13:51:11","更新頻率說明: 每學年度
授權說明網址: https://data.gov.tw/license","1000;106204"
"9620","大專校院各科系所畢業生人數(上學年度)","檔案資料","求學及進修","無(白名單)","CSV;JSON;CSV;JSON","https://stats.moe.gov.tw/files/opendata/103~105_graduatesb.csv;https://stats.moe.gov.tw/files/opendata/103~105_graduatesb.json;https://stats.moe.gov.tw/files/opendata/graduatesc.csv;https://stats.moe.gov.tw/files/opendata/graduatesc.json","UTF-8;UTF-8;UTF-8;UTF-8","原始資料","資料來源為大學校院校務資料庫及技專校院校務資料庫，按年蒐集全國大專校院上一學年之畢業生人數。資料按校別、日間_進修別、等級別(如博士、碩士、四年制學士等)、科系別及性別細分、並列出學校所在縣市及學生體系(一般、技職及師範)，可供使用者細部查看各校各科系之畢業生人數","學年度;科系代碼;科系名稱;日間_進修別;等級別;上學年畢業生人數男;上學年畢業生人數女","教育部統計處","每1年","政府資料開放授權條款-第1版","","免費","李小姐","0277365773","2015-01-30 00:00:00","2026-06-08 11:38:35","更新頻率說明: 每學年度
授權說明網址: https://data.gov.tw/license","1000;9669;1000;48727"
"6235","大專校院校別畢業生人數(上學年度)","檔案資料","求學及進修","無(白名單)","CSV;JSON","https://stats.moe.gov.tw/files/opendata/graduate.csv;https://stats.moe.gov.tw/files/opendata/graduate.json","UTF-8;UTF-8","原始資料","資料來源為大學校院校務資料庫及技專校院校務資料庫，按年蒐集全國大專校院上一學年之畢業生人數。資料按校別、日間_進修別、等級別(如博士、碩士、四年制學士等)及性別細分、並列出學校所在縣市及學生體系(一般、技職及師範)，可供使用者快速掌握各校畢業生人數概況。","學年度;學校代碼;學校名稱;日間/進修別;等級別;上學年畢業生人數_男;上學年畢業生人數_女;縣市名稱;體系別","教育部統計處","每1年","政府資料開放授權條款-第1版","","免費","李小姐","0277365773","2015-01-30 00:00:00","2026-06-08 11:06:37","更新頻率說明: 每學年度
授權說明網址: https://data.gov.tw/license","1000;9481"
"7647","臺灣青年Fun眼世界→獎助學金→最新消息","檔案資料","求學及進修","白金","XML","https://youthtaiwan.mofa.gov.tw/OpenData.aspx?SN=0CD87EFDEBE56048","UTF-8","原始資料","提供青年申請相關獎助學金資訊","title;link;description;pubDate","外交部","不定期更新","政府資料開放授權條款-第1版","https://youthtaiwan.mofa.gov.tw/News.aspx?n=6211&sms=1809","免費","劉先生","02-23482587","2016-01-01 00:00:00","2026-06-05 12:05:24","授權說明網址: http://data.gov.tw/license","1"
"171240","臺南市特殊教育資源中心位置","檔案資料","求學及進修","白金","JSON;CSV","https://soa.tainan.gov.tw/Api/Service/Get/f7b58798-eb1b-4645-ab91-a3b4f2feeb53;https://data.tainan.gov.tw/File/ResourceCsvDownload/f7b58798-eb1b-4645-ab91-a3b4f2feeb53","UTF-8;UTF-8","系統介接程式","提供臺南市特殊教育資源中心位置資訊","單位名稱(單位名稱);地址(地址);電話(電話);傳真(傳真)","臺南市政府教育局","不定期更新","政府資料開放授權條款-第1版","https://data.tainan.gov.tw/DataSet/Detail/b2c92424-6ccf-489e-abcd-c3ca3a4fc9f7","免費","李國生","(06)2991111","2024-10-23 01:11:16","2026-06-05 11:04:18","","0;0"
"177675","退除役官兵推甄入學人數","檔案資料","求學及進修","白金","CSV","https://www.vac.gov.tw/files/k1退除役官兵推甄入學人數.csv","UTF-8","原始資料","為培養退除役官兵學能，提升退除役官兵人力素質，退輔會協調教育部辦理推甄入學之錄取人數，包含推甄二專、推甄二技、推甄四技及大學。","民國年;身分別;學校類別;錄取人數;男性人數;女性人數","國軍退除役官兵輔導委員會","每1年","政府資料開放授權條款-第1版","","免費","劉素梅","02-27570572","2026-06-01 00:00:00","2026-06-01 09:31:12","","30"
"173527","國軍退除役官兵輔導委員會就業考試進修補助統計","檔案資料","求學及進修","白金","CSV","https://www.vac.gov.tw/files/%E5%9C%8B%E8%BB%8D%E9%80%80%E9%99%A4%E5%BD%B9%E5%AE%98%E5%85%B5%E8%BC%94%E5%B0%8E%E5%A7%94%E5%93%A1%E6%9C%83%E5%B0%B1%E6%A5%AD%E8%80%83%E8%A9%A6%E9%80%B2%E4%BF%AE%E8%A3%9C%E5%8A%A9%E7%B5%B1%E8%A8%88.csv","UTF-8","原始資料","提供退除役官兵參加就業考試進修補助之人數統計","年別;補助件數;男性人數;女性人數;榮民;第二類退除役官兵;原住民;補助金額(元)","國軍退除役官兵輔導委員會","每1年","政府資料開放授權條款-第1版","https://www.vac.gov.tw/files/%E5%9C%8B%E8%BB%8D%E9%80%80%E9%99%A4%E5%BD%B9%E5%AE%98%E5%85%B5%E8%BC%94%E5%B0%8E%E5%A7%94%E5%93%A1%E6%9C%83%E5%B0%B1%E6%A5%AD%E8%80%83%E8%A9%A6%E9%80%B2%E4%BF%AE%E8%A3%9C%E5%8A%A9%E7%B5%B1%E8%A8%88.csv","免費","李福來","02-27571653","2025-05-27 00:00:00","2026-05-29 15:08:52","","10"
"173526","國軍退除役官兵輔導委員會大專校院進修補助統計","檔案資料","求學及進修","白金","CSV","https://www.vac.gov.tw/files/%E5%9C%8B%E8%BB%8D%E9%80%80%E9%99%A4%E5%BD%B9%E5%AE%98%E5%85%B5%E8%BC%94%E5%B0%8E%E5%A7%94%E5%93%A1%E6%9C%83%E5%A4%A7%E5%B0%88%E6%A0%A1%E9%99%A2%E9%80%B2%E4%BF%AE%E8%A3%9C%E5%8A%A9%E7%B5%B1%E8%A8%88.csv","UTF-8","原始資料","提供退除役官兵參加大專校院進修補助之人數統計","年別;補助件數;男性人數;女性人數;榮民;第二類退除役官兵;原住民;補助金額(元)","國軍退除役官兵輔導委員會","每1年","政府資料開放授權條款-第1版","https://www.vac.gov.tw/files/%E5%9C%8B%E8%BB%8D%E9%80%80%E9%99%A4%E5%BD%B9%E5%AE%98%E5%85%B5%E8%BC%94%E5%B0%8E%E5%A7%94%E5%93%A1%E6%9C%83%E5%A4%A7%E5%B0%88%E6%A0%A1%E9%99%A2%E9%80%B2%E4%BF%AE%E8%A3%9C%E5%8A%A9%E7%B5%B1%E8%A8%88.csv;","免費","李福來","02-27571653","2025-05-27 00:00:00","2026-05-29 15:01:07","","10"
"165840","國軍退除役官兵輔導委員會輔導就學退除役官兵入學人數統計","檔案資料","求學及進修","白金","CSV","https://www.vac.gov.tw/files/%E5%9C%8B%E8%BB%8D%E9%80%80%E9%99%A4%E5%BD%B9%E5%AE%98%E5%85%B5%E8%BC%94%E5%B0%8E%E5%A7%94%E5%93%A1%E6%9C%83%E8%BC%94%E5%B0%8E%E5%B0%B1%E5%AD%B8%E9%80%80%E9%99%A4%E5%BD%B9%E5%AE%98%E5%85%B5%E5%85%A5%E5%AD%B8%E4%BA%BA%E6%95%B8%E7%B5%B1%E8%A8%88.csv","UTF-8","原始資料","輔導就學退除役官兵入學人數、性別、身分別等數據統計","學年度;入學人數;男性人數;女性人數;榮民;第二類退除役官兵;原住民;就讀博士學位;就讀碩士學位;就讀大學學位;就讀專科學位","國軍退除役官兵輔導委員會","每1年","政府資料開放授權條款-第1版","https://www.vac.gov.tw/files/%E5%9C%8B%E8%BB%8D%E9%80%80%E9%99%A4%E5%BD%B9%E5%AE%98%E5%85%B5%E8%BC%94%E5%B0%8E%E5%A7%94%E5%93%A1%E6%9C%83%E8%BC%94%E5%B0%8E%E5%B0%B1%E5%AD%B8%E9%80%80%E9%99%A4%E5%BD%B9%E5%AE%98%E5%85%B5%E5%85%A5%E5%AD%B8%E4%BA%BA%E6%95%B8%E7%B5%B1%E8%A8%88.csv","免費","李福來","02-27571653","2023-09-23 00:00:00","2026-05-29 14:44:10","","8"
"131251","臺北市高中高職新生入學方式(92學年度至102學年度)","檔案資料","求學及進修","白金","CSV","https://tsis.dbas.gov.taipei/statis/webMain.aspx?sys=220&ymf=9200&ymt=10200&kind=21&type=0&funid=a05010201&cycle=4&outmode=12&compmode=0&outkind=3&deflst=2&nzo=1","UTF-8","系統介接程式","臺北市高中高職新生入學方式(92學年度至102學年度)時間數列統計資料
","統計期;公私立別;總計/高中[人];甄選入學/高中[人];申請入學/高中[人];登記分發/高中[人];直升入學/高中[人];免試入學/高中[人];其他/高中[人];總計/高職[人];甄選入學/高職[人];申請入學/高職[人];登記分發/高職[人];直升入學/高職[人];免試入學/高職[人];其他/高職[人]","臺北市政府主計處","不定期更新","政府資料開放授權條款-第1版","無","免費","吳蔓麗","02-27287626","2020-10-13 00:00:00","2026-05-27 17:23:39","","44"
"131254","臺北市高中職學生異動情形(85學年度年至102學年度)","檔案資料","求學及進修","白金","CSV","https://tsis.dbas.gov.taipei/statis/webMain.aspx?sys=220&ymf=8500&ymt=10200&kind=21&type=0&funid=a05009801&cycle=4&outmode=12&compmode=0&outkind=3&deflst=2&nzo=1","UTF-8","系統介接程式","臺北市高中職學生異動情形(85學年度年至102學年度)時間數列統計資料
","統計期;公私立別;全體學生數[人];異動學生數/總計/學生數[人];異動學生數/總計/比率[％];異動學生數/休學學生數/合計[人];異動學生數/休學學生數/生病[人];異動學生數/休學學生數/志趣不合[人];異動學生數/休學學生數/經濟困難[人];異動學生數/休學學生數/留級[人];異動學生數/休學學生數/出國[人];異動學生數/休學學生數/其他[人];異動學生數/退學學生數/合計[人];異動學生數/退學學生數/學業成績[人];異動學生數/退學學生數/操行成績[人];異動學生數/退學學生數/志趣不合[人];異動學生數/退學學生數/自動退學[人];異動學生數/退學學生數/休學期滿[人];異動學生數/退學學生數/未達畢業標準[人];異動學生數/退學學生數/其他[人]","臺北市政府主計處","不定期更新","政府資料開放授權條款-第1版","無","免費","吳蔓麗","02-27287626","2020-10-13 00:00:00","2026-05-27 17:22:53","","72"
"165846","國軍退除役官兵輔導委員會就學補助獎勵統計","檔案資料","求學及進修","白金","CSV","https://www.vac.gov.tw/files/%E5%9C%8B%E8%BB%8D%E9%80%80%E9%99%A4%E5%BD%B9%E5%AE%98%E5%85%B5%E8%BC%94%E5%B0%8E%E5%A7%94%E5%93%A1%E6%9C%83%E5%B0%B1%E5%AD%B8%E8%A3%9C%E5%8A%A9%E7%8D%8E%E5%8B%B5%E7%B5%B1%E8%A8%88.csv","UTF-8","原始資料","退除役官兵申請就學補助獎勵有關年別、補助件數、男性人數、女性人數、榮民、第二類退除役官兵、原住民、補助金額(元)等資料","年別;補助件數;男性人數;女性人數;榮民;第二類退除役官兵;原住民;補助金額(元)","國軍退除役官兵輔導委員會","每1年","政府資料開放授權條款-第1版","https://www.vac.gov.tw/files/%E5%9C%8B%E8%BB%8D%E9%80%80%E9%99%A4%E5%BD%B9%E5%AE%98%E5%85%B5%E8%BC%94%E5%B0%8E%E5%A7%94%E5%93%A1%E6%9C%83%E5%B0%B1%E5%AD%B8%E8%A3%9C%E5%8A%A9%E7%8D%8E%E5%8B%B5%E7%B5%B1%E8%A8%88.csv","免費","李福來","02-27571653","2023-09-23 00:00:00","2026-05-27 17:11:24","","10"
"131281","臺北市各級學校暨幼兒園班級數(57年至102年)","檔案資料","求學及進修","白金","CSV","https://tsis.dbas.gov.taipei/statis/webMain.aspx?sys=220&ymf=5700&ymt=10200&kind=21&type=0&funid=a05007801&cycle=4&outmode=12&compmode=0&outkind=3&deflst=2&nzo=1","UTF-8","系統介接程式","臺北市各級學校暨幼兒園班級數(57年至102年)時間數列統計資料","統計期;公私立別;系所數/高等學校/總計;系所數/高等學校/大學校院;系所數/高等學校/專科學校;科系數/高等學校/大學校院;科系數/高等學校/專科學校;研究所數;班級數/高等學校/總計;班級數/高等學校/大學校院;班級數/高等學校/專科學校;班級數/中等學校/總計;班級數/中等學校/高級中學;班級數/中等學校/職業學校;班級數/中等學校/國民中學;班級數/國民小學;班級數/幼兒園;班級數/特殊教育","臺北市政府主計處","不定期更新","政府資料開放授權條款-第1版","無","免費","吳蔓麗","02-27287626","2020-10-13 00:00:00","2026-05-27 16:55:06","","230"
"131276","臺北市各級學校暨幼兒園學生數(57年至102年)","檔案資料","求學及進修","白金","CSV","https://tsis.dbas.gov.taipei/statis/webMain.aspx?sys=220&ymf=5700&ymt=10200&kind=21&type=0&funid=a05008201&cycle=4&outmode=12&compmode=0&outkind=3&deflst=2&nzo=1","UTF-8","系統介接程式","臺北市各級學校暨幼兒園學生數(57年至102年)時間數列統計資料
","統計期;公私立別;性別;高等學校/總計[人];高等學校/大學校院[人];高等學校/專科學校[人];中等學校/總計[人];中等學校/高級中學[人];中等學校/職業學校[人];中等學校/國民中學[人];國民小學[人];幼兒園[人];特殊教育[人]","臺北市政府主計處","不定期更新","政府資料開放授權條款-第1版","無","免費","吳蔓麗","02-27287626","2020-10-13 00:00:00","2026-05-27 16:48:21","","690"
"131273","臺北市各級學校暨幼兒園畢業生數(57年至102年)","檔案資料","求學及進修","白金","CSV","https://tsis.dbas.gov.taipei/statis/webMain.aspx?sys=220&ymf=5700&ymt=10200&kind=21&type=0&funid=a05008401&cycle=4&outmode=12&compmode=0&outkind=3&deflst=2&nzo=1","UTF-8","系統介接程式","臺北市各級學校暨幼兒園畢業生數(57年至102年)時間數列統計資料
","統計期;公私立別;性別;高等學校/總計[人];高等學校/大學校院[人];高等學校/專科學校[人];中等學校/總計[人];中等學校/高級中學[人];中等學校/職業學校[人];中等學校/國民中學[人];國民小學[人];幼兒園[人];特殊教育[人]","臺北市政府主計處","不定期更新","政府資料開放授權條款-第1版","無","免費","吳蔓麗","02-27287626","2020-10-13 00:00:00","2026-05-27 16:12:21","","552"
"157845","臺北市大專校院環境人才培育","檔案資料","求學及進修","白金","CSV","https://tsis.dbas.gov.taipei/statis/webMain.aspx?sys=220&ymf=89&kind=21&type=0&funid=A05900701&cycle=4&outmode=12&compmode=0&outkind=3&deflst=2&nzo=1","UTF-8","系統介接程式","臺北市大專校院環境人才培育時間數列統計資料
","統計期;性別;教師人數[人];在學學生人數[人];畢業學生人數[人]","臺北市政府主計處","每1年","政府資料開放授權條款-第1版","","免費","吳蔓麗","02-27287626","2022-09-12 00:00:00","2026-05-27 14:49:26","","78"
"152466","臺南市國民中學原住民學生數","檔案資料","求學及進修","白金","JSON;CSV;JSON;CSV;JSON;CSV;JSON;CSV;JSON;CSV;JSON;CSV;JSON;CSV;JSON;CSV;JSON;CSV;JSON;CSV;JSON;CSV;JSON;CSV;JSON;CSV;JSON;CSV;JSON;CSV;JSON;CSV","https://soa.tainan.gov.tw/Api/Service/Get/f66d4f90-8e04-49a3-b72a-176bee3a71b0;https://data.tainan.gov.tw/File/ResourceCsvDownload/f66d4f90-8e04-49a3-b72a-176bee3a71b0;https://soa.tainan.gov.tw/Api/Service/Get/6a071979-eae5-41ee-8f6a-1b87da9f00ae;https://data.tainan.gov.tw/File/ResourceCsvDownload/6a071979-eae5-41ee-8f6a-1b87da9f00ae;https://soa.tainan.gov.tw/Api/Service/Get/e3ffdfc1-5cd3-4ef5-8beb-24d263d3332f;https://data.tainan.gov.tw/File/ResourceCsvDownload/e3ffdfc1-5cd3-4ef5-8beb-24d263d3332f;https://soa.tainan.gov.tw/Api/Service/Get/0f176394-3a66-436e-844f-2db3036395de;https://data.tainan.gov.tw/File/ResourceCsvDownload/0f176394-3a66-436e-844f-2db3036395de;https://soa.tainan.gov.tw/Api/Service/Get/d6e1b95a-e096-4cd3-bff7-3918695b8137;https://data.tainan.gov.tw/File/ResourceCsvDownload/d6e1b95a-e096-4cd3-bff7-3918695b8137;https://soa.tainan.gov.tw/Api/Service/Get/24b33668-1e9c-4ec3-8032-3c7b947aa131;https://data.tainan.gov.tw/File/ResourceCsvDownload/24b33668-1e9c-4ec3-8032-3c7b947aa131;https://soa.tainan.gov.tw/Api/Service/Get/45bb4a80-8f03-46b5-ba52-4cda41df32ed;https://data.tainan.gov.tw/File/ResourceCsvDownload/45bb4a80-8f03-46b5-ba52-4cda41df32ed;https://soa.tainan.gov.tw/Api/Service/Get/3ecb20b0-8573-4596-831e-576b1ee90486;https://data.tainan.gov.tw/File/ResourceCsvDownload/3ecb20b0-8573-4596-831e-576b1ee90486;https://soa.tainan.gov.tw/Api/Service/Get/4dfa61f3-a580-4a4c-9ca7-75228eff5c15;https://data.tainan.gov.tw/File/ResourceCsvDownload/4dfa61f3-a580-4a4c-9ca7-75228eff5c15;https://soa.tainan.gov.tw/Api/Service/Get/bf8785bd-7f83-4505-a167-75fd20228fed;https://data.tainan.gov.tw/File/ResourceCsvDownload/bf8785bd-7f83-4505-a167-75fd20228fed;https://soa.tainan.gov.tw/Api/Service/Get/ad90a7b1-a986-44ec-8ec7-9b8501593cc1;https://data.tainan.gov.tw/File/ResourceCsvDownload/ad90a7b1-a986-44ec-8ec7-9b8501593cc1;https://soa.tainan.gov.tw/Api/Service/Get/bc0c7a6c-2f4c-4a05-84cf-a09942425ab9;https://data.tainan.gov.tw/File/ResourceCsvDownload/bc0c7a6c-2f4c-4a05-84cf-a09942425ab9;https://soa.tainan.gov.tw/Api/Service/Get/4b5b25f0-76d8-4cb5-af5f-b1db18c3e875;https://data.tainan.gov.tw/File/ResourceCsvDownload/4b5b25f0-76d8-4cb5-af5f-b1db18c3e875;https://soa.tainan.gov.tw/Api/Service/Get/d217e6c5-e3cf-4914-883f-b1fcb41ff41d;https://data.tainan.gov.tw/File/ResourceCsvDownload/d217e6c5-e3cf-4914-883f-b1fcb41ff41d;https://soa.tainan.gov.tw/Api/Service/Get/a7e98de0-b12f-451e-9682-c9ddc86def11;https://data.tainan.gov.tw/File/ResourceCsvDownload/a7e98de0-b12f-451e-9682-c9ddc86def11;https://soa.tainan.gov.tw/Api/Service/Get/c980bb4d-7db3-4668-b296-cf028ac76670;https://data.tainan.gov.tw/File/ResourceCsvDownload/c980bb4d-7db3-4668-b296-cf028ac76670","UTF-8;UTF-8;UTF-8;UTF-8;UTF-8;UTF-8;UTF-8;UTF-8;UTF-8;UTF-8;UTF-8;UTF-8;UTF-8;UTF-8;UTF-8;UTF-8;UTF-8;UTF-8;UTF-8;UTF-8;UTF-8;UTF-8;UTF-8;UTF-8;UTF-8;UTF-8;UTF-8;UTF-8;UTF-8;UTF-8;UTF-8;UTF-8","系統介接程式","臺南市國民中學學生數，依性別、學校、年級、行政區域分類","原住民族族別(原住民族族別);男[人數](男[人數]);女[人數](女[人數]);總計(總計)","臺南市政府教育局","不定期更新","政府資料開放授權條款-第1版","https://data.tainan.gov.tw/DataSet/Detail/51a9aeea-235d-484a-950c-01de48d5343f","免費","辛龍香","(06)2991111","2022-04-22 03:19:31","2026-05-27 14:24:44","","0;0;0;0;0;0;0;0;0;0;0;0;0;0;0;0;0;0;0;0;0;0;0;0;0;0;0;0;0;0;0;0"
"53281","臺南市各級學校基本資料","檔案資料","求學及進修","金","JSON","https://soa.tainan.gov.tw/Api/Service/Get/b32ffde3-b030-4445-80a3-e83f06477c78","UTF-8","系統介接程式","本資料集提供臺南市各級學校基本資料","URL;Tel;Country;SchoolType;District;Edu_code;Region;Addr;Stage;SchoolName;CountryName;Fax;SchoolType2;Merger","臺南市政府教育局","不定期更新","政府資料開放授權條款-第1版","https://data.tainan.gov.tw/DataSet/Detail/f977150d-432d-459e-8443-86c1921ddf41","免費","辛龍香","(06)2991111","2017-08-24 07:44:45","2026-05-27 11:51:08","","1"
"160231","全國大專校院學生本國語文競賽獲獎名單","檔案資料","求學及進修","白金","CSV","https://ws.moe.edu.tw/001/Upload/6/relfile/7856/98914/2b2af141-bc1c-4dd0-b9d5-f4bf3e77f722.csv","UTF-8","原始資料","為加強推行語文教育，鼓勵大專校院學生提升本國語文素養與學習興趣，以弘揚文化，教育部自110年起全國大專校院學生本國語文競賽，並於競賽結束後公布當學年度獲獎名單，供各界利用參考。自115年起將併入全國語文競賽，資料不再更新。","年度;競賽項目;獎項;就讀學校;姓名","教育部終身教育司","不定期更新","政府資料開放授權條款-第1版","","免費","吳慧庭","02-7736-6800","2023-01-03 00:00:00","2026-05-26 16:30:36","","222"
"164237","原住民族16族語方言之分布參考表","檔案資料","求學及進修","白金","JSON;XML;CSV","https://data.cip.gov.tw/API/v1/dump/datastore/A53000000A-112044-001;https://data.cip.gov.tw/API/v1/dump/datastore/A53000000A-112044-002;https://data.cip.gov.tw/API/v1/dump/datastore/A53000000A-112044-003","UTF-8;UTF-8;UTF-8","系統介接程式","依照核定公告16族42語言別，提供各縣市鄉鎮地區(含村里)之族語分布情形。","Seq(序號);DateListed(資料日期);方言類別;區域別;縣市別代碼;鄉鎮市區;行政區域代碼;村里","原住民族委員會","不定期更新","政府資料開放授權條款-第1版","","免費","邱冠儒 先生","(02)89953065","2023-07-26 00:00:00","2026-05-26 15:39:20","","133;133;133"
"156599","原住民族語直播共學參與學校一覽表","檔案資料","求學及進修","白金","JSON;XML;CSV","https://data.cip.gov.tw/API/v1/dump/datastore/A53000000A-111017-001;https://data.cip.gov.tw/API/v1/dump/datastore/A53000000A-111017-002;https://data.cip.gov.tw/API/v1/dump/datastore/A53000000A-111017-003","UTF-8;UTF-8;UTF-8","系統介接程式","110,111學年度原住民族語直播共學參與學校一覽表","Seq(序號);DateListed(資料日期);學年度;縣市;縣市別代碼;序號;核定學校","原住民族委員會","不定期更新","政府資料開放授權條款-第1版","","免費","邱冠儒 先生","(02)89953065","2022-07-21 00:00:00","2026-05-26 15:38:42","","882;882;882"
"46724","高級中等學校藝術才能特色招生甄選入學招生名額彙整表","檔案資料","求學及進修","金","CSV;CSV;CSV;CSV;CSV;CSV;CSV;CSV;CSV;CSV","https://www.k12ea.gov.tw/files/common_unit/9588aab9-ede1-4da8-8242-ad686e19e77e/doc/106學年度高級中等學校藝術才能特色招生甄選入學招生名額彙整表.csv;https://www.k12ea.gov.tw/files/common_unit/9588aab9-ede1-4da8-8242-ad686e19e77e/doc/107學年度高級中等學校藝術才能特色招生甄選入學招生名額彙整表.csv;https://ws.moe.edu.tw/Download.ashx?u=LzAwMS9VcGxvYWQvOC9yZWxmaWxlLzc4MzQvOTkwNjYvYzE5ZmI3YmUtNWExZC00N2FmLWIxMTEtNGZlZjBlNmRjY2Q5LmNzdg%3d%3d&n=MTA45a245bm05bqm6auY57Sa5Lit562J5a245qCh6Jed6KGT5omN6IO95ZCE6aGe54m56Imy5oub55Sf55SE6YG45YWl5a245oub55Sf5ZCN6aGN5b2Z5pW06KGoLmNzdg%3d%3d&icon=..csv;https://ws.moe.edu.tw/Download.ashx?u=LzAwMS9VcGxvYWQvOC9yZWxmaWxlLzc4MzQvOTkwNjcvYjlkZGFjNGItYWQyZC00OGQxLWE1YjAtNjkyNjZmNTNkMzRlLmNzdg%3d%3d&n=MTA55a245bm05bqm6auY57Sa5Lit562J5a245qCh6Jed6KGT5omN6IO95ZCE6aGe54m56Imy5oub55Sf55SE6YG45YWl5a245oub55Sf5ZCN6aGN5b2Z5pW06KGoLmNzdg%3d%3d&icon=..csv;https://ws.moe.edu.tw/Download.ashx?u=LzAwMS9VcGxvYWQvOC9yZWxmaWxlLzc4MzQvOTkwNjgvNzk0NDNiNjEtYWRhNS00M2E4LTg4YTYtMjU0MzFmMTZlYjFkLmNzdg%3d%3d&n=MTEw5a245bm05bqm6auY57Sa5Lit562J5a245qCh6Jed6KGT5omN6IO95ZCE6aGe54m56Imy5oub55Sf55SE6YG45YWl5a245oub55Sf5ZCN6aGN5b2Z5pW06KGoLmNzdg%3d%3d&icon=..csv;https://ws.moe.edu.tw/Download.ashx?u=LzAwMS9VcGxvYWQvOC9yZWxmaWxlLzc4MzQvOTkwNzAvNzBjZDYwZDctMmQ3YS00Zjc1LThjNDctNDczODdmY2EyMWNjLmNzdg%3d%3d&n=MTEx5a245bm05bqm6auY57Sa5Lit562J5a245qCh6Jed6KGT5omN6IO95ZCE6aGe54m56Imy5oub55Sf55SE6YG45YWl5a245oub55Sf5ZCN6aGN5b2Z5pW06KGoLmNzdg%3d%3d&icon=..csv;https://ws.moe.edu.tw/Download.ashx?u=LzAwMS9VcGxvYWQvOC9yZWxmaWxlLzc4MzQvOTkwNzMvYTQ4MjU3OGYtMjIxOS00ZGZiLWFlZDAtYzZlZjYyNmViZDBhLmNzdg%3d%3d&n=MTEy5a245bm05bqm6auY57Sa5Lit562J5a245qCh6Jed6KGT5omN6IO95ZCE6aGe54m56Imy5oub55Sf55SE6YG45YWl5a245oub55Sf5ZCN6aGN5b2Z5pW06KGoLmNzdg%3d%3d&icon=..csv;https://ws.moe.edu.tw/Download.ashx?u=LzAwMS9VcGxvYWQvOC9yZWxmaWxlLzc4MzQvOTkwNzQvMzA3ODFkNjYtMDNjZS00NTRkLWJlMzMtODdhM2QyNTI4NTg5LmNzdg%3d%3d&n=MTEz5a245bm05bqm6auY57Sa5Lit562J5a245qCh6Jed6KGT5omN6IO95ZCE6aGe54m56Imy5oub55Sf55SE6YG45YWl5a245oub55Sf5ZCN6aGN5b2Z5pW06KGoLmNzdg%3d%3d&icon=..csv;https://ws.moe.edu.tw/001/Upload/8/relfile/7834/105666/1e03411b-990a-4216-92fd-9b61ffacbe06.csv;https://ws.moe.edu.tw/001/Upload/8/relfile/7834/105667/038d15d6-d01f-4bb9-b2de-df13599e325a.csv","UTF-8;UTF-8;UTF-8;UTF-8;UTF-8;UTF-8;UTF-8;UTF-8;UTF-8;UTF-8","原始資料","提供106及115學年度高級中等學校藝術才能特色招生甄選入學名額一覽表","學年度;班別;招生區;招生區學校;核定班別;班級數;名額","教育部師資培育及藝術教育司","不定期更新","政府資料開放授權條款-第1版","","免費","劉小姐","0277365715","2017-06-26 00:00:00","2026-05-22 11:33:23","授權說明網址: http://data.gov.tw/license","75;81;83;81;81;87;79;79;79;79"
"8117","文化部研習課程","檔案資料","求學及進修","無(白名單)","JSON;XML","https://cloud.culture.tw/frontsite/trans/SearchShowAction.do?method=doFindTypeJ&category=19;https://cloud.culture.tw/frontsite/trans/SearchShowAction.do?method=doFindTypeX&category=19","UTF-8;UTF-8","系統介接程式","文化部整合本部及所屬各級機關(構)、以及其他公、民營單位之研習課程活動資訊。","包含名稱;類別;簡介;課程場次時間;來源網址;地點等資料","文化部","每1日","政府資料開放授權條款-第1版","https://cloud.culture.tw/","免費","朱純慧 小姐","04-22176326","2014-05-02 00:00:00","2026-05-21 17:38:20","符合OAS標準之API說明文件網址 https://cloud.culture.tw/frontsite/trans/SearchShowAction.do?method=doFindTypeJOpenApi&category=19","30;30"
"6222","特色圖書館","檔案資料","求學及進修","無(白名單)","JSON;XML;XLS","https://cloud.culture.tw/frontsite/trans/emapOpenDataAction.do?method=exportEmapJson&typeId=K;https://cloud.culture.tw/frontsite/trans/emapOpenDataAction.do?method=exportEmapXML&typeId=K;https://cloud.culture.tw/frontsite/trans/emapOpenDataAction.do?method=exportEmapExcel&typeId=K","UTF-8;UTF-8;UTF-8","系統介接程式","收錄文化部所屬各級機關(構)開放服務之專門特色圖書室，如國立臺灣歷史博物館圖書室、國立臺灣美術館資料中心及兒童繪本區等。
","groupTypeName(群組類別);mainTypeName(主類別);mainTypePK(mainTypePK);name(名稱);name_eng(名稱英文);representImage(代表圖像);intro(簡介);intro_eng(簡介英文);areaCode(郵遞區號);cityName(縣市);address(地址);longitude(經度);latitude(緯度);hitRate(點閱數)","文化部","每1年","政府資料開放授權條款-第1版","https://cloud.culture.tw/","免費","朱純慧 小姐","04-22176326","2013-07-08 00:00:00","2026-05-20 17:53:26","符合OAS標準之API說明文件網址 https://opendata.culture.tw/openData/openApi/emapJsonK ,符合OAS標準之API說明文件網址 https://opendata.culture.tw/openData/openApi/emapXMLK","9;9;9"
"175214","交通部高速公路局暨所屬機關業務相關必須完成課程資訊","檔案資料","求學及進修","金","CSV","https://www.freeway.gov.tw/Download_File_Direct.ashx?id=625&FileConditionsID=1","BIG5","系統介接程式","提供本局暨所屬機關年度終身學習必須完成課程資訊，資料由行政院人事行政總處公務人員終身學習入口網提供","序號;機關名稱;機關總人數;與業務相關總時數（20小時）達成人數;達成率（百分比）","交通部高速公路局","每1年","政府資料開放授權條款-第1版","","免費","楊 先生","02-29096141 ＃2625","2025-10-20 00:00:00","2026-05-19 12:17:46","","0"
"123837","新北市政府自行研究獲獎報告","檔案資料","求學及進修","白金","CSV","https://data.ntpc.gov.tw/api/datasets/f92531be-6fda-464a-943f-23b4badf18f4/csv/file","UTF-8","系統介接程式","新北市政府自行研究獲獎報告(資料期間：114年度)","field1(獎項);field2(機關);field3(研究計畫名稱);domainname(連結)","新北市政府研究發展考核委員會","每1年","政府資料開放授權條款-第1版","","免費","蔡小姐","(02)29603456#8715","2020-01-13 00:00:00","2026-05-15 14:05:32","OpenAPI文件下載: https://data.ntpc.gov.tw/api/v1/openapi/units/1160000","37"
"46719","非學校型態實驗教育學生概況","檔案資料","求學及進修","白金","CSV;CSV","https://www.k12ea.gov.tw//files/common_unit/147c84b9-bd27-4c45-9f43-f6c9c217be4e/doc/非學校型態實驗教育學生概況.csv;https://www.k12ea.gov.tw//files/common_unit/147c84b9-bd27-4c45-9f43-f6c9c217be4e/doc/非學校型態實驗教育學生概況(依縣市政府).csv","UTF-8;UTF-8","原始資料","提供高級中等以下教育階段非學校型態實驗教育學生人數統計","學年度;實驗類別;國小學生人數;國中學生人數;高級中等教育階段學生人數","教育部國民及學前教育署","不定期更新","政府資料開放授權條款-第1版","","免費","許小姐","04-37061647","2017-06-26 00:00:00","2026-05-14 17:03:10","授權說明網址: http://data.gov.tw/license","33;44"
"31658","特殊教育學校各教育階段班級數統計","檔案資料","求學及進修","白金","CSV;CSV;CSV;CSV;CSV;CSV;CSV;CSV;CSV;CSV","https://www.k12ea.gov.tw/files/common_unit/4a3935d6-8e45-4245-81ec-f5575fe1daa2/doc/105學年度特殊教育學校各教育階段班級數統計.csv;https://www.k12ea.gov.tw/files/common_unit/4a3935d6-8e45-4245-81ec-f5575fe1daa2/doc/106學年度特殊教育學校各教育階段班級數統計.csv;https://www.k12ea.gov.tw/files/common_unit/4a3935d6-8e45-4245-81ec-f5575fe1daa2/doc/107學年度特殊教育學校各教育階段班級數統計.csv;https://www.k12ea.gov.tw//files/common_unit/4a3935d6-8e45-4245-81ec-f5575fe1daa2/doc/108學年度特殊教育學校各教育階段班級數統計.csv;https://www.k12ea.gov.tw//files/common_unit/4a3935d6-8e45-4245-81ec-f5575fe1daa2/doc/109學年度特殊教育學校各教育階段班級數統計.csv;https://www.k12ea.gov.tw//files/common_unit/4a3935d6-8e45-4245-81ec-f5575fe1daa2/doc/110學年度特殊教育學校各教育階段班級數統計.csv;https://www.k12ea.gov.tw//files/common_unit/4a3935d6-8e45-4245-81ec-f5575fe1daa2/doc/111學年度特殊教育學校各教育階段班級數統計.csv;https://www.k12ea.gov.tw//files/common_unit/38fcf0b9-9ee2-47a3-b6d6-264cfed66d13/doc/112學年度特殊教育學校各教育階段班級數統計.csv;https://www.k12ea.gov.tw//files/common_unit/0849a724-ce78-47bf-98bb-d534c90b65c2/doc/113學年度特殊教育學校各教育階段班級數統計.csv;https://www.k12ea.gov.tw//files/common_unit/0f4fde82-fa74-42e7-ad33-6be8c1077a10/doc/114學年度特殊教育學校各教育階段班級數統計.csv","UTF-8;UTF-8;UTF-8;UTF-8;UTF-8;UTF-8;UTF-8;UTF-8;UTF-8;UTF-8","原始資料","本統計係為了解特殊教育學校各教育階段班級需求，經費規劃、師資需求等，以提供教育資源之協助。","縣市;學校;學前(數量);國小(數量);國中(數量);高中職(數量)","教育部國民及學前教育署","每1年","政府資料開放授權條款-第1版","","免費","羅小姐","04-37061225","2016-05-30 00:00:00","2026-05-14 16:27:36","授權說明網址: http://data.gov.tw/license","28;28;28;28;28;28;28;28;28;28"
"173969","各縣市政府特教鑑定聯絡資訊","檔案資料","求學及進修","白金","CSV","https://www.k12ea.gov.tw//files/common_unit/f769f8c8-99c6-4e63-a8de-253cd36852c6/doc/各縣市政府特教鑑定聯絡資訊.csv","UTF-8","原始資料","為協助特教學生家庭與專業人士找到適切的資源，彙整了各縣市政府提供的特殊教育鑑定聯絡窗口資訊。透過這個整合的資訊平台，期盼能提供一致性的訊息，幫助各方更便利地取得所需資源。","編號;縣市別代碼;縣市;鑑定窗口聯絡單位;連絡電話","教育部國民及學前教育署","不定期更新","政府資料開放授權條款-第1版","","免費","蔡先生","04-37061239","2025-07-02 00:00:00","2026-05-14 15:39:12","","25"
"162568","學校型態原住民族實驗教育學校名冊","檔案資料","求學及進修","白金","CSV","https://www.k12ea.gov.tw//files/common_unit/dbc4eca4-ab65-4105-a753-ab225752d492/doc/學校型態原住民族實驗教育名冊.csv","UTF-8","原始資料","本名冊所列學校，係依「原住民族教育法」第20條及「原住民族教育法施行細則」第11條規定，準用「學校型態實驗教育實施條例」辦理原住民族實驗教育之學校。","學年度;序號;主管機關(縣市);學校名稱;族別","教育部國民及學前教育署","每1年","政府資料開放授權條款-第1版","","免費","楊小姐","04-37061227","2023-05-19 00:00:00","2026-05-14 15:23:02","","169"
"162567","原住民重點學校","檔案資料","求學及進修","白金","CSV;CSV","https://www.k12ea.gov.tw//files/common_unit/03301616-379f-4222-8491-43b3ec8cc2c5/doc/109-111學年度原住民重點學校一覽表.csv;https://www.k12ea.gov.tw//files/common_unit/29467d46-f83d-431a-bc57-0e9614b2aee6/doc/112-114學年度原住民重點學校一覽表.csv","UTF-8;UTF-8","原始資料","依據原住民族教育法第4條規定略以，原住民重點學校：指原住民學生達一定人數或比率之高級中等以下學校。
次依原住民族教育法施行細則第4條規定略以，原住民重點學校，由高級中等以下學校各該教育主管機關，依下列規定認定之：
一、在原住民族地區，該校原住民學生人數達學生總數三分之一以上者。
二、在非原住民族地區，該校原住民學生人數達一百人以上或達學生總數三分之一以上者。
前項認定，應每三學年重新認定一次。","序號;轄屬;行政區;學校代碼;設立別;學制;縣市代碼;縣市別;學校名稱","教育部國民及學前教育署","每3年","政府資料開放授權條款-第1版","","免費","許先生","04-37061235","2023-05-19 00:00:00","2026-05-14 15:14:03","","431;420"
"31660","特殊學校特教合格老師數統計","檔案資料","求學及進修","白金","CSV;CSV;CSV;CSV;CSV;CSV;CSV;CSV;CSV;CSV","https://www.k12ea.gov.tw//files/common_unit/5ee2171b-df81-4bab-9e90-ab3554527a7b/doc/105學年度特殊學校特教合格老師數統計.csv;https://www.k12ea.gov.tw/files/common_unit/5ee2171b-df81-4bab-9e90-ab3554527a7b/doc/106學年度特殊學校特教合格老師數統計.csv;https://www.k12ea.gov.tw/files/common_unit/5ee2171b-df81-4bab-9e90-ab3554527a7b/doc/107學年度特殊學校特教合格老師數統計.csv;https://www.k12ea.gov.tw//files/common_unit/5ee2171b-df81-4bab-9e90-ab3554527a7b/doc/108學年度特殊學校特教合格老師數統計.csv;https://www.k12ea.gov.tw//files/common_unit/5ee2171b-df81-4bab-9e90-ab3554527a7b/doc/109學年度特殊學校特教合格老師數統計.csv;https://www.k12ea.gov.tw//files/common_unit/5ee2171b-df81-4bab-9e90-ab3554527a7b/doc/110學年度特殊學校特教合格老師數統計.csv;https://www.k12ea.gov.tw//files/common_unit/5ee2171b-df81-4bab-9e90-ab3554527a7b/doc/111學年度特殊學校特教合格老師數統計.csv;https://www.k12ea.gov.tw//files/common_unit/e2a15741-0fea-42cf-a137-61e05b563a5b/doc/112學年度特殊學校特教合格老師數統計.csv;https://www.k12ea.gov.tw//files/common_unit/4d474f4b-cf38-4613-bcec-cfe93289d109/doc/113學年度特殊學校特教合格老師數統計.csv;https://www.k12ea.gov.tw//files/common_unit/59576b74-af40-4514-bd11-fbf4824e28b9/doc/114學年度特殊學校特教合格老師數統計.csv","UTF-8;UTF-8;UTF-8;UTF-8;UTF-8;UTF-8;UTF-8;UTF-8;UTF-8;UTF-8","原始資料","提供特殊學校特教合格老師數統計資料","縣市;學校;特教合格教師人數;一般合格教師人數;代理教師人數","教育部國民及學前教育署","每1年","政府資料開放授權條款-第1版","","免費","羅小姐","04-37061225","2016-05-30 00:00:00","2026-05-14 14:23:43","授權說明網址: http://data.gov.tw/license","29;28;28;28;28;28;28;28;28;28"
"31659","特殊教育學校各教育階段學生數統計","檔案資料","求學及進修","白金","CSV;CSV;CSV;CSV;CSV;CSV;CSV;CSV;CSV;CSV","https://www.k12ea.gov.tw/files/common_unit/f85cf561-eb49-4521-800d-28dd38c8095d/doc/105學年度特殊教育學校各教育階段學生數統計.csv;https://www.k12ea.gov.tw/files/common_unit/f85cf561-eb49-4521-800d-28dd38c8095d/doc/106學年度特殊教育學校各教育階段學生數統計.csv;https://www.k12ea.gov.tw/files/common_unit/f85cf561-eb49-4521-800d-28dd38c8095d/doc/107學年度特殊教育學校各教育階段學生數統計.csv;https://www.k12ea.gov.tw//files/common_unit/f85cf561-eb49-4521-800d-28dd38c8095d/doc/108學年度特殊教育學校各教育階段學生數統計.csv;https://www.k12ea.gov.tw//files/common_unit/f85cf561-eb49-4521-800d-28dd38c8095d/doc/109學年度特殊教育學校各教育階段學生數統計.csv;https://www.k12ea.gov.tw//files/common_unit/f85cf561-eb49-4521-800d-28dd38c8095d/doc/110學年度特殊教育學校各教育階段學生數統計.csv;https://www.k12ea.gov.tw//files/common_unit/f85cf561-eb49-4521-800d-28dd38c8095d/doc/111學年度特殊教育學校各教育階段學生數統計.csv;https://www.k12ea.gov.tw//files/common_unit/6aff92f9-9021-4530-a2ac-143e2f3bae77/doc/112學年度特殊教育學校各教育階段學生數統計.csv;https://www.k12ea.gov.tw//files/common_unit/e76ec276-b234-4ab0-b7a9-63caae860431/doc/113學年度特殊教育學校各教育階段學生數統計.csv;https://www.k12ea.gov.tw//files/common_unit/08fffcbf-bcc5-4171-be41-26481e130044/doc/114學年度特殊教育學校各教育階段學生數統計.csv","UTF-8;UTF-8;UTF-8;UTF-8;UTF-8;UTF-8;UTF-8;UTF-8;UTF-8;UTF-8","原始資料","本統計係為了解特殊教育學校各教育階段學生需求，經費規劃、師資需求等，以提供教育資源之協助。","縣市;學校;學前(人數);國小(人數);國中(人數);高中職(人數)","教育部國民及學前教育署","每1年","政府資料開放授權條款-第1版","","免費","羅小姐","04-37061225","2016-05-30 00:00:00","2026-05-14 14:18:30","授權說明網址: http://data.gov.tw/license","28;28;28;28;28;28;28;28;28;28"
"6311","奧林匹亞競賽歷年參賽成績","檔案資料","求學及進修","無(白名單)","CSV","https://www.k12ea.gov.tw//files/common_unit/fc8ffeed-e8b9-4dff-93ba-e578c5ef2040/doc/奧林匹亞競賽歷年參賽成績.csv","UTF-8","原始資料","本資料集主要提供奧林匹亞競賽歷年參賽成績等資訊。","年度;類別;主辦國;參加國;屆別;成績;排名","教育部國民及學前教育署","每1年","政府資料開放授權條款-第1版","","免費","吳小姐","04-37061156","2013-09-25 00:00:00","2026-05-14 14:02:25","授權說明網址: http://data.gov.tw/license","267"
"6285","特殊教育學校名錄","檔案資料","求學及進修","無(白名單)","CSV","https://www.k12ea.gov.tw//files/common_unit/431a1ae5-9503-4675-8e59-07d7286be83f/doc/特殊教育學校名錄.csv","UTF-8","原始資料","本資料集主要提供全臺灣特殊教育學校通訊資料","縣市;學校;地址;電話;網址;傳真","教育部國民及學前教育署","不定期更新","政府資料開放授權條款-第1版","","免費","羅小姐","04-37061225","2013-09-06 00:00:00","2026-05-14 12:00:11","授權說明網址: http://data.gov.tw/license","28"
"6312","高級中等學校實用技能學程核班情形","檔案資料","求學及進修","白金","CSV;CSV;CSV;CSV;CSV;CSV;CSV;CSV;CSV;CSV;CSV;CSV;CSV;CSV","https://www.k12ea.gov.tw//files/common_unit/220ab6bb-6e3d-4011-a71c-bc1ef396bc81/doc/實用技能學程102學年度核班情形一覽表.csv;https://www.k12ea.gov.tw//files/common_unit/acb4c3c9-341c-4525-ae8c-0a1cfec858af/doc/實用技能學程103學年度核班情形一覽表.csv;https://www.k12ea.gov.tw//files/common_unit/716abb6b-5f96-45a4-a598-63e53dd70591/doc/實用技能學程104學年度核班情形一覽表.csv;https://www.k12ea.gov.tw//files/common_unit/d11b0b66-b633-4e71-b87e-0a33097fd483/doc/實用技能學程105學年度核班情形一覽表.csv;https://www.k12ea.gov.tw//files/common_unit/c509dc3d-41f6-4461-92ed-fae464e497dc/doc/實用技能學程106學年度核班情形一覽表.csv;https://www.k12ea.gov.tw//files/common_unit/46d6a0c8-edfc-454a-b48a-7924cb599adc/doc/實用技能學程107學年度核班情形一覽表.csv;https://www.k12ea.gov.tw//files/common_unit/07b60e2a-32d4-48bc-b8f1-77a98de1fe42/doc/實用技能學程108學年度核班情形一覽表.csv;https://www.k12ea.gov.tw//files/common_unit/6fbe560a-dc68-4e98-8ca0-87d3dbe99a6b/doc/實用技能學程109學年度核班情形一覽表.csv;https://www.k12ea.gov.tw//files/common_unit/2ebd816d-d017-479a-bd08-4bf02663682d/doc/實用技能學程110學年度核班情形一覽表.csv;https://www.k12ea.gov.tw//files/common_unit/9dd1bd0c-fa86-48e2-9709-2fba53333f9e/doc/實用技能學程111學年度核班情形一覽表.csv;https://www.k12ea.gov.tw//files/common_unit/7743197d-4bd7-457c-b627-d2e8eff24615/doc/實用技能學程112學年度核班情形一覽表.csv;https://www.k12ea.gov.tw//files/common_unit/cd47fee7-0cfb-4e9d-9ef9-c4d0c718ccc6/doc/實用技能學程113學年度核班情形一覽表.csv;https://www.k12ea.gov.tw//files/common_unit/3fea6f62-1722-4817-8ea2-78ce06bd5259/doc/實用技能學程114學年度核班情形一覽表.csv;https://www.k12ea.gov.tw//files/common_unit/0072238c-4da0-4ca6-9cf6-10b169839287/doc/實用技能學程115學年度核班情形一覽表.csv","UTF-8;UTF-8;UTF-8;UTF-8;UTF-8;UTF-8;UTF-8;UTF-8;UTF-8;UTF-8;UTF-8;UTF-8;UTF-8;UTF-8","原始資料","本資料集主要提供各學年度高級中等學校實用技能學程核班情形等資訊。","校名;招生科別;上課時段;核定班數(數量);招收學生人數","教育部國民及學前教育署","每1年","政府資料開放授權條款-第1版","","免費","余小姐","04-37061151","2016-01-01 00:00:00","2026-05-14 11:04:59","授權說明網址: http://data.gov.tw/license","347;332;323;311;285;228;199;190;178;177;165;164;160;158"
"31033","各就學區各學年度免試入學比序項目配分情形","檔案資料","求學及進修","白金","CSV;CSV;CSV;CSV;CSV;CSV;CSV;CSV;CSV;CSV;CSV;CSV;CSV","https://www.k12ea.gov.tw//files/common_unit/ebde34db-7bbb-4b2d-b5cd-3854e94abdef/doc/103學年度各就學區超額比序配分情形.csv;https://www.k12ea.gov.tw//files/common_unit/ebde34db-7bbb-4b2d-b5cd-3854e94abdef/doc/104學年度各就學區超額比序配分情形.csv;https://www.k12ea.gov.tw//files/common_unit/ebde34db-7bbb-4b2d-b5cd-3854e94abdef/doc/105學年度各就學區超額比序配分情形.csv;https://www.k12ea.gov.tw//files/common_unit/ebde34db-7bbb-4b2d-b5cd-3854e94abdef/doc/106學年度各就學區超額比序配分情形.csv;https://www.k12ea.gov.tw//files/common_unit/ebde34db-7bbb-4b2d-b5cd-3854e94abdef/doc/107學年度各就學區超額比序配分情形.csv;https://www.k12ea.gov.tw//files/common_unit/ebde34db-7bbb-4b2d-b5cd-3854e94abdef/doc/108學年度各就學區超額比序配分情形.csv;https://www.k12ea.gov.tw//files/common_unit/ebde34db-7bbb-4b2d-b5cd-3854e94abdef/doc/109學年度各就學區超額比序配分情形.csv;https://www.k12ea.gov.tw//files/common_unit/ebde34db-7bbb-4b2d-b5cd-3854e94abdef/doc/110學年度各就學區超額比序配分情形.csv;https://www.k12ea.gov.tw//files/common_unit/ebde34db-7bbb-4b2d-b5cd-3854e94abdef/doc/111學年度國中會考各就學區超額比序配分情形.csv;https://www.k12ea.gov.tw//files/common_unit/ebde34db-7bbb-4b2d-b5cd-3854e94abdef/doc/112學年度國中會考各就學區超額比序配分情形.csv;https://www.k12ea.gov.tw//files/common_unit/ebde34db-7bbb-4b2d-b5cd-3854e94abdef/doc/113學年度國中會考各就學區超額比序配分情形.csv;https://www.k12ea.gov.tw//files/common_unit/ebde34db-7bbb-4b2d-b5cd-3854e94abdef/doc/114學年度各就學區免試入學比序項目配分情形.csv;https://www.k12ea.gov.tw//files/common_unit/ebde34db-7bbb-4b2d-b5cd-3854e94abdef/doc/115學年度各就學區免試入學比序項目配分情形.csv","UTF-8;UTF-8;UTF-8;UTF-8;UTF-8;UTF-8;UTF-8;UTF-8;UTF-8;UTF-8;UTF-8;UTF-8;UTF-8","原始資料","提供各就學區免試入學超額比序採計項目一覽表相關資料","學年度;就學區;比序項目1-適性輔導-發展(分數);比序項目2-學生志願序(分數);比序項目3-就近入學(分數);比序項目4-扶助弱勢(分數);比序項目5-學生畢結業資格(分數);比序項目6-均衡學習(分數);比序項目7-品德(分數);比序項目8-多元學習表現-獎勵紀錄(分數);比序項目9-多元學習表現-健康體適能(分數);比序項目10-多元學習表現-服務學習(分數);比序項目11-多元學習表現-服務表現(分數);比序項目12-多元學習表現-競賽表現(分數);比序項目13-多元學習表現-技職證照或資格檢定(分數);比序項目14-國中教育會考表現(分數);比序項目15-其他(分數);合計項目數;總積分;可選填志願數;說明","教育部國民及學前教育署","不定期更新","政府資料開放授權條款-第1版","","免費","林小姐","04-37061177","2016-05-04 00:00:00","2026-05-14 10:56:01","授權說明網址: http://data.gov.tw/license","15;15;16;15;15;15;15;15;15;15;15;15;15"
"46721","各直轄市、縣（市）就學區及共同就學區劃定範圍","檔案資料","求學及進修","金","CSV;CSV;CSV;CSV;CSV;CSV;CSV;CSV;CSV;CSV","https://www.k12ea.gov.tw/files/common_unit/94d1d579-bcd8-4da5-873f-4aad7d2b47c0/doc/106學年度各直轄市、縣（市）就學區及共同就學區劃定範圍.csv;https://www.k12ea.gov.tw/files/common_unit/94d1d579-bcd8-4da5-873f-4aad7d2b47c0/doc/107學年度各直轄市、縣（市）就學區及共同就學區劃定範圍.csv;https://www.k12ea.gov.tw/files/common_unit/94d1d579-bcd8-4da5-873f-4aad7d2b47c0/doc/108學年度各直轄市、縣（市）就學區及共同就學區劃定範圍.csv;https://www.k12ea.gov.tw//files/common_unit/94d1d579-bcd8-4da5-873f-4aad7d2b47c0/doc/109學年度各直轄市、縣（市）就學區及共同就學區劃定範圍.csv;https://www.k12ea.gov.tw//files/common_unit/94d1d579-bcd8-4da5-873f-4aad7d2b47c0/doc/110學年度各直轄市、縣（市）就學區及共同就學區劃定範圍.csv;https://www.k12ea.gov.tw//files/common_unit/94d1d579-bcd8-4da5-873f-4aad7d2b47c0/doc/111學年度各直轄市、縣（市）就學區及共同就學區劃定範圍.csv;https://www.k12ea.gov.tw//files/common_unit/ec10fb55-6ced-49c6-a83d-2012645f045c/doc/112學年度各直轄市、縣（市）就學區及共同就學區劃定範圍.csv;https://www.k12ea.gov.tw//files/common_unit/e9b87188-6bab-42ca-9691-3427f41ddd1b/doc/113學年度各直轄市、縣（市）就學區及共同就學區劃定範圍.csv;https://www.k12ea.gov.tw//files/common_unit/1f4a3120-00c6-4731-9875-dc7cd60537c6/doc/114學年度各直轄市、縣（市）就學區及共同就學區劃定範圍.csv;https://www.k12ea.gov.tw//files/common_unit/bb55e4c6-ed86-4860-b740-30eb8e57c3bb/doc/115學年度各直轄市、縣（市）就學區及共同就學區劃定範圍.csv","UTF-8;UTF-8;UTF-8;UTF-8;UTF-8;UTF-8;UTF-8;UTF-8;UTF-8;UTF-8","原始資料","提供本區國中可跨出就讀之行政區或他區國中可跨入就讀之行政區劃定資料","序號;就學區;行政區;本區國中可跨出就讀之行政區;他區高級中等學校開放就學之行政區;他區國中可跨入就讀之行政區;本區高級中等學校開放就學之行政區","教育部國民及學前教育署","每1年","政府資料開放授權條款-第1版","","免費","林小姐","04-37061177","2017-06-26 00:00:00","2026-05-14 10:33:43","授權說明網址: http://data.gov.tw/license","34;34;34;34;34;34;34;34;34;34"
"6313","建教合作班核班情形","檔案資料","求學及進修","白金","CSV;CSV;CSV;CSV;CSV;CSV;CSV;CSV;CSV;CSV;CSV;CSV;CSV","https://www.k12ea.gov.tw/files/common_unit/cdf541eb-878f-4e8b-b249-a2f074306641/doc/102學年度申辦建教合作班核定科班人數一覽表.csv;https://www.k12ea.gov.tw/files/common_unit/602840dc-e5ab-419e-b953-1029b4ab8121/doc/103學年度申辦建教合作班核定科班人數一覽表.csv;https://www.k12ea.gov.tw/files/common_unit/bc899465-95c1-4fff-8a58-d287a9ebc6e0/doc/104學年度申辦建教合作班核定科班人數一覽表.csv;https://www.k12ea.gov.tw/files/common_unit/a759a505-51d7-4da0-b7b2-7cd846bc9d28/doc/105學年度申辦建教合作班核定科班人數一覽表.csv;https://www.k12ea.gov.tw/files/common_unit/4d4b890f-bcb2-41c6-b88e-281a10a30743/doc/106學年度申辦建教合作班核定科班人數一覽表.csv;https://www.k12ea.gov.tw/files/common_unit/ae66231f-c22e-4f48-be2d-3234d2200fab/doc/107學年度申辦建教合作班核定科班人數一覽表.csv;https://www.k12ea.gov.tw/files/common_unit/49b859fc-1b70-439d-8647-76a9107c10c6/doc/108學年度申辦建教合作班核定科班人數一覽表.csv;https://www.k12ea.gov.tw//files/common_unit/1003b9f6-8dd9-487c-a962-39e2d41dc9c1/doc/109學年度申辦建教合作班核定科班人數一覽表.csv;https://www.k12ea.gov.tw//files/common_unit/de197272-b81b-41dd-a548-a2eaa4664302/doc/110學年度申辦建教合作班核定科班人數一覽表.csv;https://www.k12ea.gov.tw//files/common_unit/976fe801-a346-4568-83ab-60eeec61ac17/doc/111學年度申辦建教合作班核定科班人數一覽表.csv;https://www.k12ea.gov.tw//files/common_unit/409aaa4f-53fb-4ade-9a8e-7d9df4ad9c6a/doc/112學年度申辦建教合作班核定科班人數一覽表.csv;https://www.k12ea.gov.tw//files/common_unit/4fc02e3a-e2c6-4d53-b0f8-1fc8f18feab4/doc/113學年度申辦建教合作班核定科班人數一覽表.csv;https://www.k12ea.gov.tw//files/common_unit/aa618531-997d-4f96-b9db-4f6dd1588431/doc/114學年度申辦建教合作班核定科班人數一覽表.csv","UTF-8;UTF-8;UTF-8;UTF-8;UTF-8;UTF-8;UTF-8;UTF-8;UTF-8;UTF-8;UTF-8;UTF-8;UTF-8","原始資料","本資料集主要提供各學年度建教合作班核班情形等資訊。","校名;科別;辦理模式;申辦科班;核定招生人數","教育部國民及學前教育署","每1年","政府資料開放授權條款-第1版","","免費","施小姐","04-37061072","2016-01-01 00:00:00","2026-05-14 10:20:42","授權說明網址: http://data.gov.tw/license","75;81;91;83;88;84;74;71;75;89;154;153;130"
"174605","各級學校範圍圖_119分帶","檔案資料","求學及進修","白金","SHP","https://www.tgos.tw/tgos/VirtualDir/Product/d8e02080-95b2-499f-b1e1-fb33dfd6bb90/各級學校範圍圖_119_1150127.zip","UTF-8","系統介接程式","由「臺灣通用電子地圖」之區塊（BLOCK）圖層，擷取「BLOCKTYPE」欄位代碼為1（學校）之資料。","OBJECTID;ID;BLOCKTYPE;BLOCKNAME;YYYYMM;EPSGCode","內政部國土測繪中心","不定期更新","政府資料開放授權條款-第1版","https://www.tgos.tw/MDE/MetaData/CRUD/ViewMetaData?GUID=ea3ff2ee-b5bf-435e-ac67-133e6ccab839&VIEW_TYPE=only&SOURCE=1","免費","吳嘉隆","04-22522966#340","2025-08-21 13:59:34","2026-05-11 23:02:02","","0"
"174606","各級學校範圍圖_121分帶","檔案資料","求學及進修","白金","SHP","https://www.tgos.tw/tgos/VirtualDir/Product/5f346c6b-edde-4fe7-8685-5585c0fb7852/各級學校範圍圖_121_1150409.zip","UTF-8","系統介接程式","由「臺灣通用電子地圖」之區塊（BLOCK）圖層，擷取「BLOCKTYPE」欄位代碼為1（學校）之資料。","OBJECTID;ID;BLOCKTYPE;BLOCKNAME;YYYYMM;EPSGCode","內政部國土測繪中心","不定期更新","政府資料開放授權條款-第1版","https://www.tgos.tw/MDE/MetaData/CRUD/ViewMetaData?GUID=d86fc401-f99d-4638-a268-7e32f8e13b6b&VIEW_TYPE=only&SOURCE=1","免費","吳嘉隆","04-22522966#340","2025-08-21 11:56:33","2026-05-11 23:01:01","","0"
"121228","臺北市社教機構分佈圖(含社區大學)","檔案資料","求學及進修","白金","CSV","https://data.taipei/api/dataset/9c4eab8e-16d2-4693-9535-8969b62857d6/resource/7a3e9fa8-c007-4ee2-af8c-a2ab42fca873/download","UTF-8","系統介接程式","臺北市社教機構聯絡方式、電話、網際網路網址","name;url;addr;tel;fax;lat;lon","臺北市政府教育局","每1年","政府資料開放授權條款-第1版","","免費","黃郁玲","02-27208889#6426","2012-01-04 00:00:00","2026-05-07 13:57:47","","7"
"157943","臺北市立圖書館贈書處理業務","檔案資料","求學及進修","白金","CSV","https://data.taipei/api/dataset/b84ade10-be47-461c-8cb9-bef1f5b42934/resource/069465ab-a62d-4b0f-8138-d533802aac75/download","UTF-8","系統介接程式","提供臺北市立圖書館贈書處理業務","序號;資料類型;數量;轉贈單位;郵遞區號;地址","臺北市政府教育局","不定期更新","政府資料開放授權條款-第1版","","免費","黃郁玲","02-27208889#6426","2022-09-15 00:00:00","2026-05-07 13:55:38","","1"
"157968","110年臺北市金輪獎績優學校名單","檔案資料","求學及進修","白金","CSV","https://data.taipei/api/dataset/8e5b6ff8-624c-4276-af17-88dd0d1becfe/resource/5f0f260a-78b8-495a-95f4-25b53d41e244/download","UTF-8","系統介接程式","提供110年臺北市金輪獎績優學校名單","編號;獎項;校名;縣市別代碼;備註","臺北市政府教育局","不定期更新","政府資料開放授權條款-第1版","","免費","黃愷宜","02-27208889#6422","2022-09-16 00:00:00","2026-05-07 13:55:18","","24"
"157947","110年臺北市金輪獎績優學校導護志工導護教師名單(導護志工)","檔案資料","求學及進修","白金","CSV","https://data.taipei/api/dataset/062cac2e-a7f8-4c25-b667-844e626653c6/resource/b3f97e62-52e3-43d9-a1fb-05e1bec65755/download","UTF-8","系統介接程式","提供110年臺北市金輪獎績優學校導護志工導護教師名單(導護志工)","編號;獎項;姓名;學校;縣市別代碼","臺北市政府教育局","不定期更新","政府資料開放授權條款-第1版","","免費","黃愷宜","02-27208889#6422","2022-09-15 00:00:00","2026-05-07 11:59:39","","13"
"157948","110年臺北市金輪獎績優學校導護志工導護教師名單(導護教師)","檔案資料","求學及進修","白金","CSV","https://data.taipei/api/dataset/7ecc7d19-299c-44ac-bfdd-d6c2722a782d/resource/be385387-fb3e-4b2f-a1bd-9ebb0fc1026f/download","UTF-8","系統介接程式","提供110年臺北市金輪獎績優學校導護志工導護教師名單(導護教師)","編號;獎項;姓名;學校;縣市別代碼","臺北市政府教育局","不定期更新","政府資料開放授權條款-第1版","","免費","黃愷宜","02-27208889#6422","2022-09-15 00:00:00","2026-05-07 11:31:41","","13"
"152846","臺北市各行政區設有校園無障礙電梯之學校數","檔案資料","求學及進修","白金","CSV","https://data.taipei/api/dataset/f3509aa9-01e9-40f9-b853-a88aa852f87b/resource/d5585f6c-9949-4608-89e7-690bf135db23/download","UTF-8","系統介接程式","說明臺北市各行政區設有校園無障礙電梯之學校數","行政區;郵遞區號;設有校園無障礙電梯之學校數;縣市別代碼;備註","臺北市政府教育局","不定期更新","政府資料開放授權條款-第1版","","免費","連瑞琦","02-27208889#3279","2022-05-18 00:00:00","2026-05-07 09:41:52","",""
"168915","圖書館利用情形","檔案資料","求學及進修","白金","CSV","https://data.nantou.gov.tw/dataset/5be7cfc3-c7da-4bc3-a336-9714c90ee314/resource/046e0b33-b3de-44c2-9ad9-1320b01e7304/download/11505.csv","BIG5","系統介接程式","圖書館名稱、服務人口數、圖書資料、非書資料、線上資料庫、光碟資料庫、其他類型資料庫、年度借閱書刊人次、年度借閱書刊冊數、年度到館人次、年度其他到館人次、借閱證申請總數、年度借閱證申請總數","圖書館名稱;行政隸屬;服務人口數;圖書資料;非書資料;線上資料庫;光碟資料庫;其他類型資料庫;年度借閱書刊人次;年度借閱書刊冊數;年度到館人次;年度其他到館人次;借閱證申請總數;年度借閱證申請總數","南投縣政府","不定期更新","政府資料開放授權條款-第1版","","免費","賴力豪","0492221619","2024-05-28 00:00:00","2026-05-06 23:00:29","","0"
"100401","南投縣公共圖書館借還書人次、冊數及辦證數統計","檔案資料","求學及進修","白金","CSV","https://data.nantou.gov.tw/dataset/d9563ca3-d99c-4a8f-a416-78cef2dc8ed3/resource/2cad52e6-b37f-4997-b748-9f27322de230/download/115.csv","BIG5","系統介接程式","南投縣公共圖書館年度借還書人次、冊數及辦證數統計","館名;借閱冊數;借閱人次;年度新辦證數;歷年總辦證數","南投縣政府","不定期更新","政府資料開放授權條款-第1版","","免費","賴力豪","049-2221619轉402","2019-03-27 00:00:00","2026-05-06 23:00:25","","0"
"33513","大專校院原住民學生及畢業生人數—按年級別、等級別與性別分","檔案資料","求學及進修","白金","JSON;CSV","https://stats.moe.gov.tw/files/opendata/indigenous_students_A2-3.json;https://stats.moe.gov.tw/files/opendata/indigenous_students_A2-3.csv","UTF-8;UTF-8","原始資料","提供全臺灣不同學校類別中原住民學生及畢業生的人數，按年級別、等級別和性別進行分類。數據涵蓋了大專校院、空大及進修學校、宗教研修學院，並詳細列出了各年級和等級的學生和畢業生數量。","學年度;學校類別;等級別;性別;一年級學生人數;二年級學生人數;三年級學生人數;四年級學生人數;五年級學生人數;六年級學生人數;七年級學生人數;延修生學生人數;上學年度畢業生人數","教育部統計處","每1年","政府資料開放授權條款-第1版","","免費","潘小姐","02-7736-6381","2016-08-15 00:00:00","2026-05-05 13:48:52","更新頻率說明: 每學年度
授權說明網址: https://data.gov.tw/license","238;238"
"131270","臺北市國中、小學進修部概況","檔案資料","求學及進修","白金","CSV","https://tsis.dbas.gov.taipei/statis/webMain.aspx?sys=220&ymf=5700&kind=21&type=0&funid=a05008701&cycle=4&outmode=12&compmode=0&outkind=1&deflst=2&nzo=1","UTF-8","系統介接程式","臺北市國中、小學進修部概況時間數列統計資料
","統計期;學校數/總計[校];學校數/國立[校];學校數/市立[校];學校數/私立[校];班級數/總計[班];班級數/國立[班];班級數/市立[班];班級數/私立[班];學生數/總計[人];學生數/男[人];學生數/女[人];教師數/總計[人];教師數/男[人];教師數/女[人];上學年度畢業學生數/總計[人];上學年度畢業學生數/男[人];上學年度畢業學生數/女[人]","臺北市政府主計處","每1年","政府資料開放授權條款-第1版","無","免費","吳蔓麗","02-27287626","2020-10-13 00:00:00","2026-05-05 09:30:21","","58"
"168243","新竹市政府開課及參訓人次情形一覽表","檔案資料","求學及進修","白金","XLSX;XLSX;XLSX;CSV;CSV;CSV;XML;XML;XML;JSON;JSON;JSON","https://odws.hccg.gov.tw/001/Upload/25/opendataback/9059/1684/c5525964-09ac-4e9b-a649-b4fa3f10e6d0.xlsx;https://odws.hccg.gov.tw/001/Upload/25/opendataback/9059/1684/dcc15893-b439-4c76-9bf3-eb1a7d174e31.xlsx;https://odws.hccg.gov.tw/001/Upload/25/opendataback/9059/1684/e1573ff7-6848-410c-98ed-e6d0d97f4373.xlsx;https://odws.hccg.gov.tw/001/Upload/25/opendataback/9059/1684/e1573ff7-6848-410c-98ed-e6d0d97f4373.csv;https://odws.hccg.gov.tw/001/Upload/25/opendataback/9059/1684/dcc15893-b439-4c76-9bf3-eb1a7d174e31.csv;https://odws.hccg.gov.tw/001/Upload/25/opendataback/9059/1684/c5525964-09ac-4e9b-a649-b4fa3f10e6d0.csv;https://odws.hccg.gov.tw/001/Upload/25/opendataback/9059/1684/c5525964-09ac-4e9b-a649-b4fa3f10e6d0.xml;https://odws.hccg.gov.tw/001/Upload/25/opendataback/9059/1684/dcc15893-b439-4c76-9bf3-eb1a7d174e31.xml;https://odws.hccg.gov.tw/001/Upload/25/opendataback/9059/1684/e1573ff7-6848-410c-98ed-e6d0d97f4373.xml;https://odws.hccg.gov.tw/001/Upload/25/opendataback/9059/1684/e1573ff7-6848-410c-98ed-e6d0d97f4373.json;https://odws.hccg.gov.tw/001/Upload/25/opendataback/9059/1684/dcc15893-b439-4c76-9bf3-eb1a7d174e31.json;https://odws.hccg.gov.tw/001/Upload/25/opendataback/9059/1684/c5525964-09ac-4e9b-a649-b4fa3f10e6d0.json","UTF-8;UTF-8;UTF-8;UTF-8;UTF-8;UTF-8;UTF-8;UTF-8;UTF-8;UTF-8;UTF-8;UTF-8","系統介接程式","新竹市政府各年度開課及參訓人次情形一覽表(自112年起)","課程類別;實體次數;數位次數;次數;實體時數;數位時數;時數;實體人次;數位人次;人次;實體學習時數;數位學習時數;學習時數","人事處","每1年","政府資料開放授權條款-第1版","","免費","賴冠蒨|","03-5216121#377","2024-04-10 00:00:00","2026-05-04 15:56:44","","0;0;0;0;0;0;0;0;0;0;0;0"
"131264","臺北市高級中等學校僑生、中國大陸及港澳學生概況","檔案資料","求學及進修","白金","CSV","https://tsis.dbas.gov.taipei/statis/webMain.aspx?sys=220&ymf=10500&kind=21&type=0&funid=a05042301&cycle=4&outmode=12&compmode=0&outkind=3&deflst=2&nzo=1","UTF-8","系統介接程式","臺北市高級中等學校僑生、中國大陸及港澳學生概況時間數列統計資料
","統計期;公私立別;性別;學生數/僑生[人];學生數/中國大陸[人];學生數/港澳[人];上學年度畢業生數/僑生[人];上學年度畢業生數/中國大陸[人];上學年度畢業生數/港澳[人]","臺北市政府主計處","每1年","政府資料開放授權條款-第1版","無","免費","吳蔓麗","02-27287626","2020-10-13 00:00:00","2026-05-04 11:47:59","","120"
"46788","大專院校畢業僑生人數─按校別分","檔案資料","求學及進修","白金","CSV","https://oas.ocac.gov.tw/OCAC_openDATA/API/CSV_EXPORT?TableID=A0046788","UTF-8","原始資料","本資料集主要內容包括歷年大專校院畢業僑生人數─按校別分。","民國年;學校;人","僑務委員會","每1年","政府資料開放授權條款-第1版","","免費","孫小姐","02-23272812","2017-07-03 00:00:00","2026-05-04 09:03:37","授權說明網址: http://data.gov.tw/license","701"
"131248","臺北市市立各級學校每生享有教育經費","檔案資料","求學及進修","白金","CSV","https://tsis.dbas.gov.taipei/statis/webMain.aspx?sys=220&ymf=7000&kind=21&type=0&funid=a05010401&cycle=4&outmode=12&compmode=0&outkind=1&deflst=2&nzo=1","UTF-8","系統介接程式","臺北市市立各級學校每生享有教育經費時間數列統計資料
","統計期;大學[新臺幣元];高級中等學校[新臺幣元];高級中學[新臺幣元];職業學校[新臺幣元];國民中學[新臺幣元];國民小學[新臺幣元];幼兒園[新臺幣元]","臺北市政府主計處","每1年","政府資料開放授權條款-第1版","無","免費","吳蔓麗","02-27287626","2020-10-13 00:00:00","2026-05-01 20:15:57","","45"
"28583","原住民族地區國小名錄","檔案資料","求學及進修","白金","CSV;JSON","https://stats.moe.gov.tw/files/opendata/indigenous_new.csv;https://stats.moe.gov.tw/files/opendata/indigenous_new.json","UTF-8;UTF-8","原始資料","本資料集係提供自104學年起各原住民族地區國小名錄資訊，包含縣市、鄉鎮市區、學生總數及各族籍別學生人數等資料","學年度;縣市名稱;鄉鎮市區;學校代碼;學校名稱;公/私立;山地別;學生總數;阿美族原住民學生數;泰雅族原住民學生數;排灣族原住民學生數;布農族原住民學生數;卑南族原住民學生數;鄒(曹)族原住民學生數;魯凱族原住民學生數;賽夏族原住民學生數;雅美族原住民學生數;邵族原住民學生數;噶瑪蘭族原住民學生數;太魯閣族原住民學生數;撒奇萊雅族原住民學生數;賽德克族原住民學生數;拉阿魯哇族原住民學生數;卡那卡那富族原住民學生數;其他原住民學生數","教育部統計處","每1年","政府資料開放授權條款-第1版","","免費","劉小姐","0277366380","2016-04-15 00:00:00","2026-04-30 18:05:34","更新頻率說明: 每學年度
授權說明網址: http://data.gov.tw/license","1000;3700"
"131249","臺北市市立各級學校游泳池概況","檔案資料","求學及進修","白金","CSV","https://tsis.dbas.gov.taipei/statis/webMain.aspx?sys=220&ymf=8700&kind=21&type=0&funid=a05010301&cycle=4&outmode=12&compmode=0&outkind=1&deflst=2&nzo=1","UTF-8","系統介接程式","臺北市市立各級學校游泳池概況時間數列統計資料
","統計期;大學/有泳池學校數[所];大學/游泳池總計座數[座];大學冷水游泳池座數[座];大學/溫水游泳池座數[座];高級中等學校/有泳池學校數[所];高級中等學校/游泳池總計座數[座];高級中等學校/冷水游泳池座數[座];高級中等學校/溫水游泳池座數[座];高級中等學校/游泳檢測通過率[％];高級中學/有泳池學校數[所];高級中學/游泳池總計座數[座];高級中學/冷水游泳池座數[座];高級中學/溫水游泳池座數[座];高級中學/游泳檢測通過率[％];職業學校/有泳池學校數[所];職業學校/游泳池總計座數[座];職業學校/冷水游泳池座數[座];職業學校/溫水游泳池座數[座];職業學校/游泳檢測通過率[％];國民中學/有泳池學校數[所];國民中學/游泳池總計座數[座];國民中學/冷水游泳池座數[座];國民中學/溫水游泳池座數[座];國民中學/游泳檢測通過率[％];國民小學/有泳池學校數[所];國民小學/游泳池總計座數[座];國民小學/冷水游泳池座數[座];國民小學/溫水游泳池座數[座];國民小學/游泳檢測通過率[％]","臺北市政府主計處","每1年","政府資料開放授權條款-第1版","無","免費","吳蔓麗","02-27287626","2020-10-13 00:00:00","2026-04-30 16:33:13","","28"
"131268","臺北市各級學校班級生師比","檔案資料","求學及進修","白金","CSV;CSV","https://tsis.dbas.gov.taipei/statis/webMain.aspx?sys=220&ymf=5700&ymt=10200&kind=21&type=0&funid=a05008901&cycle=4&outmode=12&compmode=0&outkind=3&deflst=2&nzo=1;https://tsis.dbas.gov.taipei/statis/webMain.aspx?sys=220&ymf=10300&kind=21&type=0&funid=a05008902&cycle=4&outmode=12&compmode=0&outkind=3&deflst=2&nzo=1","UTF-8;UTF-8","系統介接程式","臺北市各級學校班級生師比時間數列統計資料
","統計期;設立別;學制別;每班教師數[人];每班學生數[人];生師比[人]","臺北市政府主計處","每1年","政府資料開放授權條款-第1版","無","免費","吳蔓麗","02-27287626","2020-10-13 00:00:00","2026-04-30 16:33:12","","1150;192"
"131274","臺北市各級學校學生數按年級別","檔案資料","求學及進修","白金","CSV;CSV","https://tsis.dbas.gov.taipei/statis/webMain.aspx?sys=220&ymf=9000&ymt=10200&kind=21&type=0&funid=a05008301&cycle=4&outmode=12&compmode=0&outkind=3&deflst=2&nzo=1;https://tsis.dbas.gov.taipei/statis/webMain.aspx?sys=220&ymf=10300&kind=21&type=0&funid=a05008303&cycle=4&outmode=12&compmode=0&outkind=3&deflst=2&nzo=1","UTF-8;UTF-8","系統介接程式","臺北市各級學校學生數按年級別時間數列統計資料
","統計期;公私立別;性別;大學校院/研究所/總計[人];大學校院/研究所/博士班[人];大學校院/研究所/碩士班[人];大學校院/大學部/總計[人];大學校院/大學部/一年級[人];大學校院/大學部/二年級[人];大學校院/大學部/三年級[人];大學校院/大學部/四年級[人];大學校院/大學部/五年級[人];大學校院/大學部/六年級[人];大學校院/大學部/七年級[人];大學校院/大學部/研修生[人];專科學校/總計[人];專科學校/一年級[人];專科學校/二年級[人];專科學校/三年級[人];專科學校/四年級[人];專科學校/五年級[人];專科學校/六年級[人];專科學校/七年級[人];專科學校/研修生[人];高級中學/總計[人];高級中學/一年級[人];高級中學/二年級[人];高級中學/三年級[人];高級中學/研修生[人];職業學校/總計[人];職業學校/一年級[人];職業學校/二年級[人];職業學校/三年級[人];職業學校/四年級[人];職業學校/研修生[人];國民中學/總計[人];國民中學/七年級[人];國民中學/八年級[人];國民中學/九年級[人];國民小學/總計[人];國民小學/一年級[人];國民小學/二年級[人];國民小學/三年級[人];國民小學/四年級[人];國民小學/五年級[人];國民小學/六年級[人]","臺北市政府主計處","每1年","政府資料開放授權條款-第1版","無","免費","吳蔓麗","02-27287626","2020-10-13 00:00:00","2026-04-30 16:33:10","","156;144"
"131272","臺北市各級學校暨幼兒園畢業生數(103年以後)","檔案資料","求學及進修","白金","CSV","https://tsis.dbas.gov.taipei/statis/webMain.aspx?sys=220&ymf=10300&kind=21&type=0&funid=a05008403&cycle=4&outmode=12&compmode=0&outkind=3&deflst=2&nzo=1","UTF-8","系統介接程式","臺北市各級學校暨幼兒園畢業生數(103年以後)時間數列統計資料
","統計期;公私立別;性別;高等學校/總計[人];高等學校/大學校院[人];高等學校/專科學校[人];中等學校/高級中等學校/總計[人];中等學校/高級中等學校/普通科[人];中等學校/高級中等學校/綜合高中[人];中等學校/高級中等學校/專業群[職業科][人];中等學校/高級中等學校/實用技能學程[人];中等學校/高級中等學校/進修部[學校][人];中等學校/國民中學[人];國民小學[人];特殊教育[人]","臺北市政府主計處","每1年","政府資料開放授權條款-第1版","無","免費","吳蔓麗","02-27287626","2020-10-13 00:00:00","2026-04-30 16:33:09","","132"
"131275","臺北市各級學校暨幼兒園學生數(103年以後)","檔案資料","求學及進修","白金","CSV","https://tsis.dbas.gov.taipei/statis/webMain.aspx?sys=220&ymf=10300&kind=21&type=0&funid=a05008203&cycle=4&outmode=12&compmode=0&outkind=3&deflst=2&nzo=1","UTF-8","系統介接程式","臺北市各級學校暨幼兒園學生數(103年以後)時間數列統計資料
","統計期;公私立別;性別;高等學校/總計[人];高等學校/大學校院[人];高等學校/專科學校[人];中等學校/高級中等學校/總計[人];中等學校/高級中等學校/普通科[人];中等學校/高級中等學校/綜合高中[人];中等學校/高級中等學校/專業群[職業科][人];中等學校/高級中等學校/實用技能學程[人];中等學校/高級中等學校/進修部[學校][人];中等學校/國民中學[人];國民小學[人];幼兒園[人];特殊教育[人]","臺北市政府主計處","每1年","政府資料開放授權條款-第1版","無","免費","吳蔓麗","02-27287626","2020-10-13 00:00:00","2026-04-30 16:33:06","","144"
"131280","臺北市各級學校暨幼兒園班級數(103年以後)","檔案資料","求學及進修","白金","CSV","https://tsis.dbas.gov.taipei/statis/webMain.aspx?sys=220&ymf=10300&kind=21&type=0&funid=a05007803&cycle=4&outmode=12&compmode=0&outkind=3&deflst=2&nzo=1","UTF-8","系統介接程式","臺北市各級學校暨幼兒園班級數(103年以後)時間數列統計資料","統計期;公私立別;系所數/高等學校/總計;系所數/高等學校/大學校院;系所數/高等學校/專科學校;科系數/高等學校/大學校院;科系數/高等學校/專科學校;研究所數;班級數/中等學校/總計;班級數/中等學校/高級中等學校/總計;班級數/中等學校/高級中等學校/普通科;班級數/中等學校/高級中等學校/綜合高中;班級數/中等學校/高級中等學校/專業群[職業科];班級數/中等學校/高級中等學校/實用技能學程;班級數/中等學校/高級中等學校/進修部[學校];班級數/中等學校/國民中學;班級數/國民小學;班級數/幼兒園;班級數/特殊教育","臺北市政府主計處","每1年","政府資料開放授權條款-第1版","無","免費","吳蔓麗","02-27287626","2020-10-13 00:00:00","2026-04-30 16:33:05","","48"
"131277","臺北市各級學校暨幼兒園專任職員數","檔案資料","求學及進修","白金","CSV","https://tsis.dbas.gov.taipei/statis/webMain.aspx?sys=220&ymf=5700&kind=21&type=0&funid=a05008101&cycle=4&outmode=12&compmode=0&outkind=3&deflst=2&nzo=1","UTF-8","系統介接程式","臺北市各級學校暨幼兒園專任職員數時間數列統計資料
","統計期;公私立別;性別;高等學校/總計[人];高等學校/大學校院[人];高等學校/專科學校[人];中等學校/總計[人];中等學校/高級中等學校[人];中等學校/高級中學[人];中等學校/職業學校[人];中等學校/國民中學[人];國民小學[人];幼兒園[人];特殊教育[人]","臺北市政府主計處","每1年","政府資料開放授權條款-第1版","無","免費","吳蔓麗","02-27287626","2020-10-13 00:00:00","2026-04-30 16:33:03","","870"
"131278","臺北市各級學校專任教師數暨幼兒園教保服務人員數","檔案資料","求學及進修","白金","CSV","https://tsis.dbas.gov.taipei/statis/webMain.aspx?sys=220&ymf=5700&kind=21&type=0&funid=a05008001&cycle=4&outmode=12&compmode=0&outkind=3&deflst=2&nzo=1","UTF-8","系統介接程式","臺北市各級學校專任教師數暨幼兒園教保服務人員數時間數列統計資料，109學年度起含互助式教保服務中心資料
","統計期;公私立別;性別;教師數/高等學校/總計[人];教師數/高等學校/大學校院[人];教師數/高等學校/專科學校[人];教師數/中等學校/總計[人];教師數/中等學校/高級中等學校[人];教師數/中等學校/高級中學[人];教師數/中等學校/職業學校[人];教師數/中等學校/國民中學[人];教師數/國民小學[人];教師數/特殊教育[人];教保服務人員數/幼兒園[人]","臺北市政府主計處","每1年","政府資料開放授權條款-第1版","無","免費","吳蔓麗","02-27287626","2020-10-13 00:00:00","2026-04-30 16:33:01","","870"
"39054","臺灣學通訊資料庫詮釋資料清單","檔案資料","求學及進修","金","CSV","https://www.ntl.edu.tw/wSite/public/Attachment/643015315671.csv","BIG5","原始資料","提供館藏臺灣學通訊全文檢索之詮釋資料清單","序號;期號;主要題名;系統編號;西元年","國立臺灣圖書館","不定期更新","政府資料開放授權條款-第1版","https://www.ntl.edu.tw/wSite/public/Attachment/643015315671.csv","免費","周小姐","0229266888#5415","2017-02-22 00:00:00","2026-04-30 15:48:07","授權說明網址: http://data.gov.tw/license","1000"
"39053","《臺灣學通訊》主題列表","檔案資料","求學及進修","金","CSV","https://www.ntl.edu.tw/wSite/public/Attachment/643014164971.csv","BIG5","原始資料","求學及進修: 係指各種學習、教育等相關資料集

臺灣學或臺灣史相關學習","序號;刊物名;期數;主題;西元年","國立臺灣圖書館","不定期更新","政府資料開放授權條款-第1版","https://www.ntl.edu.tw/wSite/public/Attachment/47199151471.csv","免費","周小姐","0229266888#5415","2017-02-22 00:00:00","2026-04-30 14:21:04","授權說明網址: http://data.gov.tw/license","147"
"130840","臺北市各級學校淨零綠校園植栽實施計畫概況","檔案資料","求學及進修","白金","CSV","https://tsis.dbas.gov.taipei/statis/webMain.aspx?sys=220&ymf=10600&kind=21&type=0&funid=a05042501&cycle=4&outmode=12&compmode=0&outkind=1&deflst=2&nzo=1","UTF-8","系統介接程式","臺北市各級學校淨零綠校園植栽實施計畫概況時間數列統計資料
","統計期;小小農夫教育體驗學習辦理校數[所];園藝小尖兵示範學園辦理校數[所];造林小園丁辦理校數[所];淨零綠校園植栽實施計畫參與種植人數[人];淨零綠校園植栽實施計畫種植總面積/總計[平方公尺];淨零綠校園植栽實施計畫種植總面積/小小農夫教育體驗學習[平方公尺];淨零綠校園植栽實施計畫種植總面積/園藝小尖兵示範學園[平方公尺];淨零綠校園植栽實施計畫種植總面積/造林小園丁[平方公尺]","臺北市政府主計處","每1年","政府資料開放授權條款-第1版","無","免費","吳蔓麗","02-27287626","2020-10-05 00:00:00","2026-04-30 10:02:56","","9"
"131271","臺北市各級學校校舍暨校地面積","檔案資料","求學及進修","白金","CSV;CSV","https://tsis.dbas.gov.taipei/statis/webMain.aspx?sys=220&ymf=7600&ymt=10200&kind=21&type=0&funid=a05008501&cycle=4&outmode=12&compmode=0&outkind=3&deflst=2&nzo=1;https://tsis.dbas.gov.taipei/statis/webMain.aspx?sys=220&ymf=10300&kind=21&type=0&funid=a05008502&cycle=4&outmode=12&compmode=0&outkind=3&deflst=2&nzo=1","UTF-8;UTF-8","系統介接程式","臺北市各級學校校舍暨校地面積時間數列統計資料
","統計期;公私立別;高級中學/校地[平方公尺];高級中學/校舍/教室[平方公尺];高級中學/校舍/其他[平方公尺];職業學校/校地[平方公尺];職業學校/校舍/教室[平方公尺];職業學校/校舍/其他[平方公尺];國民中學/校地[平方公尺];國民中學/校舍/教室[平方公尺];國民中學/校舍/其他[平方公尺];國民小學/校地[平方公尺];國民小學/校舍/教室[平方公尺];國民小學/校舍/其他[平方公尺]","臺北市政府主計處","每1年","政府資料開放授權條款-第1版","無","免費","吳蔓麗","02-27287626","2020-10-13 00:00:00","2026-04-30 09:59:29","","81;48"
"130915","臺北市各級學校暨幼兒園分布","檔案資料","求學及進修","白金","CSV;CSV;CSV;CSV","https://tsis.dbas.gov.taipei/statis/webMain.aspx?sys=220&ymf=10300&kind=21&type=0&funid=a05007703&cycle=4&outmode=12&compmode=0&outkind=3&deflst=2&nzo=1;https://tsis.dbas.gov.taipei/statis/webMain.aspx?sys=220&ymf=5700&kind=21&type=0&funid=a05007701&cycle=4&outmode=12&compmode=0&outkind=3&deflst=2&nzo=1;https://tsis.dbas.gov.taipei/statis/webMain.aspx?sys=220&ymf=10300&kind=21&type=0&funid=a05007704&cycle=4&outmode=12&compmode=0&outkind=3&deflst=2&nzo=1;https://tsis.dbas.gov.taipei/statis/webMain.aspx?sys=220&ymf=7900&kind=21&type=0&funid=a05007702&cycle=4&outmode=12&compmode=0&outkind=3&deflst=2&nzo=1","UTF-8;UTF-8;UTF-8;UTF-8","系統介接程式","臺北市各級學校暨幼兒園分布時間數列統計資料
","統計期;高等學校/總數;高等學校/大學校院數;高等學校/專科學校數;中等學校/總數;中等學校/高級中等學校數;中等學校/國民中學校數;國民小學校數;幼兒園數;特殊教育學校數","臺北市政府主計處","每1年","政府資料開放授權條款-第1版","無","免費","吳蔓麗","02-27287626","2020-10-07 00:00:00","2026-04-28 23:32:08","","12;46;624;1248"
"138821","臺北市立各級學校電腦設備","檔案資料","求學及進修","白金","CSV","https://tsis.dbas.gov.taipei/statis/webMain.aspx?sys=220&ymf=10300&kind=21&type=0&funid=a05035901&cycle=4&outmode=12&compmode=0&outkind=1&deflst=2&nzo=1","UTF-8","系統介接程式","臺北市立各級學校電腦設備時間數列統計資料
","統計期;各級學校電腦數量[臺];各級學校電腦數量/高級中等學校[臺];各級學校電腦數量/國中[臺];各級學校電腦數量/國小[臺]","臺北市政府主計處","每1年","政府資料開放授權條款-第1版","無","免費","吳蔓麗","02-27287626","2021-03-31 00:00:00","2026-04-28 23:31:06","","12"
"164653","榮民榮眷基金會大學以上就學獎補助金核發統計表","檔案資料","求學及進修","白金","CSV","https://www.vac.gov.tw/files/%E8%B2%A1%E5%9C%98%E6%B3%95%E4%BA%BA%E6%A6%AE%E6%B0%91%E6%A6%AE%E7%9C%B7%E5%9F%BA%E9%87%91%E6%9C%83%E5%A4%A7%E5%AD%B8%E4%BB%A5%E4%B8%8A%E5%B0%B1%E5%AD%B8%E7%8D%8E%E8%A3%9C%E5%8A%A9%E9%87%91%E6%A0%B8%E7%99%BC%E7%B5%B1%E8%A8%88%E8%A1%A8-115.csv","UTF-8","原始資料","提供榮民榮眷基金會大學以上就學獎補助金核發年度、人數、金額、男女比率等相關資訊","學年;人次;金額;男;女","國軍退除役官兵輔導委員會","每1年","政府資料開放授權條款-第1版","https://www.vac.gov.tw/cpview-opendata-28794-43bec628e542400a969f6e98ea7098c4-1.html","免費","潘先生","02-27571637","2023-09-13 00:00:00","2026-04-28 16:03:01","","5"
"121975","臺北e大數位學習107年度報名人次統計","檔案資料","求學及進修","白金","CSV","https://data.taipei/api/dataset/b787fcb0-8ce5-403f-8cd2-cb5e332a7686/resource/db2baee6-7e49-42fb-805b-703489b520d7/download","BIG5","系統介接程式","提供臺北e大107年度報名人次資料","課程主類別;課程副類別;課程次類別;課程名稱;報名人次總計","臺北市政府公務人員訓練處","不定期更新","政府資料開放授權條款-第1版","","免費","李驊泰","02-29320212#653","2019-10-02 00:00:00","2026-04-28 14:26:31","",""
"121454","臺北市政府公務人員訓練處實體班期訓練概況","檔案資料","求學及進修","白金","CSV","https://data.taipei/api/dataset/331641e2-c2e2-4f63-9f15-2ec239a88165/resource/9caa7501-8127-4d2d-817c-be1c5f4caf48/download","BIG5","系統介接程式","提供臺北市政府公務人員訓練處實體班期訓練概況統計資料","年度;班期名稱-期別;期數;結訓人數;結訓-男;結訓-女;訓練期程;訓練人天次;人天次-男;人天次-女","臺北市政府公務人員訓練處","每3月","政府資料開放授權條款-第1版","","免費","李榮昌","02-29320212#567","2015-07-15 00:00:00","2026-04-28 14:25:29","",""
"131255","臺北市高級中等學生異動情形(103學年度以後)","檔案資料","求學及進修","白金","CSV","https://tsis.dbas.gov.taipei/statis/webMain.aspx?sys=220&ymf=10300&kind=21&type=0&funid=a05009803&cycle=4&outmode=12&compmode=0&outkind=3&deflst=2&nzo=1","UTF-8","系統介接程式","臺北市高級中等學生異動情形(103學年度以後)時間數列統計資料
","統計期;公私立別;全體學生數[人];異動學生數/總計/學生數[人];異動學生數/總計/比率[％];異動學生數/轉出[人];異動學生數/休學學生數/合計[人];異動學生數/休學學生數/生病[人];異動學生數/休學學生數/志趣不合[人];異動學生數/休學學生數/經濟困難[人];異動學生數/休學學生數/出國[人];異動學生數/休學學生數/其他[人];異動學生數/放棄廢止及註銷學籍學生數/合計[人];異動學生數/放棄廢止及註銷學籍學生數/主動辦理放棄學籍[人];異動學生數/放棄廢止及註銷學籍學生數/休學期滿[人];異動學生數/放棄廢止及註銷學籍學生數/其他[人];異動學生數/復學[人];異動學生數/轉入[人];異動學生數/輔導延修[人];異動學生數/修業年限期滿[人];異動學生數/未達畢業標準[人];異動學生數/其他[人]","臺北市政府主計處","每1年","政府資料開放授權條款-第1版","無","免費","吳蔓麗","02-27287626","2020-10-13 00:00:00","2026-04-28 14:20:44","","44"
"131250","臺北市高級中等學校新生入學方式(103學年度以後)","檔案資料","求學及進修","白金","CSV","https://tsis.dbas.gov.taipei/statis/webMain.aspx?sys=220&ymf=10300&kind=21&type=0&funid=a05010203&cycle=4&outmode=12&compmode=0&outkind=3&deflst=2&nzo=1","UTF-8","系統介接程式","臺北市高級中等學校新生入學方式(103學年度以後)時間數列統計資料
","統計期;公私立別;總計[人];免試入學/合計[人];免試入學/校內直升[人];免試入學/優先免試入學[人];免試入學/完全免試[人];免試入學/就學區免試[人];免試入學/技優甄審[人];免試入學/免試獨招[人];免試入學/其他[人];特色招生/合計[人];特色招生/考試分發[人];特色招生/甄選入學[人];適性輔導安置[人];其他[人]","臺北市政府主計處","每1年","政府資料開放授權條款-第1版","無","免費","吳蔓麗","02-27287626","2020-10-13 00:00:00","2026-04-28 14:19:08","","48"
"131261","臺北市中等學校畢業生出路(103學年度以後)","檔案資料","求學及進修","白金","CSV","https://tsis.dbas.gov.taipei/statis/webMain.aspx?sys=220&ymf=5700&kind=21&type=0&funid=a05009503&cycle=4&outmode=12&compmode=0&outkind=3&deflst=2&nzo=1","UTF-8","系統介接程式","臺北市中等學校畢業生出路(103學年度以後)時間數列統計資料
","統計期;總計[人];升學/合計[人];升學/大學校院[人];升學/二專[人];升學/軍警學校[人];升學/其他[人];就業/合計[人];就業/農林漁牧業[人];就業/礦業及土石採取業[人];就業/製造業營建工程業[人];就業/用水電力燃氣供應及污染整治業[人];就業/批發及零售業[人];就業/住宿及餐飲業[人];就業/金融保險及不動產業[人];就業/運輸倉儲出版影音及資通訊業[人];就業/專業科學及技術服務業[人];就業/藝術娛樂及休閒服務業[人];就業/公共行政及國防[人];就業/其他[人];閒居[人];其他[人]","臺北市政府主計處","每1年","政府資料開放授權條款-第1版","無","免費","吳蔓麗","02-27287626","2020-10-13 00:00:00","2026-04-28 14:18:08","","11"
"131262","臺北市國小畢業生與國中七年級學生之比較情形","檔案資料","求學及進修","白金","CSV","https://tsis.dbas.gov.taipei/statis/webMain.aspx?sys=220&ymf=5700&kind=21&type=0&funid=a05009401&cycle=4&outmode=12&compmode=0&outkind=3&deflst=2&nzo=1","UTF-8","系統介接程式","臺北市國小畢業生與國中七年級學生之比較情形時間數列統計資料
","統計期;性別;國小畢業生人數[人];國中七年級學生人數[人];國中七年級對上學年國小畢業生百分比[%]","臺北市政府主計處","每1年","政府資料開放授權條款-第1版","無","免費","吳蔓麗","02-27287626","2020-10-13 00:00:00","2026-04-28 14:17:15","","174"
"131267","臺北市中等學校及國小原住民學生數","檔案資料","求學及進修","白金","CSV;CSV","https://tsis.dbas.gov.taipei/statis/webMain.aspx?sys=220&ymf=9000&ymt=10200&kind=21&type=0&funid=a05009001&cycle=4&outmode=12&compmode=0&outkind=3&deflst=2&nzo=1;https://tsis.dbas.gov.taipei/statis/webMain.aspx?sys=220&ymf=10300&kind=21&type=0&funid=a05009003&cycle=4&outmode=12&compmode=0&outkind=3&deflst=2&nzo=1","UTF-8;UTF-8","系統介接程式","臺北市中等學校及國小原住民學生數時間數列統計資料","統計期;公私立別;性別;總計[人];高級中學[人];職業學校[人];國民中學[人];國民小學[人]","臺北市政府主計處","每1年","政府資料開放授權條款-第1版","無","免費","吳蔓麗","02-27287626","2020-10-13 00:00:00","2026-04-28 13:57:46","","156;144"
"131269","臺北市短期補習班概況","檔案資料","求學及進修","白金","CSV","https://tsis.dbas.gov.taipei/statis/webMain.aspx?sys=220&ymf=9100&kind=21&type=0&funid=a05008801&cycle=4&outmode=12&compmode=0&outkind=1&deflst=2&nzo=1","UTF-8","系統介接程式","臺北市短期補習班概況時間數列統計資料
","統計期;總計[家];文理類/合計[家];文理類/文理[家];文理類/語文[家];文理類/法政[家];技藝類/合計[家];技藝類/建築工藝製圖電機及汽車修護[家];技藝類/資訊[家];技藝類/家政插花及烹飪[家];技藝類/縫紉[家];技藝類/美容美髮及理髮[家];技藝類/音樂及舞蹈[家];技藝類/美術書法攝影美工設計及圍棋[家];技藝類/心算珠算及會計[家];技藝類/瑜珈[家];技藝類/游泳[家];技藝類/速讀[家];技藝類/無線電[家];技藝類/其他[家]","臺北市政府主計處","每1年","政府資料開放授權條款-第1版","無","免費","吳蔓麗","02-27287626","2020-10-13 00:00:00","2026-04-28 13:57:01","","24"
"131759","臺北市特殊教育概況","檔案資料","求學及進修","白金","CSV","https://tsis.dbas.gov.taipei/statis/webMain.aspx?sys=220&ymf=5700&kind=21&type=0&funid=a05008601&cycle=4&outmode=12&compmode=0&outkind=1&deflst=2&nzo=1","UTF-8","系統介接程式","臺北市特殊教育概況時間數列統計資料
","統計期;校數[所];教師數[人];教師數/男[人];教師數/女[人];職員數[人];職員數/男[人];職員數/女[人];班級數[班];學生數[人];學生數/男[人];學生數/女[人];學生數/高中及高職部[人];學生數/高中及高職部/男[人];學生數/高中及高職部/女[人];學生數/高中部[人];學生數/高中部/男[人];學生數/高中部/女[人];學生數/高職部[人];學生數/高職部/男[人];學生數/高職部/女[人];學生數/國中[人];學生數/國中/男[人];學生數/國中/女[人];學生數/國小[人];學生數/國小/男[人];學生數/國小/女[人];學生數/幼兒部[人];學生數/幼兒部/男[人];學生數/幼兒部/女[人];上學年度畢業生數[人];上學年度畢業生數/男[人];上學年度畢業生數/女[人];上學年度畢業生數/高中及高職部[人];上學年度畢業生數/高中及高職部/男[人];上學年度畢業生數/高中及高職部/女[人];上學年度畢業生數/國中[人];上學年度畢業生數/國中/男[人];上學年度畢業生數/國中/女[人];上學年度畢業生數/小學[人];上學年度畢業生數/小學/男[人];上學年度畢業生數/小學/女[人];上學年度畢業生數/幼兒部[人];上學年度畢業生數/幼兒部/男[人];上學年度畢業生數/幼兒部/女[人]","臺北市政府主計處","每1年","政府資料開放授權條款-第1版","無","免費","吳蔓麗","02-27287626","2020-10-13 00:00:00","2026-04-28 13:56:18","","58"
"131279","臺北市中等學校及國小班級數按年級別","檔案資料","求學及進修","白金","CSV;CSV","https://tsis.dbas.gov.taipei/statis/webMain.aspx?sys=220&ymf=9000&ymt=10200&kind=21&type=0&funid=a05007901&cycle=4&outmode=12&compmode=0&outkind=3&deflst=2&nzo=1;https://tsis.dbas.gov.taipei/statis/webMain.aspx?sys=220&ymf=10300&kind=21&type=0&funid=a05007903&cycle=4&outmode=12&compmode=0&outkind=3&deflst=2&nzo=1","UTF-8;UTF-8","系統介接程式","臺北市中等學校及國小班級數按年級別時間數列統計資料","統計期;公私立別;班級數/高級中學/總計;班級數/高級中學/一年級;班級數/高級中學/二年級;班級數/高級中學/三年級;班級數/職業學校/總計;班級數/職業學校/一年級;班級數/職業學校/二年級;班級數/職業學校/三年級;班級數/職業學校/四年級;班級數/國民中學/總計;班級數/國民中學/七年級;班級數/國民中學/八年級;班級數/國民中學/九年級;班級數/國民小學/總計;班級數/國民小學/一年級;班級數/國民小學/二年級;班級數/國民小學/三年級;班級數/國民小學/四年級;班級數/國民小學/五年級;班級數/國民小學/六年級","臺北市政府主計處","每1年","政府資料開放授權條款-第1版","無","免費","吳蔓麗","02-27287626","2020-10-13 00:00:00","2026-04-28 13:53:42","","52;48"
"121525","臺北e大數位學習網課程清單","檔案資料","求學及進修","白金","CSV","https://data.taipei/api/dataset/546c73aa-2227-42ae-9072-b2606936cf6b/resource/23d52c24-dd9a-4098-8dc5-0f4aca0d1bbb/download","BIG5","系統介接程式","「臺北e大數位學習網」自90年11月正式開站以來，呈現穩定成長趨勢，目前會員人數已逾147萬人，課程數2,026餘門。
此一資料集係提供可免登入直接觀看之課程清單。","編號;主類別;副類別;次類別;課名;課程介紹連結;選課人數;認證時數","臺北市政府公務人員訓練處","每1年","政府資料開放授權條款-第1版","無","免費","李驊泰","02-29320212#653","2019-10-02 00:00:00","2026-04-28 11:17:06","",""
"57212","嘉義市國小各校兒童課後照顧服務班人數統計","檔案資料","求學及進修","金","CSV","https://data.chiayi.gov.tw/opendata/api/getResource?oid=553891fd-6d4a-4421-a97b-9f295c9ca06d&rid=83bda790-f274-417c-bd5e-0912a96a5229","UTF-8","系統介接程式","為支持婦女婚育及使父母安心就業、促進兒童健康成長，國民小學設有「兒童課後照顧服務班」。本項資料集為提供嘉義市各學年國小各校兒童課後照顧服務班的人數統計。","學校;一年級;二年級;三年級;四年級;五年級;六年級;人數總計","嘉義市政府","每1年","政府資料開放授權條款-第1版","https://data.chiayi.gov.tw","免費","教育處學輔校安科  鄭詣璇","05-2254321分機367","2017-10-18 10:33:24","2026-04-24 17:30:25","","20"
"95735","嘉義市兒童課後照顧服務據點","檔案資料","求學及進修","白金","CSV","https://data.chiayi.gov.tw/opendata/api/getResource?oid=d026ec38-8c2c-4fe9-9595-90849621c727&rid=472d92eb-d985-40fe-b7e8-2de60bd9c8f7","UTF-8","系統介接程式","提供嘉義市兒童課後照顧服務據點","校名;電話;傳真;校址;經度;緯度","嘉義市政府","每1年","政府資料開放授權條款-第1版","https://data.chiayi.gov.tw","免費","教育處學輔校安科 鄭詣璇","05-2254321分機367","2018-11-29 17:05:22","2026-04-24 17:16:03","福利服務行動躍升計畫資料","20"
"52438","嘉義市公私立幼兒園","檔案資料","求學及進修","白金","CSV","https://data.chiayi.gov.tw/opendata/api/getResource?oid=b23345a9-bddc-49b0-a0f3-a5247a5d7310&rid=ed43b4dc-c78b-41be-a6d9-1bacbab5a665","UTF-8","系統介接程式","嘉義市公私立幼兒園名單","屬性;幼兒園名稱;校園長;電話;住址;緯度;經度","嘉義市政府","每1年","政府資料開放授權條款-第1版","https://data.chiayi.gov.tw","免費","教育處特幼教育科  盧慧佳","05-2254321分機366","2017-03-09 12:04:46","2026-04-23 11:52:58","","74"
"177472","臺中市職場互助教保服務中心名冊","檔案資料","求學及進修","白金","CSV","https://newdatacenter.taichung.gov.tw/api/v1/no-auth/resource.download?rid=5011d8ce-43be-4e78-9ed0-49d838edd036","UTF-8","系統介接程式","編號、鄉鎮、幼兒園名稱、幼兒園電話、幼兒園住址、核定總招收人數","編號;縣市;鄉鎮;設立別;幼兒園名稱;幼兒園電話;幼兒園住址;核定總招收人數","臺中市政府教育局","不定期更新","政府資料開放授權條款-第1版","","免費","黃子禎","0422289111*54434","2026-04-22 00:00:00","2026-04-22 17:45:01","臺中市政府OAS標準之API說明文件:https://datacenter.taichung.gov.tw/swagger/yaml/387040000E，Swagger 產生API說明頁面網址。","17"
"177471","臺中市非營利幼兒園名冊","檔案資料","求學及進修","白金","CSV","https://newdatacenter.taichung.gov.tw/api/v1/no-auth/resource.download?rid=7ec6f698-8629-4c46-9cf0-02a6589b6279","UTF-8","系統介接程式","編號、鄉鎮、幼兒園名稱、幼兒園電話、幼兒園住址、核定招收總人數","編號;縣市;鄉鎮;設立別;幼兒園名稱;幼兒園電話;幼兒園住址;核定總招收人數","臺中市政府教育局","不定期更新","政府資料開放授權條款-第1版","","免費","黃子禎","0422289111*54434","2026-04-22 00:00:00","2026-04-22 17:45:00","臺中市政府OAS標準之API說明文件:https://datacenter.taichung.gov.tw/swagger/yaml/387040000E，Swagger 產生API說明頁面網址。","38"
"83668","臺中市私立幼兒園名冊","檔案資料","求學及進修","白金","CSV","https://newdatacenter.taichung.gov.tw/api/v1/no-auth/resource.download?rid=9e20fc7e-985a-44ac-a224-b0cc320b4550","UTF-8","系統介接程式","臺中市私立幼兒園名冊資料","編號;縣市;鄉鎮;設立別;幼兒園名稱;幼兒園電話;幼兒園住址;核定總招收人數","臺中市政府教育局","不定期更新","政府資料開放授權條款-第1版","","免費","黃子禎","22289111+54434","2018-05-28 12:00:00","2026-04-22 17:36:32","臺中市政府OAS標準之API說明文件:https://datacenter.taichung.gov.tw/swagger/yaml/387040000E ，Swagger 產生API說明頁面網址。https://datacenter.taichung.gov.tw/swagger/api-docs/","508"
"83667","臺中市公立幼兒園名冊","檔案資料","求學及進修","白金","CSV","https://newdatacenter.taichung.gov.tw/api/v1/no-auth/resource.download?rid=f409538d-e681-4147-a9e3-c4a95a26f815","UTF-8","系統介接程式","臺中市公立幼兒園名冊資料","編號;縣市;鄉鎮;設立別;幼兒園名稱;幼兒園電話;幼兒園住址;核定總招收人數","臺中市政府教育局","不定期更新","政府資料開放授權條款-第1版","","免費","黃子禎","22289111#54434","2018-05-28 12:00:00","2026-04-22 17:36:31","臺中市政府OAS標準之API說明文件:https://datacenter.taichung.gov.tw/swagger/yaml/387040000E ，Swagger 產生API說明頁面網址。https://datacenter.taichung.gov.tw/swagger/api-docs/","0"
"40160","國立臺灣交響樂團-館藏圖書目錄","檔案資料","求學及進修","金","JSON;XML","https://libm7.moc.gov.tw/webopac/opendata/ntso.json;https://libm7.moc.gov.tw/webopac/opendata/ntso.xml","UTF-8;UTF-8","系統介接程式","擁有國內外音樂圖文影音資料及兒童音樂繪本等豐富館藏","書名(書本名稱);作者(作者名稱);出版單位(出版單位名稱);版次(出版版本);出版年月(出版日期);標題(標題名稱);中文圖書分類法類號(中文圖書分類法類號碼);美國國會分類法類號(美國國會分類法類號碼);杜威十進分類法類號(杜威十進分類法類號碼);ISBN(ISBN號碼);ISSN(ISSN號碼);ISRC(ISRC號碼);單位(館藏單位名稱);資料來源(資料來源連結網址)","國立臺灣交響樂團","不定期更新","政府資料開放授權條款-第1版","","免費","楊芷瑄 小姐","04-23391141#2127","2016-03-02 00:00:00","2026-04-21 15:27:28","","20000;20000"
"14024","國家圖書館臺灣博碩士論文知識加值系統","檔案資料","求學及進修","白金","CSV;CSV;CSV;CSV;CSV;CSV;CSV;CSV;CSV;CSV;CSV;CSV","https://ndltd.ncl.edu.tw/opendata/102ndltd.csv;https://ndltd.ncl.edu.tw/opendata/103ndltd.csv;https://ndltd.ncl.edu.tw/opendata/104ndltd.csv;https://ndltd.ncl.edu.tw/opendata/105ndltd.csv;https://ndltd.ncl.edu.tw/opendata/106ndltd.csv;https://ndltd.ncl.edu.tw/opendata/107ndltd.csv;https://ndltd.ncl.edu.tw/opendata/108ndltd.csv;https://ndltd.ncl.edu.tw/opendata/109ndltd.csv;https://ndltd.ncl.edu.tw/opendata/110ndltd.csv;https://ndltd.ncl.edu.tw/opendata/111ndltd.csv;https://ndltd.ncl.edu.tw/opendata/112ndltd.csv;https://ndltd.ncl.edu.tw/opendata/113ndltd.csv","UTF-8;UTF-8;UTF-8;UTF-8;UTF-8;UTF-8;UTF-8;UTF-8;UTF-8;UTF-8;UTF-8;UTF-8","原始資料","蒐錄我國大專院校之學位論文","論文名稱;論文名稱(外文);學校名稱;系所名稱;畢業學年度;學位類別;作者;指導教授;博碩士論文網址","國家圖書館","每1年","政府資料開放授權條款-第1版","https://ndltd.ncl.edu.tw/","免費","黃小姐","0223619132#870","2015-04-15 00:00:00","2026-04-15 18:09:36","授權說明網址: http://data.gov.tw/license","1000;1000;1000;1000;1000;1000;1000;1000;1000;1000;1000;1000"
"90848","中央研究院吳大猷院長科普講座","檔案資料","求學及進修","金","ODS","https://sec.sinica.edu.tw/archives/0b34181215cc31e3","其他","原始資料","吳大猷院長科普講座","日期;主講人;講題;主持人;影音連結","秘書處","不定期更新","政府資料開放授權條款-第1版","","免費","官小姐","02-27899726","2018-09-07 00:00:00","2026-04-14 17:46:39","","21"
"90841","中央研究院錢思亮院長科普講座","檔案資料","求學及進修","金","ODS","https://sec.sinica.edu.tw/archives/e2188441813ee848","其他","原始資料","錢思亮院長科普講座","日期;主講人;講題;主持人;影音連結","秘書處","不定期更新","政府資料開放授權條款-第1版","","免費","官小姐","02-27899726","2018-09-07 00:00:00","2026-04-14 17:45:14","","22"
"90846","中央研究院朱家驊院長科普講座","檔案資料","求學及進修","金","ODS","https://sec.sinica.edu.tw/archives/d3bded8388603ae1","其他","原始資料","朱家驊院長科普講座","日期;主講人;講題;主持人;影音連結","秘書處","不定期更新","政府資料開放授權條款-第1版","","免費","官小姐","02-27899726","2018-09-07 00:00:00","2026-04-14 17:31:41","","20"
"46646","彰化縣國中小有線網路頻寬統計","檔案資料","求學及進修","白金","CSV","https://email.chcg.gov.tw/df/8xen69h3tz319f2pwvmt69x7zabizy","BIG5","原始資料","彰化縣國中小有線網路頻寬與集縮比資料","縣市別;縣市代碼;學校名稱;電路連接種類;電路頻寬(M)","彰化縣政府教育處","每1年","政府資料開放授權條款-第1版","","免費","蔡先生","04-7237183","2017-06-21 00:00:00","2026-04-13 10:03:49","授權說明網址: http://data.gov.tw/license","214"
"46645","彰化縣國中小無線上網環境資料","檔案資料","求學及進修","白金","CSV","https://email.chcg.gov.tw/df/ytjcbupjmp93uhs2k6snrd3sav7oxx","BIG5","原始資料","彰化縣國中小無線上網環境統計","學校名稱;班級數;學生人數;WIFI環境","彰化縣政府教育處","每1年","政府資料開放授權條款-第1版","","免費","蔡先生","04-7237185","2017-06-21 00:00:00","2026-04-13 10:02:16","授權說明網址: http://data.gov.tw/license","211"
"47508","彰化縣國小兒童課後照顧服務班學生人數","檔案資料","求學及進修","白金","CSV","https://email.chcg.gov.tw/df/ylr1z36666yk6fu6w2m929m35re9p4","UTF-8","原始資料","彰化縣國小兒童課後照顧服務班(低收、身障、原住民及一般生)","序號;學校名稱;地區屬性;補助低收入戶男生人數;補助低收入戶女生人數;補助身心障礙男生人數;補助身心障礙女生人數;補助原住民男生人數;補助原住民女生人數;部分自費情況特殊男生人數;部分自費情況特殊女生人數;完全自費參加男生人數;完全自費參加女生人數;","彰化縣政府教育處","每1年","政府資料開放授權條款-第1版","","免費","張小姐","047531869","2017-07-03 00:00:00","2026-04-13 09:57:43","授權說明網址: http://data.gov.tw/license
資料期間：114學年度","119"
"52297","嘉義市設有特殊教育班級之學校","檔案資料","求學及進修","白金","CSV","https://data.chiayi.gov.tw/opendata/api/getResource?oid=98c0cc96-908e-4240-8017-fb59c41c62ae&rid=d5095c36-998c-4dc4-bc9d-dc846d67c3f4","UTF-8","系統介接程式","設有特殊教育班級之學校","資料彙整機關;學校名稱;連絡電話;傳真;地址;設立別;教育階段;緯度;經度","嘉義市政府","每1年","政府資料開放授權條款-第1版","https://data.chiayi.gov.tw","免費","教育處特幼教育科 盧慧佳","05-2254321分機366","2017-01-18 11:27:16","2026-04-11 17:02:08","福利服務行動躍升計畫資料","29"
"97693","彰化縣教保服務機構名冊","檔案資料","求學及進修","白金","CSV","https://drive.google.com/uc?export=download&id=1WyM1n2aj7spl8jUIjkGKeg22Fz_BtWl7","BIG5","原始資料","彰化縣教保服務機構（幼兒園）名冊","鄉鎮;設立別;幼兒園名稱;幼兒園電話;郵遞區號;地址;核定人數","彰化縣政府教育處","每1年","政府資料開放授權條款-第1版","","免費","施先生","04-7531856","2019-01-17 00:00:00","2026-04-10 07:22:05","","335"
"42711","教育部業務概況報告","檔案資料","求學及進修","白金","CSV","https://ws.moe.edu.tw/Download.ashx?u=LzAwMS9VcGxvYWQvMy9yZWxmaWxlLzc4MjkvOTA0NDQvZmRjNjVmMzQtODZkMi00ZmIzLTk4YjYtNjRkNjY2ZTNiOTI0LmNzdg%3d%3d&n=5q235qyh56uL5rOV6Zmi5qWt5YuZ5qaC5rOB5aCx5ZGKLmNzdg%3d%3d&icon=..csv","BIG5","原始資料","求學及進修","Link;主題;聯絡人;電子信箱","教育部綜合規劃司","每1年","政府資料開放授權條款-第1版","https://ws.moe.edu.tw/Download.ashx?u=C099358C81D4876CAB90DE64CBBFA2971F48C2379E76B57D033C683F57FFC46B3001E8B95EEB854D1E44C0E6761FC8ACF514B79497F41FA6A99B46E31628E1F5CBB563D1EA1CAC2489AE1D8CFA7A3ED7&n=B9D02A7B7E6CCD5991A7C8E590EA322FFAA738CE71BF532B85A12DEBA31ED0349816D8C35DCA3179&icon=..csv;","免費","柯瑛娥","02-77365989","2017-02-24 00:00:00","2026-04-07 16:49:57","授權說明網址: http://data.gov.tw/license","13"
"42582","教育部年度施政方針","檔案資料","求學及進修","白金","CSV","https://ws.moe.edu.tw/Download.ashx?u=LzAwMS9VcGxvYWQvMy9yZWxmaWxlLzc4MjkvOTA0NDIvYTUxODJmNjYtNWRiOS00ZDI1LWE0MWYtMjQ5NmQxMjE4NjZjLmNzdg%3d%3d&n=5q235bm05pa95pS%2f5pa56YedLmNzdg%3d%3d&icon=..csv","BIG5","原始資料","求學集進修","連結;標題;上版日期;聯絡人;電子郵件","教育部綜合規劃司","每1年","政府資料開放授權條款-第1版","","免費","柯瑛娥","02-77365989","2017-02-24 00:00:00","2026-04-07 16:42:32","授權說明網址: http://data.gov.tw/license","13"
"89974","原住民族部落活力計畫各縣市執行成果","檔案資料","求學及進修","白金","JSON;XML;CSV","https://data.cip.gov.tw/API/v1/dump/datastore/A53000000A-107073-001;https://data.cip.gov.tw/API/v1/dump/datastore/A53000000A-107073-002;https://data.cip.gov.tw/API/v1/dump/datastore/A53000000A-107073-003","UTF-8;UTF-8;UTF-8","系統介接程式","106年度原住民族部落活力計畫各縣市執行成果開放資料","Seq(序號);DateListed(資料日期);聚落名稱;執行面向;工作成果","原住民族委員會","不定期更新","政府資料開放授權條款-第1版","","免費","陳逸寧 先生","02-89953107","2018-08-20 00:00:00","2026-04-05 17:16:51","","139;139;139"
"157646","全國族語保母獎勵計畫縣市族語保母及收托幼兒數統計表","檔案資料","求學及進修","白金","JSON;XML;CSV","https://data.cip.gov.tw/API/v1/dump/datastore/A53000000A-111033-001;https://data.cip.gov.tw/API/v1/dump/datastore/A53000000A-111033-002;https://data.cip.gov.tw/API/v1/dump/datastore/A53000000A-111033-003","UTF-8;UTF-8;UTF-8","系統介接程式","110,112年度全國族語保母獎勵計畫縣市族語保母及收托幼兒數統計","Seq(序號);DateListed(資料日期);年度;縣市別;縣市別代碼;保母數;幼兒數;年齡0至1歲幼兒數","原住民族委員會","不定期更新","政府資料開放授權條款-第1版","","免費","高莉婷 先生","(02)89953143","2022-08-31 00:00:00","2026-04-05 17:11:49","","65;65;65"
"137773","臺灣原住民族圖書資訊中心電子報目錄","檔案資料","求學及進修","白金","JSON;XML;CSV","https://data.cip.gov.tw/API/v1/dump/datastore/A53000000A-110018-001;https://data.cip.gov.tw/API/v1/dump/datastore/A53000000A-110018-002;https://data.cip.gov.tw/API/v1/dump/datastore/A53000000A-110018-003","UTF-8;UTF-8;UTF-8","系統介接程式","本資料集包含臺灣原住民族圖書資訊中心發行的電子報目錄，提供電子報的標題、發行日期、內容簡介和相關連結。這些電子報涵蓋原住民族文化、歷史、社會議題等主題，有助於推廣原住民族的文化，方便讀者快速查找和閱讀感興趣的內容","Seq(序號);DateListed(資料日期);項次;項目名稱;上架日期","原住民族委員會","不定期更新","政府資料開放授權條款-第1版","","免費","雅衛依‧撒韻 先生","(02)89953107","2021-03-02 00:00:00","2026-04-05 17:11:33","","229;229;229"
"91837","原住民族籍及族語教師有族語學經驗、通過族語認證人數","檔案資料","求學及進修","白金","JSON;XML;CSV","https://data.cip.gov.tw/API/v1/dump/datastore/A53000000A-107142-001;https://data.cip.gov.tw/API/v1/dump/datastore/A53000000A-107142-002;https://data.cip.gov.tw/API/v1/dump/datastore/A53000000A-107142-003","UTF-8;UTF-8;UTF-8","系統介接程式","105學年度原住民族籍及族語教師有族語學經驗、通過族語認證人數開放資料","Seq(序號);DateListed(資料日期);統計別;族名;總計;高級中等學校_人;國中_人;國小_人","原住民族委員會","不定期更新","政府資料開放授權條款-第1版","","免費","廖芳儀 先生","02-89953086","2018-09-25 00:00:00","2026-04-05 17:09:37","","30;30;30"
"137774","原住民族教育調查統計","檔案資料","求學及進修","白金","JSON;XML;CSV","https://data.cip.gov.tw/API/v1/dump/datastore/A53000000A-110019-001;https://data.cip.gov.tw/API/v1/dump/datastore/A53000000A-110019-002;https://data.cip.gov.tw/API/v1/dump/datastore/A53000000A-110019-003","UTF-8;UTF-8;UTF-8","系統介接程式","Pdf檔，內容包含各學年度各類各級學校原住民族學生就學狀況、升學表現，以及各級學校原住民族籍教師比率分佈、原住民族地區學校的現況與需求、原住民族學生族語能力等狀況。","Seq(序號);DateListed(資料日期);年度;項目;檔案pdf","原住民族委員會","不定期更新","政府資料開放授權條款-第1版","","免費","邱冠儒 先生","(02)89953065","2021-03-02 00:00:00","2026-04-05 16:55:53","","6;6;6"
"137720","臺灣原住民族圖書資訊中心研究資源目錄","檔案資料","求學及進修","白金","JSON;XML;CSV","https://data.cip.gov.tw/API/v1/dump/datastore/A53000000A-110017-001;https://data.cip.gov.tw/API/v1/dump/datastore/A53000000A-110017-002;https://data.cip.gov.tw/API/v1/dump/datastore/A53000000A-110017-003","UTF-8;UTF-8;UTF-8","系統介接程式","本資料集涵蓋臺灣原住民族圖書資訊中心的研究資源目錄，包含各類文獻、報告、論文及多媒體資源，並說明其開放範圍和使用條件。這些資源提供原住民族文化、歷史、語言及社會研究的豐富材料，有助於學術研究及教育推廣，方便使用者查詢和利用相關資料。","Seq(序號);DateListed(資料日期);序號;項目名稱;開放程度","原住民族委員會","不定期更新","政府資料開放授權條款-第1版","","免費","邱連春 先生","02-89953133","2021-03-02 00:00:00","2026-04-05 16:52:10","","43;43;43"
"93931","原住民族大專畢業生就讀學門人數","檔案資料","求學及進修","白金","JSON;XML;CSV","https://data.cip.gov.tw/API/v1/dump/datastore/A53000000A-107150-001;https://data.cip.gov.tw/API/v1/dump/datastore/A53000000A-107150-002;https://data.cip.gov.tw/API/v1/dump/datastore/A53000000A-107150-003","UTF-8;UTF-8;UTF-8","系統介接程式","統計全體及原住民族之大專學生畢業生於各學門畢業之人數，並依性別分別統計。","Seq(序號);DateListed(資料日期);學年度;學門別;全體學生畢業人數;全體學生比率;原住民族學生畢業人數;原住民族學生比率","原住民族委員會","不定期更新","政府資料開放授權條款-第1版","","免費","廖芳儀 先生","02-89953065","2018-10-22 00:00:00","2026-04-05 16:51:47","","24;24;24"
"93929","原住民族學生國中及高級中等學校畢業生升學與就業情形","檔案資料","求學及進修","白金","JSON;XML;CSV","https://data.cip.gov.tw/API/v1/dump/datastore/A53000000A-107153-001;https://data.cip.gov.tw/API/v1/dump/datastore/A53000000A-107153-002;https://data.cip.gov.tw/API/v1/dump/datastore/A53000000A-107153-003","UTF-8;UTF-8;UTF-8","系統介接程式","各類國中及高級中等學校之畢業生升學、就業、未升學未就業及其他之人數統計。","Seq(序號);DateListed(資料日期);學年度;學制項目;總計人數;升學人數;就業人數;未升學未就業人數;其他人數;總計百分比;升學百分比;就業百分比;未升學未就業百分比;其他百分比","原住民族委員會","不定期更新","政府資料開放授權條款-第1版","","免費","廖芳儀 先生","02-89953065","2018-10-22 00:00:00","2026-04-05 16:51:40","","8;8;8"
"145163","原住民族族語認證測驗各身分性別通過人數統計","檔案資料","求學及進修","白金","JSON;XML;CSV","https://data.cip.gov.tw/API/v1/dump/datastore/A53000000A-110066-001;https://data.cip.gov.tw/API/v1/dump/datastore/A53000000A-110066-002;https://data.cip.gov.tw/API/v1/dump/datastore/A53000000A-110066-003","UTF-8;UTF-8;UTF-8","系統介接程式","歷年原住民族語言能力認證測驗通過統計資料，包含報名人數、報考人數及通過人數，並依性別分別統計。","Seq(序號);DateListed(資料日期);年度;級別;身分別;性別;性別代碼;報名人數;應試人數;通過人數","原住民族委員會","不定期更新","政府資料開放授權條款-第1版","","免費","邱冠儒 先生","(02)89953065","2021-10-06 00:00:00","2026-04-05 16:51:25","","68;68;68"
"164514","原住民族委員會獎助大專校院原住民學生獲獎人數及金額統計","檔案資料","求學及進修","白金","JSON;XML;CSV","https://data.cip.gov.tw/API/v1/dump/datastore/A53000000A-112052-001;https://data.cip.gov.tw/API/v1/dump/datastore/A53000000A-112052-002;https://data.cip.gov.tw/API/v1/dump/datastore/A53000000A-112052-003","UTF-8;UTF-8;UTF-8","系統介接程式","獎助大專校院原住民族學生獲獎人數及金額統計。金額單位：元。本會自104年起將中低收入戶學生納入不受名額限制之對象。包含:每學期獲獎總人數、核發獎助學金合計金額。","Seq(序號);DateListed(資料日期);民國年;學期;獎助項目;獲獎人數;金額","原住民族委員會","不定期更新","政府資料開放授權條款-第1版","","免費","邱冠儒 先生","(02)89953065","2023-07-29 00:00:00","2026-04-05 16:51:11","","90;90;90"
"93932","大專院校原住民族獎助學金各獲獎類別學生族別統計","檔案資料","求學及進修","白金","JSON;XML;CSV","https://data.cip.gov.tw/API/v1/dump/datastore/A53000000A-107149-001;https://data.cip.gov.tw/API/v1/dump/datastore/A53000000A-107149-002;https://data.cip.gov.tw/API/v1/dump/datastore/A53000000A-107149-003","UTF-8;UTF-8;UTF-8","系統介接程式","原住民族學生於大專院校105學年度第二學期及106學年度第一學期獎助學金領取人數","Seq(序號);DateListed(資料日期);學年度;學期別;族別;獎學金人數;一般助學金;中低助學金;低收助學金","原住民族委員會","不定期更新","政府資料開放授權條款-第1版","","免費","陳盈璇 先生","02-89953065","2018-10-22 00:00:00","2026-04-05 16:49:31","","32;32;32"
"137719","臺灣原住民族圖書資訊中心典藏書目總數","檔案資料","求學及進修","白金","JSON;XML;CSV","https://data.cip.gov.tw/API/v1/dump/datastore/A53000000A-110016-001;https://data.cip.gov.tw/API/v1/dump/datastore/A53000000A-110016-002;https://data.cip.gov.tw/API/v1/dump/datastore/A53000000A-110016-003","UTF-8;UTF-8;UTF-8","系統介接程式","臺灣原住民族圖書資訊中心典藏書目總數，分類統計。
網站網址：https://tiprc.apc.gov.tw/resource/","Seq(序號);DateListed(資料日期);分類;數量","原住民族委員會","不定期更新","政府資料開放授權條款-第1版","","免費","邱連春 先生","(02)89953133","2021-03-02 00:00:00","2026-04-05 16:49:25","","5;5;5"
"156616","族語聚會所據點統計","檔案資料","求學及進修","白金","JSON;XML;CSV","https://data.cip.gov.tw/API/v1/dump/datastore/A53000000A-111022-001;https://data.cip.gov.tw/API/v1/dump/datastore/A53000000A-111022-002;https://data.cip.gov.tw/API/v1/dump/datastore/A53000000A-111022-003","UTF-8;UTF-8;UTF-8","系統介接程式","全國語言推廣人員工作成果統計表-109年至111年度族語聚會所據點統計","Seq(序號);DateListed(資料日期);年度;區域;縣市別代碼;據點數","原住民族委員會","不定期更新","政府資料開放授權條款-第1版","","免費","邱冠儒 先生","(02)89953065","2022-07-22 00:00:00","2026-04-05 16:49:01","","54;54;54"
"156612","全國語言推廣人員工作成果語料採集與紀錄則數統計","檔案資料","求學及進修","白金","JSON;XML;CSV","https://data.cip.gov.tw/API/v1/dump/datastore/A53000000A-111019-001;https://data.cip.gov.tw/API/v1/dump/datastore/A53000000A-111019-002;https://data.cip.gov.tw/API/v1/dump/datastore/A53000000A-111019-003","UTF-8;UTF-8;UTF-8","系統介接程式","108年至111年度全國語言推廣人員工作成果-語料採集與紀錄則數統計","Seq(序號);DateListed(資料日期);年度;區域;縣市別代碼;採集數","原住民族委員會","不定期更新","政府資料開放授權條款-第1版","","免費","邱冠儒 先生","(02)89953065","2022-07-22 00:00:00","2026-04-05 16:48:22","","72;72;72"
"156614","族語學習家庭戶數及人數統計","檔案資料","求學及進修","白金","JSON;XML;CSV","https://data.cip.gov.tw/API/v1/dump/datastore/A53000000A-111021-001;https://data.cip.gov.tw/API/v1/dump/datastore/A53000000A-111021-002;https://data.cip.gov.tw/API/v1/dump/datastore/A53000000A-111021-003","UTF-8;UTF-8;UTF-8","系統介接程式","110,111年度全國語言推廣人員工作成果統計表-族語學習家庭戶數及人數統計.其中:「已設人數」是指該年度各地方政府已設置語推人員之人數","Seq(序號);DateListed(資料日期);年度;縣市;縣市別代碼;已置人數;族別;族語學習家庭戶數;族語學習家庭人數","原住民族委員會","不定期更新","政府資料開放授權條款-第1版","","免費","邱冠儒 先生","(02)89953065","2022-07-22 00:00:00","2026-04-05 16:48:13","","36;36;36"
"151915","國民中小學清寒原住民學生助學金核發統計表","檔案資料","求學及進修","白金","JSON;XML;CSV","https://data.cip.gov.tw/API/v1/dump/datastore/A53000000A-110013-001;https://data.cip.gov.tw/API/v1/dump/datastore/A53000000A-110013-002;https://data.cip.gov.tw/API/v1/dump/datastore/A53000000A-110013-003","UTF-8;UTF-8;UTF-8","系統介接程式","年度國民中小學清寒原住民學生助學金核發統計表，金額單位為元","Seq(序號);DateListed(資料日期);年度;核發人數;金額","原住民族委員會","不定期更新","政府資料開放授權條款-第1版","","免費","邱冠儒 先生","(02)89953065","2021-03-01 00:00:00","2026-04-05 16:45:01","","8;8;8"
"156613","族語E樂園數位族語學習資源統計表","檔案資料","求學及進修","白金","JSON;XML;CSV","https://data.cip.gov.tw/API/v1/dump/datastore/A53000000A-111020-001;https://data.cip.gov.tw/API/v1/dump/datastore/A53000000A-111020-002;https://data.cip.gov.tw/API/v1/dump/datastore/A53000000A-111020-003","UTF-8;UTF-8;UTF-8","系統介接程式","110年族語E樂園數位族語學習資源統計表","Seq(序號);DateListed(資料日期);年度;序號;學習資源;數量;語別數;小計;級別","原住民族委員會","不定期更新","政府資料開放授權條款-第1版","","免費","邱冠儒 先生","(02)89953065","2022-07-22 00:00:00","2026-04-05 16:44:25","","21;21;21"
"90849","中央研究院胡適院長科普講座","檔案資料","求學及進修","金","ODS","https://sec.sinica.edu.tw/archives/0492fcb1243c5361","其他","原始資料","胡適院長科普講座","日期;主講人;講題;主持人;影音連結","秘書處","不定期更新","政府資料開放授權條款-第1版","","免費","官小姐","02-27899726","2018-09-07 00:00:00","2026-04-02 16:55:04","","21"
"89890","中央研究院王世杰院長科普講座","檔案資料","求學及進修","金","ODS","https://sec.sinica.edu.tw/archives/77855b69dc347c1b","其他","原始資料","王世杰院長科普講座","日期;主講人;講題;主持人;影音連結","秘書處","不定期更新","政府資料開放授權條款-第1版","","免費","官小姐","02-27899726","2018-08-22 00:00:00","2026-04-02 16:46:43","","22"
"90847","中央研究院蔡元培院長科普講座","檔案資料","求學及進修","金","ODS","https://sec.sinica.edu.tw/archives/95d61201ee016504","其他","原始資料","蔡元培院長科普講座","日期;主講人;講題;主持人;影音連結","秘書處","不定期更新","政府資料開放授權條款-第1版","","免費","官小姐","02-27899726","2018-09-07 00:00:00","2026-04-02 16:40:48","","23"
"109145","中央研究院跨縣市科普演講-中研講堂","檔案資料","求學及進修","金","ODS","https://sec.sinica.edu.tw/archives/21a61eefc8f876d1","其他","原始資料","中央研究院跨縣市科普演講","日期;主講人;講題;主持人;影音連結","秘書處","不定期更新","政府資料開放授權條款-第1版","","免費","官小姐","02-27899726","2019-10-15 00:00:00","2026-04-02 16:37:00","","28"
"144734","中研院研之有物電子報","檔案資料","求學及進修","金","ODS","https://sec.sinica.edu.tw/archives/d0e3eef71d085222","其他","原始資料","電子報","發行日期;期數;標題;網址","秘書處","不定期更新","政府資料開放授權條款-第1版","","免費","官小姐","02-27899726","2021-09-10 00:00:00","2026-04-02 16:33:08","","100"
"91475","中央研究院院訊","檔案資料","求學及進修","金","ODS","https://sec.sinica.edu.tw/archives/c3bc33439d74df09","其他","原始資料","院訊電子報","發行日期;期數;網址","秘書處","不定期更新","政府資料開放授權條款-第1版","","免費","官小姐","02-27899726","2018-09-14 00:00:00","2026-04-02 16:27:52","","100"
"91555","中央研究院院區開放暨主題科普演講","檔案資料","求學及進修","金","ODS","https://sec.sinica.edu.tw/archives/2e4eaf94a1adce55","其他","原始資料","院區開放","資料主題;講題;講者;連結","秘書處","不定期更新","政府資料開放授權條款-第1版","","免費","官小姐","02-27899726","2018-09-18 00:00:00","2026-04-02 16:18:52","","15"
"38292","南投縣學區劃分表","檔案資料","求學及進修","無(白名單)","PDF;PDF;PDF;PDF","https://data.nantou.gov.tw/dataset/31775505-f06e-4550-bb93-9d039b68afdd/resource/4d4fee0d-ccd6-4e85-bf4b-7971a8a5c065/download/114.pdf;https://data.nantou.gov.tw/dataset/31775505-f06e-4550-bb93-9d039b68afdd/resource/c8984e5d-c8e3-421c-a0ca-57dbe56b6386/download/114.pdf;https://data.nantou.gov.tw/dataset/31775505-f06e-4550-bb93-9d039b68afdd/resource/ba4aa724-51c8-414a-aae7-9005b8bc3675/download/115.pdf;https://data.nantou.gov.tw/dataset/31775505-f06e-4550-bb93-9d039b68afdd/resource/ffb44c93-5376-4967-874c-be7d67ced34e/download/115.pdf","UTF-8;UTF-8;UTF-8;UTF-8","系統介接程式","學區劃分表","鄉鎮名稱;校名;學區劃分(里．鄰別)","南投縣政府","每6年","政府資料開放授權條款-第1版","","免費","莊宗翰","049-2222106#1321","2014-09-17 00:00:00","2026-04-01 23:00:37","","0;0;0;0"
"177318","大學校院招生報考與錄取人數","檔案資料","求學及進修","白金","CSV;JSON","https://stats.moe.gov.tw/files/opendata/106_25.csv;https://stats.moe.gov.tw/files/opendata/106_25.json","UTF-8;UTF-8","原始資料","提供各入學管道之大學校院招生報考與錄取人數","學年度;招生及錄取類型;個人申請男人數;個人申請女人數;申請入學男人數;申請入學女人數;學校推薦男人數;學校推薦女人數;繁星推薦男人數;繁星推薦女人數;考試分發男人數;考試分發女人數;分發入學男人數;分發入學女人數","教育部統計處","每1年","政府資料開放授權條款-第1版","","免費","鄭靜芬","(02)77365753","2026-03-30 00:00:00","2026-03-30 16:25:06","更新頻率說明: 每學年度
授權說明網址: http://data.gov.tw/license","36;36"
"176685","雲林縣政府115年度青年社團發展補助計畫補助名單(按月份分-1月)","檔案資料","求學及進修","金","XLSX;CSV;XML;JSON","https://ws.yunlin.gov.tw/001/Upload/539/opendata/0/2367/9760db0d-9ab4-4467-a764-ad9e56f70685.xlsx;https://ws.yunlin.gov.tw/001/Upload/539/opendata/0/2367/9760db0d-9ab4-4467-a764-ad9e56f70685.csv;https://ws.yunlin.gov.tw/001/Upload/539/opendata/0/2367/9760db0d-9ab4-4467-a764-ad9e56f70685.xml;https://ws.yunlin.gov.tw/001/Upload/539/opendata/0/2367/9760db0d-9ab4-4467-a764-ad9e56f70685.json","UTF-8;UTF-8;UTF-8;UTF-8","系統介接程式","115年度青年社團發展補助計畫補助名單(按月份分-1月)","計畫編號;申請單位;申請補助項目;計畫總經費;自籌經費;申請補助經費;核准補助經費;核銷經費","雲林縣政府","每1月","政府資料開放授權條款-第1版","","免費","蔡小姐","05-5523622","2026-02-02 00:00:00","2026-03-26 08:19:25","","0;0;0;0"
"177299","雲林縣政府115年度青年社團發展補助計畫補助名單(按月份分-2月)","檔案資料","求學及進修","白金","XLSX;CSV;XML;JSON","https://ws.yunlin.gov.tw/001/Upload/539/opendata/0/2406/e49c7dff-072a-4283-b2c7-70c36b0af696.xlsx;https://ws.yunlin.gov.tw/001/Upload/539/opendata/0/2406/e49c7dff-072a-4283-b2c7-70c36b0af696.csv;https://ws.yunlin.gov.tw/001/Upload/539/opendata/0/2406/e49c7dff-072a-4283-b2c7-70c36b0af696.xml;https://ws.yunlin.gov.tw/001/Upload/539/opendata/0/2406/e49c7dff-072a-4283-b2c7-70c36b0af696.json","UTF-8;UTF-8;UTF-8;UTF-8","系統介接程式","115年度青年社團發展補助計畫補助名單(按月份分-2月)","計畫編號;申請單位;申請補助項目;計畫總經費;自籌經費;申請補助經費;核准補助經費;核銷經費","雲林縣政府勞工處","每1月","政府資料開放授權條款-第1版","","免費","蔡小姐","05-5523622","2026-03-02 00:00:00","2026-03-26 08:18:04","","0;0;0;0"
"121197","臺北市立動物園_動物資料","檔案資料","求學及進修","白金","CSV","https://data.taipei/api/dataset/5cb73231-b741-48b3-bec3-2ef57bb10029/resource/6afa114d-38a2-4e3c-9cfd-29d3bd26b65b/download","UTF-8","系統介接程式","本資料集提供臺北市立動物園園區之動物導覽整合資訊，藉由文字、圖片、影音等解說媒，融合保育及教育的觀點解說動物的生態習性，帶領社會大眾一同探索野生動物的奧秘。(本資料集開放授權應用內容僅限文字範圍，圖片、聲音及影片等多媒體資訊不在開放授權範圍)","A_Name_Ch;A_Summary;A_Keywords;A_AlsoKnown;A_Longitude;A_Latitude;A_Location;A_POIGroup;A_Name_En;A_Name_Latin;A_Phylum;A_Class;A_Order;A_Family;A_Conservation;A_Distribution;A_Habitat;A_Feature;A_Behavior;A_Diet;A_Crisis;A_Interpretation;A_Theme_Name;A_Theme_URL;A_Adopt;A_Code;A_Pic01_ALT;A_Pic01_URL;A_Pic02_ALT;A_Pic02_URL;A_Pic03_ALT;A_Pic03_URL;A_Pic04_ALT;A_Pic04_URL;A_pdf01_ALT;A_pdf01_URL;A_pdf02_ALT;A_pdf02_URL;A_Voice01_ALT;A_Voice01_URL;A_Voice02_ALT;A_Voice02_URL;A_Voice03_ALT;A_Voice03_URL;A_Vedio_URL;A_Update;A_Cid","臺北市立動物園","每1年","政府資料開放授權條款-第1版","","免費","張珮詩","02-29382300#510","2014-04-15 00:00:00","2026-03-25 09:36:48","本資料集提供愛台北市政雲服務「愛遊動物園」單元介接使用。",""
"38332","內政部役政署職(教)員考試統計報表","檔案資料","求學及進修","白金","ZIP","https://opdadm.moi.gov.tw/api/v1/no-auth/resource/api/dataset/C6E483E6-E914-4408-9964-D564CA40D361/resource/C1981809-D9E7-4B0B-B4B5-1F73AA0933A5/download","UTF-8","系統介接程式","本署職員考試資料係每月由人事資訊系統報表產製，人員之各類考試資料即時更新","序號;年度;name(檔案名);description(描述)","役政司","不定期更新","政府資料開放授權條款-第1版","","免費","莊晴茹","02-85013948","2016-10-27 08:04:37","2026-03-24 15:45:03","有關人事相關業務由本部人事處辦理，原役政署相關資料不更新","0"
"23785","內政部役政署職(教)員學歷統計報表","檔案資料","求學及進修","白金","ZIP","https://opdadm.moi.gov.tw/api/v1/no-auth/resource/api/dataset/57E3D526-3246-4586-A77E-C93D1A3755D5/resource/A87B68FC-C6CF-4386-B6E7-F67D7CD06219/download","UTF-8","系統介接程式","本署職員學歷資料係每月由人事資訊系統報表產製，人員學歷即時更新。","序號;年度;name(檔案名);description(描述)","役政司","不定期更新","政府資料開放授權條款-第1版","","免費","莊晴茹","02-85013948","2015-10-15 16:23:55","2026-03-24 14:41:03","有關人事相關業務由本部人事處辦理，原役政署相關資料不更新 ","0"
"7543","臺南市公共圖書館聯絡資訊","檔案資料","求學及進修","白金","JSON;CSV","https://soa.tainan.gov.tw/Api/Service/Get/34ed6d09-7d3f-4f5d-96d6-888a819d5bd0;https://data.tainan.gov.tw/File/ResourceCsvDownload/34ed6d09-7d3f-4f5d-96d6-888a819d5bd0","UTF-8;UTF-8","系統介接程式","本資料集主要提供臺南市公共圖書館聯絡資訊","Seq(Seq);館別(館別);CountyCode(CountyCode);AreaCode(AreaCode);Village(Village);StreetDoorPlate(StreetDoorPlate);電話(電話);開放時間(開放時間);X坐標(X坐標);Y坐標(Y坐標)","臺南市政府文化局","每年","政府資料開放授權條款-第1版","https://data.tainan.gov.tw/DataSet/Detail/e8a5916f-581d-45e8-8de0-a0f42619e8f7","免費","洪鈺宗","(06)2991111","2015-02-13 08:01:09","2026-03-21 16:29:00","","1;1"
"83666","臺中市立國民中學班級數核定表(105學年度)","檔案資料","求學及進修","白金","CSV;XML;JSON","https://newdatacenter.taichung.gov.tw/api/v1/no-auth/resource.download?rid=2c5c8c04-9bde-4fed-8bd4-54e79ce10654;https://newdatacenter.taichung.gov.tw/api/v1/no-auth/resource.download?rid=35afd8a5-a901-4531-857a-db98d3d40a17;https://newdatacenter.taichung.gov.tw/api/v1/no-auth/resource.download?rid=31cc4226-6932-4418-9c78-749beedc7a5a","UTF-8;UTF-8;UTF-8","系統介接程式","本市國民中學各年級學生數","編號;校名;普通班學生數_104學年度一年級;普通班學生數_104學年度二年級;普通班學生數_104學年度三年級;普通班學生數_104學年度合計;普通班班級數_104學年度一年級;普通班班級數_104學年度二年級;普通班班級數_104學年度三年級;普通班班級數_104學年度合計;普通班學生數_105學年度一年級;普通班學生數_105學年度特殊生酌減數;普通班班級數_105學年度一年級;普通班班級數_105學年度二年級;普通班班級數_105學年度三年級;普通班班級數_105學年度合計;較上一學年度普通班增減數;中介教育資源式中途班;體育班;藝術才能班;特殊班_身心障礙類;特殊班_資賦優異類;總班級數;普通班總人數;一年級每班人數;二年級每班人數;三年級每班人數","臺中市政府教育局","不定期更新","政府資料開放授權條款-第1版","","免費","徐詣璇","22289111#54219","2018-05-28 12:00:00","2026-03-18 17:31:44","臺中市政府OAS標準之API說明文件:https://datacenter.taichung.gov.tw/swagger/yaml/387040000E ，Swagger 產生API說明頁面網址。https://datacenter.taichung.gov.tw/swagger/api-docs/","0;0;0"
"84520","臺中市立國民中學班級數核定表(104年度)","檔案資料","求學及進修","白金","XML;JSON;CSV","https://newdatacenter.taichung.gov.tw/api/v1/no-auth/resource.download?rid=560f5126-c8e1-4a2e-928e-bc8c43e416d4;https://newdatacenter.taichung.gov.tw/api/v1/no-auth/resource.download?rid=7e4dfe4b-e9b0-4ed0-92ee-52d329e113e4;https://newdatacenter.taichung.gov.tw/api/v1/no-auth/resource.download?rid=b8769ebd-ae64-4a7e-b52c-4c2302c45cf6","UTF-8;UTF-8;UTF-8","系統介接程式","104學年度臺中市立國民中學班級數核定表","編號;校名;普通班學生數_103學年度一年級;普通班學生數_103學年度二年級;普通班學生數_103學年度三年級;普通班學生數_103學年度合計;普通班班級數_103學年度一年級;普通班班級數_103學年度二年級;普通班班級數_103學年度三年級;普通班班級數_103學年度合計;普通班學生數_104學年度一年級;普通班學生數_104學年度特殊生酌減數;普通班班級數_104學年度一年級;普通班班級數_104學年度二年級;普通班班級數_104學年度三年級;普通班班級數_104學年度合計;較上一學年度普通班增減數;中介教育資源式中途班;體育班;藝術才能班;特殊班_身心障礙類;特殊班_資賦優異類;總班級數;普通班總人數","臺中市政府教育局","不定期更新","政府資料開放授權條款-第1版","","免費","徐詣璇","22289111+54219","2018-05-28 12:00:00","2026-03-18 17:31:43","臺中市政府OAS標準之API說明文件:https://datacenter.taichung.gov.tw/swagger/yaml/387040000E ，Swagger 產生API說明頁面網址。https://datacenter.taichung.gov.tw/swagger/api-docs/","89;89;89"
"105070","臺中市市立國中各校男女生人數統計(107學年度)","檔案資料","求學及進修","白金","JSON;CSV;XML","https://newdatacenter.taichung.gov.tw/api/v1/no-auth/resource.download?rid=7f4f395b-fcf9-45e0-9402-218ed6e42456;https://newdatacenter.taichung.gov.tw/api/v1/no-auth/resource.download?rid=0bb04557-d05c-4fa8-b40b-dfe5e2b419e5;https://newdatacenter.taichung.gov.tw/api/v1/no-auth/resource.download?rid=fc54e727-ba92-4fe7-9237-3bed4dfe33e1","UTF-8;UTF-8;UTF-8","系統介接程式","107學年度第2學期學生數據","學校代碼;區域;學校名稱;七年級男生數;七年級女生數;七年級班級數;八年級男生數;八年級女生數;八年級班級數;九年級男生數;九年級女生數;九年級班級數;總班級數","臺中市政府教育局","不定期更新","政府資料開放授權條款-第1版","","免費","徐詣璇","0422289111#54219","2019-07-12 15:29:36","2026-03-18 17:31:42","臺中市政府OAS標準之API說明文件:https://datacenter.taichung.gov.tw/swagger/yaml/387040000E ，Swagger 產生API說明頁面網址。https://datacenter.taichung.gov.tw/swagger/api-docs/","68;68;68"
"146539","臺中市非營利幼兒園名錄","檔案資料","求學及進修","白金","CSV","https://newdatacenter.taichung.gov.tw/api/v1/no-auth/resource.download?rid=37fc05e1-628f-49f4-bef8-884821bca87e","UTF-8","系統介接程式","臺中市轄屬非營利幼兒園名錄","﻿縣市別代碼;行政區域代碼;郵遞區號_3碼;姓名;電話","臺中市政府教育局","不定期更新","政府資料開放授權條款-第1版","","免費","沈世珺","04-22289111#54424","2021-11-17 04:55:08","2026-03-18 17:27:39","臺中市政府OAS標準之API說明文件:https://datacenter.taichung.gov.tw/swagger/yaml/387040000E ，Swagger 產生API說明頁面網址。https://datacenter.taichung.gov.tw/swagger/api-docs/","38"
"84170","臺中市市立國小班級數一覽表","檔案資料","求學及進修","白金","CSV;JSON","https://newdatacenter.taichung.gov.tw/api/v1/no-auth/resource.download?rid=4953f9e6-cdf5-4300-b425-021f25fbfb2b;https://newdatacenter.taichung.gov.tw/api/v1/no-auth/resource.download?rid=3cccfaa2-e247-4611-9e93-7c139c8d0d58","UTF-8;UTF-8","系統介接程式","臺中市市立國小班級數","序號;區別;學校名稱;普通班班級總數;體育班數_不列入普通班;藝才班數_不列入普通班","臺中市政府教育局","不定期更新","政府資料開放授權條款-第1版","","免費","黃小姐","04-22289111-54323","2018-05-28 12:00:00","2026-03-18 17:22:23","臺中市政府OAS標準之API說明文件:https://datacenter.taichung.gov.tw/swagger/yaml/387040000E ，Swagger 產生API說明頁面網址。https://datacenter.taichung.gov.tw/swagger/api-docs/","239;239"
"82241","臺中市國小學區劃分表(105學年度)","檔案資料","求學及進修","白金","CSV","https://newdatacenter.taichung.gov.tw/api/v1/no-auth/resource.download?rid=13260136-7d02-4d4c-88e3-f22d2105e5ca","UTF-8","系統介接程式","臺中市國小學區劃分表(105學年度)資料","編號;縣市別代碼;學校名稱;學區範圍_行政區;學區範圍_里鄰;校址;電話聯絡;備註","臺中市政府教育局","不定期更新","政府資料開放授權條款-第1版","","免費","黃小姐","22289111-54323","2018-05-04 03:36:00","2026-03-18 17:22:21","臺中市政府OAS標準之API說明文件:https://datacenter.taichung.gov.tw/swagger/yaml/387040000E ，Swagger 產生API說明頁面網址。https://datacenter.taichung.gov.tw/swagger/api-docs/","0"
"84169","臺中市國民小學學區表(112年度)","檔案資料","求學及進修","白金","CSV","https://newdatacenter.taichung.gov.tw/api/v1/no-auth/resource.download?rid=7dea3695-ade0-46c7-bb81-b883ce6027f5","UTF-8","系統介接程式","臺中市國民小學學區表資料","編號;縣市別代碼;行政區;學校名稱;學區範圍_行政區;學區範圍_里鄰;校址;聯絡電話","臺中市政府教育局","不定期更新","政府資料開放授權條款-第1版","","免費","黃小姐","04-22289111-54323","2018-05-28 12:00:00","2026-03-18 17:22:17","臺中市政府OAS標準之API說明文件:https://datacenter.taichung.gov.tw/swagger/yaml/387040000E ，Swagger 產生API說明頁面網址。https://datacenter.taichung.gov.tw/swagger/api-docs/","0"
"84116","臺中市政府都市發展局職員考試統計報表","檔案資料","求學及進修","白金","JSON;XML;CSV","https://newdatacenter.taichung.gov.tw/api/v1/no-auth/resource.download?rid=27f30e35-e95b-4c93-ad9c-62c69f68142b;https://newdatacenter.taichung.gov.tw/api/v1/no-auth/resource.download?rid=5251cca0-e1a3-4875-81b8-0d0e4ea8b545;https://newdatacenter.taichung.gov.tw/api/v1/no-auth/resource.download?rid=efb7324e-6e2b-4418-9f42-85da119b227f","UTF-8;UTF-8;UTF-8","系統介接程式","臺中市政府都市發展局職員考試","縣市別代碼;機關代碼;類別及職等;高考;普考;特考;其他考試;依其他法令進用人數","臺中市政府都市發展局","不定期更新","政府資料開放授權條款-第1版","","免費","黃琬棋","22289111#65706","2018-05-28 12:00:00","2026-03-18 17:17:16","臺中市政府OAS標準之API說明文件:https://datacenter.taichung.gov.tw/swagger/yaml/387360000G ，Swagger 產生API說明頁面網址。https://datacenter.taichung.gov.tw/swagger/api-docs/","0;0;0"
"90460","30220-02-04-2 臺中市原住民終身學習及文化社教活動辦理情形","檔案資料","求學及進修","白金","JSON;JSON;JSON;JSON;JSON;JSON;JSON;JSON;JSON;JSON","https://newdatacenter.taichung.gov.tw/api/v1/no-auth/resource.download?rid=e61c64da-7a6a-47d4-b90c-1c0559ff0dcd;https://newdatacenter.taichung.gov.tw/api/v1/no-auth/resource.download?rid=e1a43fd3-3ef5-4d95-9507-b34e391aab88;https://newdatacenter.taichung.gov.tw/api/v1/no-auth/resource.download?rid=67280442-462f-45a8-b576-6300e3fdeffa;https://newdatacenter.taichung.gov.tw/api/v1/no-auth/resource.download?rid=4799fc3b-59cc-4784-ae6c-cf98231da4aa;https://newdatacenter.taichung.gov.tw/api/v1/no-auth/resource.download?rid=d59b45f6-fca7-44f0-8ad2-8261210681e7;https://newdatacenter.taichung.gov.tw/api/v1/no-auth/resource.download?rid=1384dbe5-c681-4c4e-81a5-3b8b2bb856cd;https://newdatacenter.taichung.gov.tw/api/v1/no-auth/resource.download?rid=b706041f-8d31-41b9-a265-7cf8266199d6;https://newdatacenter.taichung.gov.tw/api/v1/no-auth/resource.download?rid=f0034c68-3ff1-4b24-bc25-57153fbf74ff;https://newdatacenter.taichung.gov.tw/api/v1/no-auth/resource.download?rid=568bcb6c-4a1f-43f1-a539-1724ff3a52c8;https://newdatacenter.taichung.gov.tw/api/v1/no-auth/resource.download?rid=0af47f22-4a47-403f-b0ed-abfba8dbc742","UTF-8;UTF-8;UTF-8;UTF-8;UTF-8;UTF-8;UTF-8;UTF-8;UTF-8;UTF-8","系統介接程式","有關本市辦理原住民終身學習及文化社教活動之統計","地區;項目;欄位名稱;數值;資料時間日期;資料週期;郵遞區號;機關代碼;電子郵件;行動電話;市話;縣市別代碼;行政區域代碼","臺中市政府原住民族事務委員會","不定期更新","政府資料開放授權條款-第1版","http://opendata.taichung.gov.tw/licenseTerms","免費","林昕銳","04-22289111*50104","2018-09-03 10:55:57","2026-03-18 17:02:17","臺中市政府OAS標準之API說明文件:https://datacenter.taichung.gov.tw/swagger/yaml/387370000A ，Swagger 產生API說明頁面網址。https://datacenter.taichung.gov.tw/swagger/api-docs/","6;6;6;6;6;6;6;6;6;6"
"115897","30220-02-02-2 臺中市原住民學前教育及兒童托育補助情形","檔案資料","求學及進修","白金","JSON;JSON;JSON;JSON;JSON;JSON;JSON;JSON;JSON;JSON;JSON;JSON;JSON;JSON;JSON;JSON","https://newdatacenter.taichung.gov.tw/api/v1/no-auth/resource.download?rid=0581df23-bf53-4f95-936b-080b1bec6012;https://newdatacenter.taichung.gov.tw/api/v1/no-auth/resource.download?rid=f661beb8-1782-42db-8546-e855eaa5f5d8;https://newdatacenter.taichung.gov.tw/api/v1/no-auth/resource.download?rid=704d1a28-db87-4304-b78f-22e81f2e1cb6;https://newdatacenter.taichung.gov.tw/api/v1/no-auth/resource.download?rid=9cec09b2-fe33-4444-90ed-41a4ac0b3fb4;https://newdatacenter.taichung.gov.tw/api/v1/no-auth/resource.download?rid=ada74058-6fc2-40d0-8ae4-b490119bc38a;https://newdatacenter.taichung.gov.tw/api/v1/no-auth/resource.download?rid=66ae9492-57e8-4809-848f-a6cd7223c97c;https://newdatacenter.taichung.gov.tw/api/v1/no-auth/resource.download?rid=ba9c6b58-3f15-4c95-ad40-66cd0d08490e;https://newdatacenter.taichung.gov.tw/api/v1/no-auth/resource.download?rid=e6b58497-c5b5-48a6-93fd-6487063eaa20;https://newdatacenter.taichung.gov.tw/api/v1/no-auth/resource.download?rid=8bf5a7bf-8d1a-420e-b6d9-b4f45aa33d71;https://newdatacenter.taichung.gov.tw/api/v1/no-auth/resource.download?rid=0ef98033-542b-46cb-9f10-e52c745da803;https://newdatacenter.taichung.gov.tw/api/v1/no-auth/resource.download?rid=a50dca9e-cffa-4584-b1a1-fb63df812e04;https://newdatacenter.taichung.gov.tw/api/v1/no-auth/resource.download?rid=1ad8563c-9fe9-47d9-8ccc-8e829aca4f8b;https://newdatacenter.taichung.gov.tw/api/v1/no-auth/resource.download?rid=a647c5ba-55a0-4e7c-902e-bb0cb5bd19ac;https://newdatacenter.taichung.gov.tw/api/v1/no-auth/resource.download?rid=c3ad4445-c180-4457-97c5-051fefc5fa79;https://newdatacenter.taichung.gov.tw/api/v1/no-auth/resource.download?rid=13f32cc8-f364-4441-81c7-4c4ac5142e6b;https://newdatacenter.taichung.gov.tw/api/v1/no-auth/resource.download?rid=ecd0cc9c-c209-41d9-a902-8714708267ac","UTF-8;UTF-8;UTF-8;UTF-8;UTF-8;UTF-8;UTF-8;UTF-8;UTF-8;UTF-8;UTF-8;UTF-8;UTF-8;UTF-8;UTF-8;UTF-8","系統介接程式","本市各公私立幼兒園原住民學前教育及兒童托育補助情形","地區;項目;欄位名稱;數值;資料時間日期;資料週期;郵遞區號;機關代碼;電子郵件;行動電話;市話;縣市別代碼;行政區域代碼","臺中市政府原住民族事務委員會","不定期更新","政府資料開放授權條款-第1版","","付費","陳賀亞","04-22289111+50111","2020-01-31 11:57:41","2026-03-18 16:59:01","臺中市政府OAS標準之API說明文件:https://datacenter.taichung.gov.tw/swagger/yaml/387370000A ，Swagger 產生API說明頁面網址。https://datacenter.taichung.gov.tw/swagger/api-docs/","12;12;12;12;12;12;12;12;12;12;12;12;12;12;12;4"
"84061","臺中市教育基金會","檔案資料","求學及進修","白金","XML;CSV;JSON","https://newdatacenter.taichung.gov.tw/api/v1/no-auth/resource.download?rid=3caa3b27-af44-4fc3-92d6-27bf47340238;https://newdatacenter.taichung.gov.tw/api/v1/no-auth/resource.download?rid=135f6bdd-7265-41a4-a407-4cd38d3275b9;https://newdatacenter.taichung.gov.tw/api/v1/no-auth/resource.download?rid=f60ae789-9b7d-49bf-867f-c2e0bca6f7f0","UTF-8;UTF-8;UTF-8","系統介接程式","臺中市教育基金會檔案資料。","序號;縣市別代碼;基金會名稱;設立日期;核准機關;設立字號;設立登記日期;設立基金總額","臺中市政府教育局","不定期更新","政府資料開放授權條款-第1版","","免費","王小姐","22289111*54521","2018-05-28 12:00:00","2026-03-18 16:56:44","臺中市政府OAS標準之API說明文件:https://datacenter.taichung.gov.tw/swagger/yaml/387040000E ，Swagger 產生API說明頁面網址。https://datacenter.taichung.gov.tw/swagger/api-docs/","0;0;0"
"90125","10420-01-09-2 臺中市國民小學原住民教師數","檔案資料","求學及進修","白金","JSON;JSON;JSON;JSON","https://newdatacenter.taichung.gov.tw/api/v1/no-auth/resource.download?rid=0ca64b02-555a-4b63-b149-75b9da89a548;https://newdatacenter.taichung.gov.tw/api/v1/no-auth/resource.download?rid=171963ed-34dc-4cbd-a954-44c3cdcf4c82;https://newdatacenter.taichung.gov.tw/api/v1/no-auth/resource.download?rid=7d24cd85-8d3b-46cb-a0c5-07060458d4f6;https://newdatacenter.taichung.gov.tw/api/v1/no-auth/resource.download?rid=1a9667ea-aeb1-4152-b7ff-2ef07ca7a794","UTF-8;UTF-8;UTF-8;UTF-8","系統介接程式","臺中市國民小學原住民教師數","地區;項目;欄位名稱;數值;資料時間日期;資料週期;郵遞區號;機關代碼;電子郵件;行動電話;市話;縣市別代碼;行政區域代碼","臺中市政府教育局","不定期更新","政府資料開放授權條款-第1版","http://opendata.taichung.gov.tw/licenseTerms","免費","王慧琳","04-22289111#55835","2018-08-27 08:43:50","2026-03-18 16:56:03","臺中市政府OAS標準之API說明文件:https://datacenter.taichung.gov.tw/swagger/yaml/387040000E ，Swagger 產生API說明頁面網址。https://datacenter.taichung.gov.tw/swagger/api-docs/","102;102;102;102"
"90123","10420-01-07-2 臺中市特殊教育學校原住民教師數","檔案資料","求學及進修","白金","JSON;JSON;JSON;JSON;JSON","https://newdatacenter.taichung.gov.tw/api/v1/no-auth/resource.download?rid=f0296aac-faca-4776-8f2f-3d245f9a3da7;https://newdatacenter.taichung.gov.tw/api/v1/no-auth/resource.download?rid=92e2e0c1-f2bb-434f-ae66-2b60a65f3b64;https://newdatacenter.taichung.gov.tw/api/v1/no-auth/resource.download?rid=dc85c751-daaf-4e13-9791-2f4b25196b6a;https://newdatacenter.taichung.gov.tw/api/v1/no-auth/resource.download?rid=e6f4a8dd-6ecf-475b-8cd7-d27389080c23;https://newdatacenter.taichung.gov.tw/api/v1/no-auth/resource.download?rid=71b4e699-7837-468b-b6eb-4d2315011149","UTF-8;UTF-8;UTF-8;UTF-8;UTF-8","系統介接程式","臺中市特殊教育學校原住民教師數","地區;項目;欄位名稱;數值;資料時間日期;資料週期;郵遞區號;機關代碼;電子郵件;行動電話;市話;縣市別代碼;行政區域代碼","臺中市政府教育局","不定期更新","政府資料開放授權條款-第1版","http://opendata.taichung.gov.tw/licenseTerms","免費","王慧琳","04-22289111#55835","2018-08-27 08:18:27","2026-03-18 16:54:46","臺中市政府OAS標準之API說明文件:https://datacenter.taichung.gov.tw/swagger/yaml/387040000E ，Swagger 產生API說明頁面網址。https://datacenter.taichung.gov.tw/swagger/api-docs/","102;102;102;102;102"
"90035","10420-01-06-2 臺中市高級中等學校原住民教師數","檔案資料","求學及進修","白金","JSON;JSON;JSON;JSON;JSON","https://newdatacenter.taichung.gov.tw/api/v1/no-auth/resource.download?rid=34257ad1-b5d9-4ca2-a181-aa3ddcd63fb2;https://newdatacenter.taichung.gov.tw/api/v1/no-auth/resource.download?rid=f47927e9-171b-41f9-a75d-407674bd8231;https://newdatacenter.taichung.gov.tw/api/v1/no-auth/resource.download?rid=8c64d80e-4e4d-4efc-9270-3a0fa60c18ca;https://newdatacenter.taichung.gov.tw/api/v1/no-auth/resource.download?rid=17b043b2-f269-4608-89a6-0e7718e79f40;https://newdatacenter.taichung.gov.tw/api/v1/no-auth/resource.download?rid=320c8114-d49f-4a53-8e39-b5922d5d9db9","UTF-8;UTF-8;UTF-8;UTF-8;UTF-8","系統介接程式","臺中市高級中等學校原住民教師數","地區;項目;欄位名稱;數值;資料時間日期;資料週期;郵遞區號;機關代碼;電子郵件;行動電話;市話;縣市別代碼;行政區域代碼","臺中市政府教育局","不定期更新","政府資料開放授權條款-第1版","http://opendata.taichung.gov.tw/licenseTerms","免費","王慧琳","04-22289111#55835","2018-08-23 17:08:48","2026-03-18 16:54:00","臺中市政府OAS標準之API說明文件:https://datacenter.taichung.gov.tw/swagger/yaml/387040000E ，Swagger 產生API說明頁面網址。https://datacenter.taichung.gov.tw/swagger/api-docs/","102;102;102;102;102"
"90195","30434-03-02-2 臺中市立各級學校教職員獎懲人次按獎懲狀況分","檔案資料","求學及進修","白金","JSON","https://newdatacenter.taichung.gov.tw/api/v1/no-auth/resource.download?rid=16fa3e43-5eb2-42a5-a824-1ae0bb773bf9","UTF-8","系統介接程式","＊	統計分類：
(一)依獎勵、懲處、專案考績、懲戒分類，獎勵又細分嘉獎、記功、記一大功、服務獎章，懲處又細分申誡、記過、記一大過，專案考績又細分一次記二大功、一次記二大過，懲戒又細分免除職務、撤職、剝奪、減少退休(職、伍)金、休職、降級、減俸、罰款、記過、申誡。
(二)依民選首長、政務人員、簡任(派)、薦任(派)、委任(派)、雇員、醫事人員、教師(含校長)、警監、警正、警佐分類並細分男、女性。","地區;項目;欄位名稱;數值;資料時間日期;資料週期;郵遞區號;機關代碼;電子郵件;行動電話;市話;縣市別代碼;行政區域代碼","臺中市政府教育局","不定期更新","政府資料開放授權條款-第1版","http://opendata.taichung.gov.tw/licenseTerms","免費","王慧琳","04-22289111#55835","2018-08-27 14:31:44","2026-03-18 16:53:47","臺中市政府OAS標準之API說明文件:https://datacenter.taichung.gov.tw/swagger/yaml/387040000E ，Swagger 產生API說明頁面網址。https://datacenter.taichung.gov.tw/swagger/api-docs/","561"
"90124","10420-01-08-2 臺中市國民中學原住民教師數","檔案資料","求學及進修","白金","JSON;JSON;JSON;JSON","https://newdatacenter.taichung.gov.tw/api/v1/no-auth/resource.download?rid=a1157b28-93fe-4e7d-ac65-7f2101bf957c;https://newdatacenter.taichung.gov.tw/api/v1/no-auth/resource.download?rid=6f0c98da-9266-4624-bff3-4af1146ffbb8;https://newdatacenter.taichung.gov.tw/api/v1/no-auth/resource.download?rid=efa7d222-3de8-42f2-8bec-f0cc64ea31d4;https://newdatacenter.taichung.gov.tw/api/v1/no-auth/resource.download?rid=5a714558-00d7-460e-9d5b-55c632c8ff0e","UTF-8;UTF-8;UTF-8;UTF-8","系統介接程式","臺中市國民中學原住民教師數","地區;項目;欄位名稱;數值;資料時間日期;資料週期;郵遞區號;機關代碼;電子郵件;行動電話;市話;縣市別代碼;行政區域代碼","臺中市政府教育局","不定期更新","政府資料開放授權條款-第1版","http://opendata.taichung.gov.tw/licenseTerms","免費","王慧琳","04-22289111#55835","2018-08-27 08:23:37","2026-03-18 16:52:58","臺中市政府OAS標準之API說明文件:https://datacenter.taichung.gov.tw/swagger/yaml/387040000E ，Swagger 產生API說明頁面網址。https://datacenter.taichung.gov.tw/swagger/api-docs/","0;0;0;0"
"91935","臺中市長青學苑課程資料","檔案資料","求學及進修","白金","XML;JSON;CSV","https://newdatacenter.taichung.gov.tw/api/v1/no-auth/resource.download?rid=5adc95db-3120-4f8a-b5d0-2204e041a4b0;https://newdatacenter.taichung.gov.tw/api/v1/no-auth/resource.download?rid=05579569-e47f-430c-ac90-36396ebc73ce;https://newdatacenter.taichung.gov.tw/api/v1/no-auth/resource.download?rid=6c8c4985-81c3-44c1-98e9-c9e5062f3dbf","UTF-8;UTF-8;UTF-8","系統介接程式","依據老人福利法第26條辦理 ","說明欄;課程代號;年度;機關;單位;管理單位;開課單位;開課承辦單位;課程形式;課程形式其他說明;課程類別;課程類別其他說明;年齡以上;年齡以下;課程名稱;課程簡介;課程資格;課程資格其他說明;上課地點行政區;上課地點行政區其他說明;地址;行政區;X坐標;Y坐標;上課地點地點名稱;上課日期起;上課日期迄;上課星期;報名日期起;報名日期迄;下次報名預告;講師名稱;講師簡介;費用;自費說明;招生名額;課程狀態;時數說明;總時數;連絡電話;連絡手機;線上報名網址;相關網址;備註","臺中市政府社會局","不定期更新","政府資料開放授權條款-第1版","https://old65.taichung.gov.tw/","免費","楊璧慈","04-22289111*37451","2018-09-27 16:09:27","2026-03-18 16:50:32","臺中市政府OAS標準之API說明文件:https://datacenter.taichung.gov.tw/swagger/yaml/，Swagger 產生API說明頁面網址。https://datacenter.taichung.gov.tw/swagger/api-docs/","1885;1885;1885"
"83907","臺中市各國小校園開放時間","檔案資料","求學及進修","白金","JSON;CSV;XML","https://newdatacenter.taichung.gov.tw/api/v1/no-auth/resource.download?rid=46281706-056f-420a-ba96-bd8e0b888403;https://newdatacenter.taichung.gov.tw/api/v1/no-auth/resource.download?rid=25fcee16-d485-487f-8cd7-5d73c3a6c4b9;https://newdatacenter.taichung.gov.tw/api/v1/no-auth/resource.download?rid=f8eaf63b-7776-4c5d-9bef-dc284c8b936d","UTF-8;UTF-8;UTF-8","系統介接程式","臺中市各國小校園開放時間檔案","編號;縣市別代碼;機關代碼;區別;學校名稱;項目;是否延長開放;上課日;國定假日及例假日;寒暑假;無法調整開放的理由_已配合調整請填0","臺中市政府教育局","不定期更新","政府資料開放授權條款-第1版","","免費","廖廷恩","22289111-54312","2018-05-28 12:00:00","2026-03-18 16:41:23","臺中市政府OAS標準之API說明文件:https://datacenter.taichung.gov.tw/swagger/yaml/387040000E ，Swagger 產生API說明頁面網址。https://datacenter.taichung.gov.tw/swagger/api-docs/","0;0;0"
"83903","臺中市立案補習班資料","檔案資料","求學及進修","白金","JSON;XML;CSV","https://newdatacenter.taichung.gov.tw/api/v1/no-auth/resource.download?rid=c2c3e17b-99e4-464e-8899-f40946d5da9c;https://newdatacenter.taichung.gov.tw/api/v1/no-auth/resource.download?rid=d557a664-02b3-4b29-8986-ff85277b0ac0;https://newdatacenter.taichung.gov.tw/api/v1/no-auth/resource.download?rid=10951d59-cd97-4b2c-942d-c8e01cf6e023","UTF-8;UTF-8;UTF-8","系統介接程式","臺中市立案補習班資料
有關市立案補習班資訊，可至直轄市及各縣市短期補習班資訊管理系統（網址http://bsb.edu.tw）查詢。","序號;補習班名稱;補習班地址;郵遞區號;縣市別代碼;電話;行政區域代碼","臺中市政府教育局","不定期更新","政府資料開放授權條款-第1版","","免費","梁先生","22289111#54536","2018-05-28 12:00:00","2026-03-18 16:41:11","臺中市政府OAS標準之API說明文件:https://datacenter.taichung.gov.tw/swagger/yaml/387040000E ，Swagger 產生API說明頁面網址。https://datacenter.taichung.gov.tw/swagger/api-docs/","0;0;0"
"84060","臺中市私立兒童課後照顧服務中心","檔案資料","求學及進修","白金","XML;JSON;CSV","https://newdatacenter.taichung.gov.tw/api/v1/no-auth/resource.download?rid=017ed4d5-50b2-460e-b191-b74ae123e6b7;https://newdatacenter.taichung.gov.tw/api/v1/no-auth/resource.download?rid=7d30cf6a-a608-4b1c-b4c4-94992c741780;https://newdatacenter.taichung.gov.tw/api/v1/no-auth/resource.download?rid=8e4d811e-5e06-4d06-84e4-1bc22a263bd3","UTF-8;UTF-8;UTF-8","系統介接程式","臺中市私立兒童課後照顧服務中心設立資料","編號;行政區;課照中心名稱;地址;許可證日期;設立別;電話;負責人;立案狀態;核定人數","臺中市政府教育局","不定期更新","政府資料開放授權條款-第1版","","免費","梁信筌","04-22289111*54536","2018-05-28 12:00:00","2026-03-18 16:41:11","臺中市政府OAS標準之API說明文件:https://datacenter.taichung.gov.tw/swagger/yaml/387040000E ，Swagger 產生API說明頁面網址。https://datacenter.taichung.gov.tw/swagger/api-docs/","0;0;0"
"83557","臺中市特殊教育資源中心","檔案資料","求學及進修","白金","JSON;XML;CSV","https://newdatacenter.taichung.gov.tw/api/v1/no-auth/resource.download?rid=39ad028b-a0f4-4ab0-af02-4051f99753eb;https://newdatacenter.taichung.gov.tw/api/v1/no-auth/resource.download?rid=83beae1f-663b-41af-900a-bdb3741e213b;https://newdatacenter.taichung.gov.tw/api/v1/no-auth/resource.download?rid=ea508614-b2c6-4a8c-8b51-f9432a47df8c","UTF-8;UTF-8;UTF-8","系統介接程式","臺中市特殊教育資源中心資訊資料集","機關代碼;縣市別代碼;行政區域代碼;名稱;電話;地址;郵遞區號;電子郵件","臺中市政府教育局","不定期更新","政府資料開放授權條款-第1版","http://spec.tc.edu.tw/index.php","免費","李小姐","22289111#54617","2018-05-04 03:00:00","2026-03-18 16:38:44","臺中市政府OAS標準之API說明文件:https://datacenter.taichung.gov.tw/swagger/yaml/387040000E ，Swagger 產生API說明頁面網址。https://datacenter.taichung.gov.tw/swagger/api-docs/","4;4;4"
"84432","臺中市消防人力學歷統計表","檔案資料","求學及進修","白金","JSON;XML;CSV","https://newdatacenter.taichung.gov.tw/api/v1/no-auth/resource.download?rid=0474b40a-186e-4a2a-9117-9ba523ad1ca2;https://newdatacenter.taichung.gov.tw/api/v1/no-auth/resource.download?rid=6d7506c7-ea80-466b-9efc-3f51767564e0;https://newdatacenter.taichung.gov.tw/api/v1/no-auth/resource.download?rid=b70576ad-9f45-4ba8-ad33-3668af592785","UTF-8;UTF-8;UTF-8","系統介接程式","臺中市政府消防局108年人力與學歷之統計資料","縣市別代碼;機關代碼;電話;按學歷分;中央警察大學研究所;中央警察大學;中央警察大學專修科;中央警察大學警佐班;警察專科學校專科警員班;警察專科學校警員班;一般研究所;一般大學;一般專科;一般高中職;一般初中以下","臺中市政府消防局","不定期更新","政府資料開放授權條款-第1版","","免費","莊梅君","0423811119#404","2018-05-28 12:00:00","2026-03-18 16:35:27","臺中市政府OAS標準之API說明文件:https://datacenter.taichung.gov.tw/swagger/yaml/387320000A ，Swagger 產生API說明頁面網址。https://datacenter.taichung.gov.tw/swagger/api-docs/","11;11;11"
"104938","10730-04-04-2 臺中市老人福利服務成果(二)-教育宣導及人才培訓","檔案資料","求學及進修","白金","CSV;JSON;XML;JSON;XML;JSON;XML;JSON;JSON;CSV;JSON;XML;XML;JSON;CSV;JSON;XML;JSON;CSV;JSON;JSON;JSON;XML;JSON;CSV;JSON;JSON;XML;JSON;XML;XML;XML;XML;JSON;XML;JSON;XML;XML;XML;XML;XML;CSV","https://newdatacenter.taichung.gov.tw/api/v1/no-auth/resource.download?rid=7d5a8dad-a35e-4a5e-8e14-a8a7585ab25a;https://newdatacenter.taichung.gov.tw/api/v1/no-auth/resource.download?rid=131c88af-45fe-4a24-b36d-3ba94fbb9cf8;https://newdatacenter.taichung.gov.tw/api/v1/no-auth/resource.download?rid=e96ccb97-7c7e-4f3f-b4f0-7f63fe8ae376;https://newdatacenter.taichung.gov.tw/api/v1/no-auth/resource.download?rid=ebe0c98f-05c9-47f3-8e3a-7fab4991ce6c;https://newdatacenter.taichung.gov.tw/api/v1/no-auth/resource.download?rid=975fec85-ef42-4565-aed6-c8578b746e23;https://newdatacenter.taichung.gov.tw/api/v1/no-auth/resource.download?rid=9b049028-a97e-47b8-851e-8dd24d8dcb5d;https://newdatacenter.taichung.gov.tw/api/v1/no-auth/resource.download?rid=c1070376-5392-4d3b-b1a3-ceb2a57a7ccd;https://newdatacenter.taichung.gov.tw/api/v1/no-auth/resource.download?rid=95bba55e-741b-4be6-899f-95b20d25fe6d;https://newdatacenter.taichung.gov.tw/api/v1/no-auth/resource.download?rid=c6fc2c40-a185-4bbf-b1fc-151b6c0564b6;https://newdatacenter.taichung.gov.tw/api/v1/no-auth/resource.download?rid=24e54a5b-99ef-492f-b6da-a98edb961e1a;https://newdatacenter.taichung.gov.tw/api/v1/no-auth/resource.download?rid=15cafd22-90c0-4ce2-ae92-c8b73a8ed253;https://newdatacenter.taichung.gov.tw/api/v1/no-auth/resource.download?rid=ef93f3d7-042f-4bf2-a11c-e0b82557b7fa;https://newdatacenter.taichung.gov.tw/api/v1/no-auth/resource.download?rid=15eae95c-c660-4490-a10b-3886bb2e7c55;https://newdatacenter.taichung.gov.tw/api/v1/no-auth/resource.download?rid=1a95c522-201d-493f-a8ec-92a10ad076ab;https://newdatacenter.taichung.gov.tw/api/v1/no-auth/resource.download?rid=5868518d-ba9f-46a3-9ce2-43e0dc1e6ce0;https://newdatacenter.taichung.gov.tw/api/v1/no-auth/resource.download?rid=da66c28a-5bfe-4293-970d-7741b07e4790;https://newdatacenter.taichung.gov.tw/api/v1/no-auth/resource.download?rid=0d1f08d5-303f-4fc9-8b46-922aa4e86588;https://newdatacenter.taichung.gov.tw/api/v1/no-auth/resource.download?rid=546e6641-ff70-489a-8c4b-1209e9546657;https://newdatacenter.taichung.gov.tw/api/v1/no-auth/resource.download?rid=417333d2-4d22-4035-8889-db94a347da2b;https://newdatacenter.taichung.gov.tw/api/v1/no-auth/resource.download?rid=5a5efe72-b20f-49df-b49c-cde0312be0b1;https://newdatacenter.taichung.gov.tw/api/v1/no-auth/resource.download?rid=b510453f-bebc-4592-9814-005a19bd71c7;https://newdatacenter.taichung.gov.tw/api/v1/no-auth/resource.download?rid=20193538-6ac3-48c9-9217-a4f22de09d5c;https://newdatacenter.taichung.gov.tw/api/v1/no-auth/resource.download?rid=5669aac1-8afb-4672-92a6-09b4cdf0a577;https://newdatacenter.taichung.gov.tw/api/v1/no-auth/resource.download?rid=64f01802-de2f-4415-b184-dd29f3184526;https://newdatacenter.taichung.gov.tw/api/v1/no-auth/resource.download?rid=8042b792-3384-4959-ad3f-797cf69d6a6f;https://newdatacenter.taichung.gov.tw/api/v1/no-auth/resource.download?rid=52dfad8e-f4f9-4a30-8488-44d908df6c29;https://newdatacenter.taichung.gov.tw/api/v1/no-auth/resource.download?rid=2eef04aa-ea73-414e-8eb4-7bea1fadef52;https://newdatacenter.taichung.gov.tw/api/v1/no-auth/resource.download?rid=7b93d3ae-b3fd-4bec-a29c-3a469b632eed;https://newdatacenter.taichung.gov.tw/api/v1/no-auth/resource.download?rid=1d25d4f7-c7cc-4bc5-a6e7-5f5d664a26b1;https://newdatacenter.taichung.gov.tw/api/v1/no-auth/resource.download?rid=169d69cb-b895-4a13-9b7d-7581bae32640;https://newdatacenter.taichung.gov.tw/api/v1/no-auth/resource.download?rid=339b9562-7353-4de5-b4ba-cf7f115ad1d9;https://newdatacenter.taichung.gov.tw/api/v1/no-auth/resource.download?rid=df2b5419-5ca7-45f6-91ed-6206fe7f1e41;https://newdatacenter.taichung.gov.tw/api/v1/no-auth/resource.download?rid=2a668b3b-9c9d-4274-b001-4d35acd1ee3a;https://newdatacenter.taichung.gov.tw/api/v1/no-auth/resource.download?rid=f98fddd9-2974-458c-9429-dcb1d2adba71;https://newdatacenter.taichung.gov.tw/api/v1/no-auth/resource.download?rid=de23bfea-6267-433a-96c6-4a11122e38c8;https://newdatacenter.taichung.gov.tw/api/v1/no-auth/resource.download?rid=66ad38c9-5ad8-4c95-815d-5cc130a04cf5;https://newdatacenter.taichung.gov.tw/api/v1/no-auth/resource.download?rid=87b4d012-9f81-4241-8758-0e47e48296a6;https://newdatacenter.taichung.gov.tw/api/v1/no-auth/resource.download?rid=59a38f80-77f4-48ab-9b37-d25bfb498523;https://newdatacenter.taichung.gov.tw/api/v1/no-auth/resource.download?rid=6f1b14a1-a54f-4ad4-9f06-ad5fb196b59b;https://newdatacenter.taichung.gov.tw/api/v1/no-auth/resource.download?rid=f7b61024-cd6f-45af-9232-dc91d11eb6b6;https://newdatacenter.taichung.gov.tw/api/v1/no-auth/resource.download?rid=5cba204b-9787-42f0-85de-ee6304e6b296;https://newdatacenter.taichung.gov.tw/api/v1/no-auth/resource.download?rid=37be02c2-6693-477c-bb9d-b20c936b8281","UTF-8;UTF-8;UTF-8;UTF-8;UTF-8;UTF-8;UTF-8;UTF-8;UTF-8;UTF-8;UTF-8;UTF-8;UTF-8;UTF-8;UTF-8;UTF-8;UTF-8;UTF-8;UTF-8;UTF-8;UTF-8;UTF-8;UTF-8;UTF-8;UTF-8;UTF-8;UTF-8;UTF-8;UTF-8;UTF-8;UTF-8;UTF-8;UTF-8;UTF-8;UTF-8;UTF-8;UTF-8;UTF-8;UTF-8;UTF-8;UTF-8;UTF-8","系統介接程式","提供本市老人福利服務之教育宣導及人才培訓成果，包含宣導辦理次數、參加人數以及人才培訓數量等。","地區;項目;欄位名稱;數值;資料時間日期;資料週期;郵遞區號;機關代碼;電子郵件;行動電話;市話;縣市別代碼;行政區域代碼","臺中市政府社會局","不定期更新","政府資料開放授權條款-第1版","","免費","江定鋐","042228911137442","2019-07-11 11:04:15","2026-03-18 16:35:13","臺中市政府OAS標準之API說明文件:https://datacenter.taichung.gov.tw/swagger/yaml/387120000J，Swagger 產生API說明頁面網址。https://datacenter.taichung.gov.tw/swagger/api-docs/","8;8;8;8;8;8;8;8;8;8;8;8;3;8;8;8;8;8;8;8;8;8;8;8;8;3;8;8;3;8;8;8;8;8;8;8;8;8;3;8;8;8"
"87674","臺中市107學年度國民中學學區劃分表","檔案資料","求學及進修","白金","CSV;XML;JSON","https://newdatacenter.taichung.gov.tw/api/v1/no-auth/resource.download?rid=346e2bc0-e70d-4220-994d-1e6ed0fcb1dc;https://newdatacenter.taichung.gov.tw/api/v1/no-auth/resource.download?rid=714592f6-91aa-4198-bb19-12cedadf8a77;https://newdatacenter.taichung.gov.tw/api/v1/no-auth/resource.download?rid=922b4ffb-68cd-46eb-9827-8e9eca867cf2","UTF-8;UTF-8;UTF-8","系統介接程式","107學年度臺中市立國民中學學區表","編號;縣市別代碼;學校名稱;學區範圍_行政區;學區範圍_里鄰;校址;電話聯絡","臺中市政府教育局","不定期更新","政府資料開放授權條款-第1版","","免費","徐子涵","0422289111#54219","2018-07-13 15:49:38","2026-03-18 16:35:09","臺中市政府OAS標準之API說明文件:https://datacenter.taichung.gov.tw/swagger/yaml/387040000E ，Swagger 產生API說明頁面網址。https://datacenter.taichung.gov.tw/swagger/api-docs/","0;0;0"
"84522","臺中市104學年度國民中學學區劃分表","檔案資料","求學及進修","白金","CSV;JSON;XML","https://newdatacenter.taichung.gov.tw/api/v1/no-auth/resource.download?rid=4d4a0a1b-9457-4db0-9a52-ddc89627c673;https://newdatacenter.taichung.gov.tw/api/v1/no-auth/resource.download?rid=bba82102-4d5d-4676-b414-9eb2db8aa14d;https://newdatacenter.taichung.gov.tw/api/v1/no-auth/resource.download?rid=e042d4f9-9e11-4609-bc40-ffd88c5b48aa","UTF-8;UTF-8;UTF-8","系統介接程式","104學年度學區劃分表","編號;縣市別代碼;學校名稱;學區範圍_行政區;學區範圍_里鄰;校址;電話聯絡","臺中市政府教育局","不定期更新","政府資料開放授權條款-第1版","","免費","徐子涵","22289111+54219","2018-05-28 12:00:00","2026-03-18 16:35:06","臺中市政府OAS標準之API說明文件:https://datacenter.taichung.gov.tw/swagger/yaml/387040000E ，Swagger 產生API說明頁面網址。https://datacenter.taichung.gov.tw/swagger/api-docs/","0;0;0"
"83655","臺中市立國中(含高中國中部)普通班級數及人數","檔案資料","求學及進修","白金","CSV","https://newdatacenter.taichung.gov.tw/api/v1/no-auth/resource.download?rid=f47453a5-ca5b-4d7a-8c2b-dc675602d2df","UTF-8","系統介接程式","114學年度臺中市市立國中(含高中國中部)普通班級數及人數","編號;校名;一年級班級數;二年級班級數;三年級班級數;總班級數","臺中市政府教育局","不定期更新","政府資料開放授權條款-第1版","","免費","江小姐","22289111-54220","2018-05-28 12:00:00","2026-03-18 16:34:17","臺中市政府OAS標準之API說明文件:https://datacenter.taichung.gov.tw/swagger/yaml/387040000E ，Swagger 產生API說明頁面網址。https://datacenter.taichung.gov.tw/swagger/api-docs/","84"
"84059","臺中市撤銷及廢止立案幼兒園名冊","檔案資料","求學及進修","白金","XML;CSV;JSON","https://newdatacenter.taichung.gov.tw/api/v1/no-auth/resource.download?rid=49cfe3d9-0d84-4f7c-9e9f-03eb0fd5db5f;https://newdatacenter.taichung.gov.tw/api/v1/no-auth/resource.download?rid=c0351727-1d38-4222-a16d-4da199d23eda;https://newdatacenter.taichung.gov.tw/api/v1/no-auth/resource.download?rid=eaff96e1-08c1-456e-94ec-c79f43cf8963","UTF-8;UTF-8;UTF-8","系統介接程式","臺中市撤銷及廢止立案幼兒園名冊資料","編號;縣市;縣市別代碼;鄉鎮;設立別;幼兒園名稱;變更日期;變更文號;廢止日期","臺中市政府教育局","不定期更新","政府資料開放授權條款-第1版","","免費","施裕勝","22289111+54418","2018-05-28 12:00:00","2026-03-18 16:31:27","臺中市政府OAS標準之API說明文件:https://datacenter.taichung.gov.tw/swagger/yaml/387040000E ，Swagger 產生API說明頁面網址。https://datacenter.taichung.gov.tw/swagger/api-docs/","0;0;0"
"84062","臺中市各級學校補校資訊","檔案資料","求學及進修","白金","JSON;XML;CSV","https://newdatacenter.taichung.gov.tw/api/v1/no-auth/resource.download?rid=6cd9f523-b61d-4453-88d3-0405d3a88831;https://newdatacenter.taichung.gov.tw/api/v1/no-auth/resource.download?rid=afe26597-1b8a-403c-b204-a4f474f9cde2;https://newdatacenter.taichung.gov.tw/api/v1/no-auth/resource.download?rid=66f27eab-4991-4f6c-a0b7-74840653bc9b","UTF-8;UTF-8;UTF-8","系統介接程式","臺中市104學年度國民小學附設補習學校概況表、臺中市104學年度國民中學附設補習學校概況表","學校名稱;補校校務主任;校務主任辦公室電話;補校教師人數;一年級學生數;二年級學生數;三年級學生數;全校學生數;一年級班級數;二年級班級數;三年級班級數;全校班級數;一O三學年度畢業學生人數_含修業","臺中市政府教育局","不定期更新","政府資料開放授權條款-第1版","","免費","周旻慧","04-22289111+54513","2018-05-28 00:00:00","2026-03-18 16:31:12","臺中市政府OAS標準之API說明文件:https://datacenter.taichung.gov.tw/swagger/yaml/387040000E ，Swagger 產生API說明頁面網址。https://datacenter.taichung.gov.tw/swagger/api-docs/","0;0;0"
"145581","Taipeizoo_Services","檔案資料","求學及進修","白金","CSV","https://data.taipei/api/dataset/26de6b22-10bf-4415-b87b-8348c2303570/resource/8dbb1aeb-4035-4908-aa3d-090952b70377/download","UTF-8","系統介接程式","About Taipeizoo_Services Data","S_Category;S_Item;S_Longitude;S_Latitude;S_Pic01_ALT;S_Pic01_URL","臺北市立動物園","每1年","政府資料開放授權條款-第1版","","免費","陳文良","02-29382300","2021-08-26 00:00:00","2026-03-18 13:51:47","",""
"42544","各學年度新南向國家臺灣獎學金新生核配名額人數統計表","檔案資料","求學及進修","白金","CSV","https://ws.moe.edu.tw/Download.ashx?u=LzAwMS9VcGxvYWQvNy9yZWxmaWxlLzgwNTMvOTQzMjkvMzJhOWFhOGUtNTE0NS00M2Q4LWJmYjYtYTM2NTZiZWQ5NWViLmNzdg%3d%3d&n=MTEwLTExNOWQhOWtuOW5tOW6puaWsOWNl%2bWQkeWci%2bWutuiHuueBo%2beNjuWtuOmHkeaguOmFjeWQjemhjS5jc3Y%3d&icon=..csv","UTF-8","原始資料","各學年度新南向國家(印尼、寮國、新加坡、柬埔寨、汶萊、泰國、緬甸、菲律賓、越南、馬來西亞、印度、巴基斯坦、尼泊爾、孟加拉、斯里蘭卡、不丹、紐西蘭、澳洲)臺灣獎學金新生核配名額統計表","國家代碼;國家;110學年核配人數;111學年核配人數;112學年核配人數;113學年核配人數;114學年核配人數","教育部國際及兩岸教育司","每1年","政府資料開放授權條款-第1版","https://ws.moe.edu.tw/Download.ashx?u=LzAwMS9VcGxvYWQvNy9yZWxmaWxlLzgwNTMvOTQzMjkvMzJhOWFhOGUtNTE0NS00M2Q4LWJmYjYtYTM2NTZiZWQ5NWViLmNzdg%3d%3d&n=MTEwLTExNOWQhOWtuOW5tOW6puaWsOWNl%2bWQkeWci%2bWutuiHuueBo%2beNjuWtuOmHkeaguOmFjeWQjemhjS5jc3Y%3d&icon=..csv","免費","吳艷秋","02-77366311","2017-01-17 00:00:00","2026-03-18 11:19:59","更新頻率說明: 每年(6-7月)
授權說明網址: http://data.gov.tw/license","18"
"14221","15歲以上教育程度─按區域別、年齡別分","檔案資料","求學及進修","白金","CSV","https://opdadm.moi.gov.tw/api/v1/no-auth/resource/api/dataset/F5682742-7052-46BC-BEF6-4D48CAC6D696/resource/98B40D70-AE96-4FDA-8960-6328A0179FC7/download","UTF-8","系統介接程式","15歲以上教育程度─按區域別、年齡別分（資料起始時間：86年）（其他統計期資料可使用備註網址，調整ym及ymt參數取得）","15歲以上人口數;總計;識字_統計;研究院_含博士班__統計;大學_統計;專科_含二_三年制_五專後二年__統計;高中_統計;高職_含五專前三年__統計;國中_統計;初職_統計;國小_統計;自修_統計;不識字_統計","統計處","不定期更新","政府資料開放授權條款-第1版","","免費","林詩惟","02-23565361","2015-04-23 14:31:53","2026-03-17 16:52:01","https://statis.moi.gov.tw/micst/webMain.aspx?sys=220&kind=21&type=1&funid=c0110402&cycle=4&outmode=12&utf=1&compmode=0&outkind=3&fldspc=0,12,&codspc0=0,2,3,2,6,1,9,1,12,1,15,16,&codspc1=0,12,&rdm=kafkugAt&ym=8600&ymt=10600

統計期參數ym及ymt設定說明：
1.ym=需求資料起始期年月，ymt=需求資料迄期年月。
2.資料起始時間:8600(86代表民國86年,00代表月份,參數00代表查詢整年份資料)。
3.資料迄期年月:10600(106代表民國106年,00代表月份)。
4.此資料集為年資料。","0"
"14219","15歲以上人口高等教育程度─按區域別分","檔案資料","求學及進修","白金","CSV","https://opdadm.moi.gov.tw/api/v1/no-auth/resource/api/dataset/A9D6E92E-F9B2-408C-90FA-72C44EC45A4A/resource/4C8DF504-2355-4479-84E9-D1582D7B11FE/download","UTF-8","系統介接程式","15歲以上人口高等教育程度─按區域別分（資料起始時間：86年）（其他統計期資料可使用備註網址，調整ym及ymt參數取得）","15歲以上大專以上人口數;15歲以上大專以上人口_統計;研究所_含博士班__統計;大學學院_統計;專科_含二_三年制_五專後二年__統計;15歲以上大專以上比率_%_統計","統計處","不定期更新","政府資料開放授權條款-第1版","","免費","林詩惟","02-23565361","2015-04-23 14:32:00","2026-03-17 15:15:04","https://statis.moi.gov.tw/micst/webMain.aspx?sys=220&kind=21&type=1&funid=c0110405&cycle=4&outmode=12&utf=1&compmode=0&outkind=3&fldspc=0,5,&codspc0=0,2,3,2,6,1,9,1,12,1,15,16,&codlst1=111&rdm=b5cnxtgi&ym=8600&ymt=10600

統計期參數ym及ymt設定說明：
1.ym=需求資料起始期年月，ymt=需求資料迄期年月。
2.資料起始時間:8600(86代表民國86年,00代表月份,參數00代表查詢整年份資料)。
3.資料迄期年月:10600(106代表民國106年,00代表月份)。
4.此資料集為年資料。","0"
"14222","15歲以上教育程度─按區域別、性別分","檔案資料","求學及進修","白金","CSV","https://opdadm.moi.gov.tw/api/v1/no-auth/resource/api/dataset/7DB04217-73FE-4CE3-9AAD-78E61E44E411/resource/9632D8A2-B528-4FBE-8629-2341E47C4628/download","UTF-8","系統介接程式","15歲以上教育程度─按區域別、性別分（資料起始時間：86年）（其他統計期資料可使用備註網址，調整ym及ymt參數取得）","15歲以上人口數;總計;識字_統計;研究院_含博士班__統計;大學_統計;專科_含二_三年制_五專後二年__統計;高中_統計;高職_含五專前三年__統計;國中_統計;初職_統計;國小_統計;自修_統計;不識字_統計","統計處","不定期更新","政府資料開放授權條款-第1版","","免費","林詩惟","02-23565361","2015-04-23 14:31:50","2026-03-17 15:14:01","https://statis.moi.gov.tw/micst/webMain.aspx?sys=220&kind=21&type=1&funid=c0110401&cycle=4&outmode=12&utf=1&compmode=0&outkind=3&fldspc=0,12,&codspc0=0,2,3,2,6,1,9,1,12,1,15,16,&codlst1=111&rdm=le6hmr9i&ym=8600&ymt=10600

統計期參數ym及ymt設定說明：
1.ym=需求資料起始期年月，ymt=需求資料迄期年月。
2.資料起始時間:8600(86代表民國86年,00代表月份,參數00代表查詢整年份資料)。
3.資料迄期年月:10600(106代表民國106年,00代表月份)。
4.此資料集為年資料。","0"
"160224","教育部臺灣台語語言能力認證-各職業報名及通過人數","檔案資料","求學及進修","白金","CSV","https://ws.moe.edu.tw/Download.ashx?u=LzAwMS9VcGxvYWQvNi9yZWxmaWxlLzc4NTYvODczNTUvZmE5NDg4MDYtMDEwZC00OTdlLWE0OGEtMWU4NmRiNjQzZGNjLmNzdg%3d%3d&n=am9iXzExNDEyMzEuY3N2&icon=..csv","UTF-8","原始資料","全國臺灣台語認證各職業報名及通過人數，內容包含民國年月、職業別、卷別、報名人數、到考人數、通過人數","民國年月;職業別;卷別;報名人數;到考人數;通過人數","教育部終身教育司","每1年","政府資料開放授權條款-第1版","https://ttg.moe.edu.tw/tmt/view.php?page=teacherTraining","免費","甘佩玉","02-777366812","2022-12-28 00:00:00","2026-03-16 20:07:16","更多資訊可至考試官網查詢 https://ttg.moe.edu.tw","198"
"160222","教育部臺灣台語語言能力認證-各年齡層報名及通過人數","檔案資料","求學及進修","白金","CSV","https://ws.moe.edu.tw/Download.ashx?u=LzAwMS9VcGxvYWQvNi9yZWxmaWxlLzc4NTYvODczNTMvNzhmNjFjY2EtY2I2Mi00ZDJlLTgwOWEtYjkyMTM4MGU2YTE2LmNzdg%3d%3d&n=YWdlXzExNDEyMzEuY3N2&icon=..csv","UTF-8","原始資料","臺灣台語認證各年齡層之報名及通過人數，內容包含民國年月、年齡層、卷別、報名人數、到考人數、通過人數等資訊。","民國年月;年齡層;卷別;報名人數;到考人數;通過人數","教育部終身教育司","每1年","政府資料開放授權條款-第1版","https://ttg.moe.edu.tw/tmt/view.php?page=teacherTraining","免費","甘佩玉","02-77366812","2022-12-28 00:00:00","2026-03-16 20:05:45","更多資訊可至考試官網查詢 https://ttg.moe.edu.tw","198"
"160223","教育部臺灣台語語言能力認證-各縣市報名及通過人數","檔案資料","求學及進修","白金","CSV","https://ws.moe.edu.tw/Download.ashx?u=LzAwMS9VcGxvYWQvNi9yZWxmaWxlLzc4NTYvODczNTQvZWNkYzEzNzctZGQ2MS00YTgzLTljNTEtMDJkNzk5MmJmYjhkLmNzdg%3d%3d&n=Y291bnRyeV8xMTQxMjMxLmNzdg%3d%3d&icon=..csv","UTF-8","原始資料","提供教育部臺灣台語語言能力認證各縣市每月的報名、到考與通過人數統計。可用於分析各縣市考試參與趨勢、通過率差異，協助政策制定與語言推廣規劃。資料涵蓋多年時間序列，適合進行長期變化分析與跨縣市比較，為學術研究與教育資源配置提供實證依據。","民國年月;縣市別代碼;縣市別;卷別;報名人數;到考人數;通過人數","教育部終身教育司","每1年","政府資料開放授權條款-第1版","https://ttg.moe.edu.tw/tmt/view.php?page=teacherTraining","免費","甘佩玉","02-777366812","2022-12-28 00:00:00","2026-03-16 20:03:48","更多資訊可至考試官網查詢 https://ttg.moe.edu.tw","406"
"160221","教育部臺灣台語語言能力認證-全國各級通過情形","檔案資料","求學及進修","白金","CSV","https://ws.moe.edu.tw/Download.ashx?u=LzAwMS9VcGxvYWQvNi9yZWxmaWxlLzc4NTYvODczNTIvZjE0M2Y5NTUtOGViMS00MTE2LTkyNjItNTZkMTc1YzI3MzQ3LmNzdg%3d%3d&n=dG90YWxfMTE0MTIzMS5jc3Y%3d&icon=..csv","UTF-8","原始資料","全國臺灣台語認證各級通過情形總表，內容包含民國年月、卷別、級別、通過人數。","民國年月;卷別;級別;通過人數","教育部終身教育司","每1年","政府資料開放授權條款-第1版","https://ttg.moe.edu.tw/tmt/view.php?page=teacherTraining","免費","甘佩玉","02-77366812","2022-12-28 00:00:00","2026-03-16 20:01:22","更多資訊可至考試官網查詢 https://ttg.moe.edu.tw","36"
"14173","中央警察大學畢業人數─按性別分","檔案資料","求學及進修","白金","CSV","https://opdadm.moi.gov.tw/api/v1/no-auth/resource/api/dataset/EE066876-8D4B-4154-B87A-A58544CCFF9F/resource/DFF5A9B3-E693-4126-B335-646CBB386BAD/download","UTF-8","系統介接程式","中央警察大學畢業人數─按性別分（資料起始時間：86年）（其他統計期資料可使用備註網址，調整ym及ymt參數取得）","畢業人數;總計;研究所_統計;本科_統計;專修班_統計;二技班_統計","統計處","不定期更新","政府資料開放授權條款-第1版","","免費","林詩惟","02-23565361","2015-04-23 09:38:27","2026-03-16 14:50:17","https://statis.moi.gov.tw/micst/webMain.aspx?sys=220&kind=21&type=1&funid=c0610102&cycle=4&outmode=12&utf=1&compmode=0&outkind=3&fldspc=0,5,&codlst0=111&rdm=delioZib&ym=8600&ymt=10600

統計期參數ym及ymt設定說明：
1.ym=需求資料起始期年月，ymt=需求資料迄期年月。
2.資料起始時間:8600(86代表民國86年,00代表月份,參數00代表查詢整年份資料)。
3.資料迄期年月:10600(106代表民國106年,00代表月份)。
4.此資料集為年資料。","0"
"14174","中央警察大學學生概況─按性別系組別分","檔案資料","求學及進修","白金","CSV","https://opdadm.moi.gov.tw/api/v1/no-auth/resource/api/dataset/6F9478AE-57E5-41D1-9B61-0263C997F4F8/resource/B7F1FD9B-011D-4291-90AD-5EC12A45A765/download","UTF-8","系統介接程式","中央警察大學學生概況─按性別系組別分（資料起始時間：86年）（其他統計期資料可使用備註網址，調整ym及ymt參數取得）","學生人數;總計;研究所_統計;博士班_統計;碩士班_統計;大學部_統計;專修科_統計;二技班_統計","統計處","不定期更新","政府資料開放授權條款-第1版","","免費","林詩惟","02-23565361","2015-04-23 09:38:24","2026-03-16 14:44:05","https://statis.moi.gov.tw/micst/webMain.aspx?sys=220&kind=21&type=1&funid=c0610101&cycle=4&outmode=12&utf=1&compmode=0&outkind=3&fldspc=0,7,&codlst0=111&codspc1=0,46,&rdm=pxetVeec&ym=8600&ymt=10600

統計期參數ym及ymt設定說明：
1.ym=需求資料起始期年月，ymt=需求資料迄期年月。
2.資料起始時間:8600(86代表民國86年,00代表月份,參數00代表查詢整年份資料)。
3.資料迄期年月:10600(106代表民國106年,00代表月份)。
4.此資料集為年資料。","0"
"131263","臺北市幼兒園招生概況","檔案資料","求學及進修","白金","CSV;CSV","https://tsis.dbas.gov.taipei/statis/webMain.aspx?sys=220&ymf=10300&kind=21&type=0&funid=a05042401&cycle=4&outmode=12&compmode=0&outkind=3&deflst=2&nzo=1;https://tsis.dbas.gov.taipei/statis/webMain.aspx?sys=220&ymf=10300&kind=21&type=0&funid=a05042402&cycle=4&outmode=12&compmode=0&outkind=3&deflst=2&nzo=1","UTF-8;UTF-8","系統介接程式","臺北市幼兒園招生概況時間數列統計資料，核定招收人數及實際招數人數包含互助式教保服務機構。
","統計期;隸屬別;核定招收/所數[所];核定招收/招收人數[人];實際招收/所數[所];實際招收/招收人數[人];實際招收/招收人數/男[人];實際招收/招收人數/女[人]","臺北市政府主計處","每1年","政府資料開放授權條款-第1版","無","免費","吳蔓麗","02-27287626","2020-10-13 00:00:00","2026-03-15 11:41:26","","96;156"
"37848","教育部教育實習績優獎得獎名單","檔案資料","求學及進修","白金","CSV;CSV;CSV;CSV","https://ws.moe.edu.tw/Download.ashx?u=LzAwMS9VcGxvYWQvOC9yZWxmaWxlLzc4MzQvNTEyNjQvMTg1ZGMzYjYtYzAzZS00OGQxLThhNjMtZTYzYjJmNTMwNWMxLmNzdg%3D%3D&n=MTA35bm05bqm5pWZ6IKy6YOo5pWZ6IKy5a%2Bm57%2BS57i%2B5YSq542O5b6X542O5ZCN5ZauLmNzdg%3D%3D&icon=..csv;https://ws.moe.edu.tw/Download.ashx?u=LzAwMS9VcGxvYWQvOC9yZWxmaWxlLzc4MzQvNjY0NDgvYzFlMWQ2YWUtODRmOS00NWFlLWFiYWUtMTJhMDQwMTlmYjU0LmNzdg%3D%3D&n=MTEy5bm05pWZ6IKy6YOo5pWZ6IKy5a%2Bm57%2BS57i%2B5YSq542O5b6X542O5ZCN5ZauLmNzdg%3D%3D&icon=..csv;https://ws.moe.edu.tw/Download.ashx?u=LzAwMS9VcGxvYWQvOC9yZWxmaWxlLzc4MzQvOTkwNjEvZGE5MGFiMjgtZmZhZS00ODhjLTlhZDAtMjlhODcwYmM3MjIwLmNzdg%3D%3D&n=MTEz5bm05pWZ6IKy6YOo5pWZ6IKy5a%2Bm57%2BS57i%2B5YSq542O5b6X542O5ZCN5ZauLmNzdg%3D%3D&icon=..csv;https://ws.moe.edu.tw/001/Upload/8/relfile/7834/104468/b1cfc4b0-2dd5-4aeb-a28b-b307acb74f0d.csv","UTF-8;BIG5;BIG5;BIG5","原始資料","教育部為鼓勵師資培育大學之教育實習指導教師、教育實習學生（教師）及教育實習機構之教育實習輔導教師積極參與教育實習，協助教育實習學生專業標準理論轉換之實踐力，獎勵其對教育實習貢獻，增進教育實習效能，提升師資培育素質，獎勵對象為師資培育之大學教育實習指導教師、教育實習學生(教師)及教育實習機構之教育實習輔導教師。","對象;獎項;姓名;推薦學校;服務學校;得獎年度;頒獎日期","教育部師資培育及藝術教育司","不定期更新","政府資料開放授權條款-第1版","","免費","呂先生","02-7736-5664","2016-10-26 00:00:00","2026-03-13 16:39:36","","84;85;78;76"
"90129","10420-01-15-2 臺中市立各級學校教職員人數按年資分","檔案資料","求學及進修","白金","JSON;JSON;JSON;JSON;JSON;JSON;JSON","https://newdatacenter.taichung.gov.tw/api/v1/no-auth/resource.download?rid=bcccaec1-623f-499e-9169-8709d67b680c;https://newdatacenter.taichung.gov.tw/api/v1/no-auth/resource.download?rid=94429542-edaa-4a55-ac3e-7c2393dae2e3;https://newdatacenter.taichung.gov.tw/api/v1/no-auth/resource.download?rid=e02db1b6-6afa-42f8-8eed-1e88404918b6;https://newdatacenter.taichung.gov.tw/api/v1/no-auth/resource.download?rid=2bd5b490-6e81-427e-bc55-d344f9bb0001;https://newdatacenter.taichung.gov.tw/api/v1/no-auth/resource.download?rid=fc388e56-c47c-4cef-83dc-96c60628d6a9;https://newdatacenter.taichung.gov.tw/api/v1/no-auth/resource.download?rid=21d0a5b1-87ed-493f-b726-a07ecbcb4d46;https://newdatacenter.taichung.gov.tw/api/v1/no-auth/resource.download?rid=c67be11d-6f69-4c2e-ba23-d183bbe584b8","UTF-8;UTF-8;UTF-8;UTF-8;UTF-8;UTF-8;UTF-8","系統介接程式","臺中市立各級學校教職員人數按年資分","地區;項目;欄位名稱;數值;資料時間日期;資料週期;郵遞區號;機關代碼;電子郵件;行動電話;市話;縣市別代碼;行政區域代碼","臺中市政府教育局","每6月","政府資料開放授權條款-第1版","http://opendata.taichung.gov.tw/licenseTerms","免費","王慧琳","04-22289111#55835","2018-08-27 09:07:37","2026-03-10 17:53:42","臺中市政府OAS標準之API說明文件:https://datacenter.taichung.gov.tw/swagger/yaml/387040000E ，Swagger 產生API說明頁面網址。https://datacenter.taichung.gov.tw/swagger/api-docs/","154;154;154;154;154;154;154"
"90132","10420-01-18-2 臺中市立各級學校教職員人數按官等及性別分","檔案資料","求學及進修","白金","JSON;JSON;JSON;JSON;JSON;JSON;JSON;JSON","https://newdatacenter.taichung.gov.tw/api/v1/no-auth/resource.download?rid=c113cd75-c3e8-4fee-85d1-df6d83e2908d;https://newdatacenter.taichung.gov.tw/api/v1/no-auth/resource.download?rid=653da023-86e4-4043-993e-ccc00f9d6a93;https://newdatacenter.taichung.gov.tw/api/v1/no-auth/resource.download?rid=0a44fbd9-ff6a-42b9-9c9d-d45131bd6941;https://newdatacenter.taichung.gov.tw/api/v1/no-auth/resource.download?rid=53f62701-a9e8-4460-81a1-1d374fdb79f2;https://newdatacenter.taichung.gov.tw/api/v1/no-auth/resource.download?rid=a48c1531-41bb-4014-bdf7-e7e5a7ecbbcd;https://newdatacenter.taichung.gov.tw/api/v1/no-auth/resource.download?rid=640ced5d-1549-4c6c-91a9-08cf4db5bd52;https://newdatacenter.taichung.gov.tw/api/v1/no-auth/resource.download?rid=46e96933-035e-48bb-950e-905669307f46;https://newdatacenter.taichung.gov.tw/api/v1/no-auth/resource.download?rid=cd5936b7-4940-47f5-89b3-697f5b28e310","UTF-8;UTF-8;UTF-8;UTF-8;UTF-8;UTF-8;UTF-8;UTF-8","系統介接程式","臺中市立各級學校教職員人數按官等及性別分","地區;項目;欄位名稱;數值;資料時間日期;資料週期;郵遞區號;機關代碼;電子郵件;行動電話;市話;縣市別代碼;行政區域代碼","臺中市政府教育局","不定期更新","政府資料開放授權條款-第1版","http://opendata.taichung.gov.tw/licenseTerms","免費","王慧琳","04-22289111#55835","2018-08-27 09:30:13","2026-03-10 17:53:34","臺中市政府OAS標準之API說明文件:https://datacenter.taichung.gov.tw/swagger/yaml/387040000E ，Swagger 產生API說明頁面網址。https://datacenter.taichung.gov.tw/swagger/api-docs/","52;52;52;52;52;52;52;52"
"86284","中央研究院歷年資訊訓練課程上課人數統計","檔案資料","求學及進修","金","CSV","https://drive.google.com/uc?id=16AJZQDNNSSKNbiSdsLK2JInIUrXEAHWn","UTF-8","原始資料","中央研究院歷年資訊訓練課程上課人數統計(2020-至今)","課程名稱;開課日期;堂數;總時數;實到人次","資訊服務處","不定期更新","政府資料開放授權條款-第1版","","免費","謝小姐","02-27898882","2018-06-22 00:00:00","2026-03-10 11:50:19","","55"
"86563","中央研究院歷年資訊訓練課程滿意度調查","檔案資料","求學及進修","金","CSV","https://drive.google.com/uc?id=1IXMIJfXHePDRBlTKxFNVbf3iXpB8XYZc","UTF-8","原始資料","中央研究院歷年資訊訓練課程滿意度調查(2020-至今)","開課日期;課程名稱;講師上課進度控制能力;講師上課表達能力;講師對上課內容熟練度;講師授課方法是否合宜;講師授課時問題的解答能力;教材內容的實用性;上課地點的硬體設備;上課地點的環境設施;視訊畫面品質;視訊聲音品質;課程主題與內容切合度;對本次課程的吸收程度;對未來工作上的實際應用程度;本次教育訓練整體服務","資訊服務處","不定期更新","政府資料開放授權條款-第1版","","免費","謝小姐","02-27898882","2018-06-27 00:00:00","2026-03-10 11:47:58","","50"
"86440","中央研究院歷年資訊相關訓練課程","檔案資料","求學及進修","金","CSV","https://drive.google.com/uc?id=1g1lyB3Bc8C4NdmGujI3ZSDSzFIo7gLcT","UTF-8","原始資料","中央研究院歷年資訊相關訓練課程(2020-至今)","課程分類;課程名稱;開課日期;時數;堂數;課程大綱;講師姓名;上課地點;限制人數;開放候補;開放院外人士參加;是否為資訊服務處訓練推廣課程;是否為全院課程","資訊服務處","不定期更新","政府資料開放授權條款-第1版","","免費","謝小姐","02-27898882","2018-06-26 00:00:00","2026-03-10 11:45:17","","55"
"162867","新住民學習中心據點資料","檔案資料","求學及進修","白金","CSV","https://ws.moe.edu.tw/Download.ashx?u=LzAwMS9VcGxvYWQvNi9yZWxmaWxlLzc4NTYvOTU0NjcvODM5NmQ4Y2UtNjkzYS00Yjg1LTk1OTctNjEzMmU5Y2RiNTIwLmNzdg%3d%3d&n=5paw5L2P5rCR5a2457%2bS5Lit5b%2bD5pOa6bue6LOH5paZLmNzdg%3d%3d&icon=..csv","UTF-8","原始資料","新住民學習中心基本資料，包括縣市、縣市代碼、郵遞區號、承辦單位、地址、電話。","序號;縣市代碼;縣市;設置地點;郵遞區號;地址;聯絡電話","教育部終身教育司","不定期更新","政府資料開放授權條款-第1版","https://ws.moe.edu.tw/Download.ashx?u=C099358C81D4876C5303003B8BD1CBF58658769BA32D83A6CFDD8BACEE1FE6A1CFE7710F5F64137F4FD93E579B28171D400381C471FDC28AA9B1EF3D23E5699BDF0554867D5442030BCDC4BB2BF08F71&n=FDBD24B31CECF2888FCA8C8A07EE0B0D8C577BBBCC38E63E68293EA27C5882670F2B9548C7732CCD&icon=..csv","免費","林建中","02-77365685","2023-06-27 00:00:00","2026-03-05 16:31:13","","39"
"173242","數位發展部資訊職能訓練年度開課計畫","檔案資料","求學及進修","金","CSV;ODS","https://www-api.moda.gov.tw/OpenData/Files/15130;https://www-api.moda.gov.tw/OpenData/Files/19084","UTF-8;其他","原始資料","提供最新年度開課計畫，包含開課課名、授課目標、授課對象、課程大綱等資料","開課年度;開課名稱;開課形式;目標;授課對象;課程大綱","數位發展部","每1年","政府資料開放授權條款-第1版","","免費","劉宗熹","02-23800253","2025-04-07 00:00:00","2026-03-05 14:52:36","","31;38"
"121151","臺北市中小學校學區","檔案資料","求學及進修","白金","CSV;CSV","https://data.taipei/api/dataset/678c5215-f14a-47e3-92bd-da43f9d7c7a9/resource/bb9a06d4-69b1-4987-8660-858790f389b3/download;https://data.taipei/api/dataset/678c5215-f14a-47e3-92bd-da43f9d7c7a9/resource/4ebe14e0-5539-4b43-985c-d3a0a5b351c9/download","UTF-8;UTF-8","系統介接程式","臺北市國民中學與國民小學學區資料","郵遞區號;行政區;里;鄰;學校學區","臺北市政府教育局","不定期更新","政府資料開放授權條款-第1版","","免費","張智寧","02-27208889#6365","2013-01-01 00:00:00","2026-03-04 17:31:44","",""
"163701","中央警察大學總務處各組性別統計表","檔案資料","求學及進修","白金","CSV","https://opdadm.moi.gov.tw/api/v1/no-auth/resource/api/dataset/D7BA64A9-0E7E-4072-9A21-BF82309BAF9C/resource/974900A4-D451-4964-919D-CB22F8C380D6/download","UTF-8","系統介接程式","說明本校總務處庶務組、經理組、保管組及警衛隊同仁性別統計情形。","Time Period_YYYYMM(統計期_年月);Unit(單位);Male(男性);Female(女性);Person(人);Professional ability(具採購專業人員資格人數)","中央警察大學","不定期更新","政府資料開放授權條款-第1版","","免費","吳梓瑄","03-3282321#4159","2023-06-30 13:49:35","2026-03-03 23:14:23","","4"
"6323","國立教育廣播電臺文教新聞(歷史)","檔案資料","求學及進修","無(白名單)","ODS","https://webapi.ner.gov.tw/WebUPD/GovInfo/2b6d6195f70a171f458a1e8b53e4061f.ods","其他","原始資料","本資料集主要提供各種文教新聞訊息摘要等資訊。","title;description;tag;pubDate;link","國立教育廣播電臺","不定期更新","政府資料開放授權條款-第1版","","免費","卓小姐","02-23880600#354","2013-09-25 00:00:00","2026-03-02 15:21:49","授權說明網址: http://data.gov.tw/license","100"
"6324","國立教育廣播電臺節目快訊(歷史)","檔案資料","求學及進修","無(白名單)","ODS","https://webapi.ner.gov.tw/WebUPD/GovInfo/cbde1c681b9a8bd873f3f0bcf4452c1f.ods","其他","原始資料","本資料集主要提供本臺各種節目快訊等資訊。","channel;title ;description ;pubDate ","國立教育廣播電臺","不定期更新","政府資料開放授權條款-第1版","","免費","卓小姐","02-23880600#354","2013-09-25 00:00:00","2026-03-02 15:20:24","授權說明網址: http://data.gov.tw/license","100"
"6321","國立教育廣播電臺公告事項(歷史)","檔案資料","求學及進修","無(白名單)","JSON","https://webapi.ner.gov.tw/nerwebPublic/api/BulletinBoard/GetBulletinBoardHistoryOpenData","UTF-8","原始資料","本資料集主要提供本臺各項公告民眾週知的訊息摘要等資訊。","images;pubDate;title;link;description","國立教育廣播電臺","不定期更新","政府資料開放授權條款-第1版","","免費","卓小姐","0223880600#354","2013-09-25 00:00:00","2026-03-02 14:10:25","授權說明網址: http://data.gov.tw/license","20"
"89304","中央研究院數位學習專區課程清單","檔案資料","求學及進修","金","ODS","https://its.sinica.edu.tw/archives/5b807a1e0ec9f817","其他","原始資料","提供中央研究院數位學習專區課程清單","課程類型;課程分類第一層;課程分類第二層;課程分類第三層;開課單位(加盟機關);課程編號;課程名稱;課程時數(分鐘);認證時數(小時);終身課程類別;環教類別代碼;講座;課程說明;課程目的;課程關鍵字;報名限制;課程及格成績;課程連結網址","資訊服務處","不定期更新","政府資料開放授權條款-第1版","https://sinica.elearn.hrd.gov.tw/","免費","章小姐","02-27898863","2018-08-08 00:00:00","2026-02-24 16:19:09","","249"
"176892","特殊教育各障礙類別學生人數統計","檔案資料","求學及進修","白金","CSV","https://www.k12ea.gov.tw//files/common_unit/e5379755-7857-422b-9d6f-e5c4690b0bcc/doc/114學年度特殊教育各障礙類別學生人數統計.csv","UTF-8","原始資料","提供各教育階段，包含學前、國小、國中及高中，各障礙類別學生人數之統計數據。 這些數據可應用於教育政策評估、資源分配，以及特殊教育服務需求分析。 相關數據能協助了解不同教育階段及障礙類別的學生人口分布，並作為長期趨勢分析的基礎。","障礙類別;學前-幼幼班(人數);學前-小班(人數);學前-中班(人數);學前-大班(人數);國小-一年級(人數);國小-二年級(人數);國小-三年級(人數);國小-四年級(人數);國小-五年級(人數);國小-六年級(人數);國中-一年級(人數);國中-二年級(人數);國中-三年級(人數);高中-一年級(人數);高中-二年級(人數);高中-三年級(人數)","教育部國民及學前教育署","不定期更新","政府資料開放授權條款-第1版","","免費","羅小姐","04-37061225","2026-02-23 00:00:00","2026-02-23 16:12:39","","13"
"142935","109學年度臺南市國民中學教師概況","檔案資料","求學及進修","白金","JSON;CSV","https://soa.tainan.gov.tw/Api/Service/Get/95764c77-4d41-4707-b615-f87e90953111;https://data.tainan.gov.tw/File/ResourceCsvDownload/95764c77-4d41-4707-b615-f87e90953111","UTF-8;UTF-8","系統介接程式","提供109學年度臺南市國民中學教師概況","項目別;子項目;總計;總計[男];總計[女];國立小計;國立[男];國立[女];市立小計;市立[男];市立[女];私立小計;私立[男];私立[女]","臺南市政府教育局","不定期更新","政府資料開放授權條款-第1版","https://data.tainan.gov.tw/DataSet/Detail/502fd5ab-ee72-4417-b066-fb112305a817","免費","辛龍香","(06)2991111","2021-06-26 06:13:59","2026-02-13 11:47:57","","1;1"
"142934","109學年度臺南市國民小學教師概況","檔案資料","求學及進修","白金","JSON;CSV","https://soa.tainan.gov.tw/Api/Service/Get/d0b599df-6170-429c-8dd4-b580f75e72bb;https://data.tainan.gov.tw/File/ResourceCsvDownload/d0b599df-6170-429c-8dd4-b580f75e72bb","UTF-8;UTF-8","系統介接程式","提供109學年度臺南市國民小學教師概況","項目別;總計;總計[男];總計[女];國立小計;國立[男];國立[女];市立小計;市立[男];市立[女];私立小計;私立[男];私立[女]","臺南市政府教育局","不定期更新","政府資料開放授權條款-第1版","https://data.tainan.gov.tw/DataSet/Detail/b6356b1c-ad97-4417-ae08-60b442bf981e","免費","辛龍香","(06)2991111","2021-06-26 06:21:46","2026-02-13 11:46:58","","1;1"
"28527","國家發展委員會圖書室外文圖書館藏目錄","檔案資料","求學及進修","白金","CSV","https://ws.ndc.gov.tw/Download.ashx?u=LzAwMS9hZG1pbmlzdHJhdG9yLzEwL3JlbGZpbGUvNTc4MS8zNzY2NC9mODhmMmRjNi00MjljLTQ0NjItYTVmNi1kZDU1MWJkYWM4YmMuY3N2&n=5ZyL55m85pyD5aSW5paH5ZyW5pu45riF5ZauLmNzdg%3d%3d&icon=.csv&state=preview","UTF-8","原始資料","提供國發會圖書室圖書類館藏目錄資訊，俾利產官學各界查詢利用","序號;題名;作者;出版者/出版地;出版年(西元年);版次;索書號","國家發展委員會","每6月","政府資料開放授權條款-第1版","https://www.ndc.gov.tw/News_Content.aspx?state=preview&s=C24D7218083AEF64&sms=9D3CAFD318C60877&n=9D32B61B1E56E558","免費","郭先生","02-23165300#5845","2016-03-09 00:00:00","2026-02-11 15:14:45","授權說明網址: https://data.gov.tw/license","1000"
"28528","國家發展委員會圖書室中文圖書館藏目錄","檔案資料","求學及進修","白金","CSV","https://ws.ndc.gov.tw/Download.ashx?u=LzAwMS9hZG1pbmlzdHJhdG9yLzEwL3JlbGZpbGUvNTc4MS8yODE4Ny9mYTNmMWU4Ny03NWYwLTQxZjAtYmIzZS00MjJkMWM5NmFiYjkuY3N2&n=5ZyL55m85pyD5ZyW5pu45a6k5Lit5paH5ZyW5pu45riF5ZauLmNzdg%3d%3d&icon=.csv","UTF-8","原始資料","提供國發會圖書室中文圖書類館藏目錄資訊，俾利產官學各界查詢利用","序號;題名;作者;出版者/出版地;出版年(民國年);版次;索書號;ISBN;頁數;","國家發展委員會","每6月","政府資料開放授權條款-第1版","https://www.ndc.gov.tw/News_Content.aspx?state=preview&s=E584E129E6660ED9&sms=9D3CAFD318C60877&n=9D32B61B1E56E558","免費","郭先生","02-23165300#5845","2016-03-09 00:00:00","2026-02-11 15:11:44","授權說明網址: https://data.gov.tw/license","1000"
"6487","海外華文教師研習會參加人數","檔案資料","求學及進修","無(白名單)","CSV","https://oas.ocac.gov.tw/OCAC_openDATA/API/CSV_EXPORT?TableID=A006487","UTF-8","原始資料","本資料集主要內容包括99年至114年各洲參加海外華文教師研習會之人數","年度;亞洲;美洲;歐洲、非洲;大洋洲","僑務委員會","每1年","政府資料開放授權條款-第1版","","免費","廖先生","02-23272678","2013-10-25 00:00:00","2026-02-06 13:57:13","授權說明網址: http://data.gov.tw/license","16"
"9621","大專校院各校科系別概況","檔案資料","求學及進修","無(白名單)","CSV;JSON","https://stats.moe.gov.tw/files/opendata/sdata.csv;https://stats.moe.gov.tw/files/opendata/sdata.json","UTF-8;UTF-8","原始資料","全臺灣大專校院科系別概況(含學生數,畢業生數,教師數)
備註：109學年以前專任教師數不含助教，110學年以後專任教師數含助教","學年度;學校代碼;學校名稱;科系代碼;科系名稱;日間∕進修別;等級別;學生數;教師數;上學年度畢業生數;縣市名稱;體系別","教育部統計處","每1年","政府資料開放授權條款-第1版","","免費","吳先生","02-77366370","2015-01-30 00:00:00","2026-02-04 16:34:01","更新頻率說明: 每學年度
授權說明網址: http://data.gov.tw/license","998;117991"
"9618","大專校院科系別正式修讀學位之大陸學生數","檔案資料","求學及進修","無(白名單)","CSV;JSON;CSV;JSON","https://stats.moe.gov.tw/files/opendata/chinas1a.csv;https://stats.moe.gov.tw/files/opendata/chinas1a.json;https://stats.moe.gov.tw/files/opendata/chinas2a.csv;https://stats.moe.gov.tw/files/opendata/chinas2a.json","UTF-8;UTF-8;UTF-8;UTF-8","原始資料","大專校院正式修讀學位之大陸學生：係指依「大陸地區人民來臺就讀專科以上學校辦法」入學並具正式學籍之大陸地區學生；本資料集學生以每年10月15日為資料標準日，按校別、科系別、學生來源所在地、等級別、性別、年級別、縣市別及體系別分；畢業生以每年10月統計前一學年度畢業生資訊，按校別、科系別、學生來源所在地、等級別、性別、縣市別及體系別分。","學年度;學校代碼;學校名稱;科系代碼;科系名稱;學生來源所在地;等級別;一年級男生;一年級女生;二年級男生;二年級女生;三年級男生;三年級女生;四年級男生;四年級女生;五年級男生;五年級女生;六年級男生;六年級女生;七年級男生;七年級女生;延修生男生;延修生女生;縣市名稱;體系別","教育部統計處","每1年","政府資料開放授權條款-第1版","","免費","吳先生","0277366370","2015-01-30 00:00:00","2026-02-04 16:32:51","更新頻率說明: 每學年度
授權說明網址: http://data.gov.tw/license","998;40427;998;13724"
"6291","大專校院外籍專任教師統計－按校別、國別、性別與職級別分","檔案資料","求學及進修","無(白名單)","CSV;JSON","https://stats.moe.gov.tw/files/opendata/foreignteacher1.csv;https://stats.moe.gov.tw/files/opendata/foreignteacher1.json","UTF-8;UTF-8","原始資料","大專校院外籍專任教師：係指符合「大專院校專任教師」定義且經過正式人事提聘程序聘用者；並具有行政院勞動部之外國人聘僱許可證；若有中華民國國籍之雙重國籍身分教師，亦需有行政院勞動部之外國人聘僱許可證者，始計入外籍教師。若外籍教師符合就業服務法第48條規定，與中華民國境內設有戶籍之國民結婚且獲居留者，則不論有無工作證均可計入，其中不包括學校聘任來自於大陸、香港、澳門等地區之專任境外教師；本資料集以每年10月15日為資料標準日，按校別、國別、性別及職級別分。","學年度;學校代號;學校名稱;國別代碼;國別名稱;教授男;教授女;副教授男;副教授女;助理教授男;助理教授女;講師男;講師女;其他男;其他女","教育部統計處","每1年","政府資料開放授權條款-第1版","","免費","吳先生","0277366370","2015-01-30 00:00:00","2026-02-04 16:31:56","更新頻率說明: 每學年度
授權說明網址: http://data.gov.tw/license","998;7196"
"6290","大專校院外籍專任教師統計－按校別、性別與職級別分","檔案資料","求學及進修","無(白名單)","CSV;JSON","https://stats.moe.gov.tw/files/opendata/foreignteacher.csv;https://stats.moe.gov.tw/files/opendata/foreignteacher.json","UTF-8;UTF-8","原始資料","大專校院外籍專任教師：係指符合「大專院校專任教師」定義且經過正式人事提聘程序聘用者；並具有行政院勞動部之外國人聘僱許可證；若有中華民國國籍之雙重國籍身分教師，亦需有行政院勞動部之外國人聘僱許可證者，始計入外籍教師。若外籍教師符合就業服務法第48條規定，與中華民國境內設有戶籍之國民結婚且獲居留者，則不論有無工作證均可計入，其中不包括學校聘任來自於大陸、香港、澳門等地區之專任境外教師；本資料集以每年10月15日為資料標準日，按校別、縣市別、性別及職級別分。","學年度;學校代號;學校名稱;縣市別;教授男;教授女;副教授男;副教授女;助理教授男;助理教授女;講師男;講師女;其他男;其他女","教育部統計處","每1年","政府資料開放授權條款-第1版","","免費","吳先生","0277366370","2015-01-30 00:00:00","2026-02-04 16:30:54","更新頻率說明: 每學年度
授權說明網址: http://data.gov.tw/license","998;1407"
"9624","大專校院各校科系別專任教師數","檔案資料","求學及進修","無(白名單)","CSV;JSON;CSV;JSON;CSV;JSON","https://stats.moe.gov.tw/files/opendata/teachers_103-104.csv;https://stats.moe.gov.tw/files/opendata/teachers_103-104.json;https://stats.moe.gov.tw/files/opendata/teachers_105.csv;https://stats.moe.gov.tw/files/opendata/teachers_105.json;https://stats.moe.gov.tw/files/opendata/teachers.csv;https://stats.moe.gov.tw/files/opendata/teachers.json","UTF-8;UTF-8;UTF-8;UTF-8;UTF-8;UTF-8","原始資料","大專院校專任教師：係指學校依據「教師法」、「教育人員任用條例」、「大學聘任專業技術人員擔任教學辦法」、「專科以上學校進用編制外專任教學人員實施原則」、「專科學校專業及技術教師遴聘辦法」「學校教職員退休條例」、「學校法人及其所屬私立學校教職員退休撫卹離職資遣條例」、「公立專科以上學校辦理教授副教授延長服務案件處理要點」、學校制定「專任教師基本授課時數」等相關規定聘任之專任教師，包括任教中、帶職帶薪、留職停薪及借調到政府單位之專任教師，但不包括借調至他校或民間之專任教師；本資料集以每年10月15日為資料標準日，按校別、日間進修別、科系別、性別、職級別、縣市別及體系別分。","學年度;學校代碼;學校名稱;科系代碼;科系名稱;日間∕進修別;教授男;教授女;副教授男;副教授女;助理教授男;助理教授女;講師男;講師女;其他男;其他女;助教男;助教女;縣市名稱;體系別","教育部統計處","每1年","政府資料開放授權條款-第1版","","免費","吳先生","0277366370","2015-01-30 00:00:00","2026-02-04 16:29:52","更新頻率說明: 每學年度
授權說明網址: http://data.gov.tw/license","998;7745;998;4535;998;37952"
"6233","大專校院校別專任教師數－學歷別","檔案資料","求學及進修","無(白名單)","CSV;JSON;CSV;JSON;CSV;JSON","https://stats.moe.gov.tw/files/opendata/degree_103-104.csv;https://stats.moe.gov.tw/files/opendata/degree_103-104.json;https://stats.moe.gov.tw/files/opendata/degree_105.csv;https://stats.moe.gov.tw/files/opendata/degree_105.json;https://stats.moe.gov.tw/files/opendata/degree.csv;https://stats.moe.gov.tw/files/opendata/degree.json","UTF-8;UTF-8;UTF-8;UTF-8;UTF-8;UTF-8","原始資料","大專院校專任教師：係指學校依據「教師法」、「教育人員任用條例」、「大學聘任專業技術人員擔任教學辦法」、「專科以上學校進用編制外專任教學人員實施原則」、「專科學校專業及技術教師遴聘辦法」「學校教職員退休條例」、「學校法人及其所屬私立學校教職員退休撫卹離職資遣條例」、「公立專科以上學校辦理教授副教授延長服務案件處理要點」、學校制定「專任教師基本授課時數」等相關規定聘任之專任教師人數，包括任教中、帶職帶薪、留職停薪及借調到政府單位之專任教師，但不包括借調至他校或民間之專任教師；本資料集以每年10月15日為資料標準日，按校別、日間進修別、教師學歷、性別、職級別、縣市別及體系別分。","學年度;學校代碼;學校名稱;日間∕進修別;教師學歷;教授男;教授女;副教授男;副教授女;助理教授男;助理教授女;講師男;講師女;其他男;其他女;助教男;助教女;縣市名稱","教育部統計處","每1年","政府資料開放授權條款-第1版","","免費","吳先生","0277366370","2015-01-30 00:00:00","2026-02-04 16:28:28","更新頻率說明: 每學年度
授權說明網址: http://data.gov.tw/license","998;1204;803;803;998;5656"
"6232","大專院校校別專任教師數","檔案資料","求學及進修","無(白名單)","CSV;JSON;CSV;JSON;CSV;JSON","https://stats.moe.gov.tw/files/opendata/teacher_103-104.csv;https://stats.moe.gov.tw/files/opendata/teacher_103-104.json;https://stats.moe.gov.tw/files/opendata/teacher_105.csv;https://stats.moe.gov.tw/files/opendata/teacher_105.json;https://stats.moe.gov.tw/files/opendata/teacher.csv;https://stats.moe.gov.tw/files/opendata/teacher.json","UTF-8;UTF-8;UTF-8;UTF-8;UTF-8;UTF-8","原始資料","大專院校專任教師：係指學校依據「教師法」、「教育人員任用條例」、「大學聘任專業技術人員擔任教學辦法」、「專科以上學校進用編制外專任教學人員實施原則」、「專科學校專業及技術教師遴聘辦法」「學校教職員退休條例」、「學校法人及其所屬私立學校教職員退休撫卹離職資遣條例」、「公立專科以上學校辦理教授副教授延長服務案件處理要點」、學校制定「專任教師基本授課時數」等相關規定聘任之專任教師，包括任教中、帶職帶薪、留職停薪及借調到政府單位之專任教師，但不包括借調至他校或民間之專任教師；本資料集以每年10月15日為資料標準日，按校別、日間進修別、科系別、性別、職級別、縣市別及體系別分。","學年度;學校代碼;學校名稱;日間∕進修別;教授男;教授女;副教授男;副教授女;助理教授男;助理教授女;講師男;講師女;其他男;其他女;助教男;助教女;縣市名稱;體系別","教育部統計處","每1年","政府資料開放授權條款-第1版","","免費","吳先生","0277366370","2015-01-30 00:00:00","2026-02-04 16:24:07","更新頻率說明: 每學年度
授權說明網址: http://data.gov.tw/license","329;329;268;268;998;1976"
"9623","大專院校各科系所學生數","檔案資料","求學及進修","無(白名單)","CSV;JSON;CSV;JSON;CSV;JSON","https://stats.moe.gov.tw/files/opendata/103-105_studentsc.csv;https://stats.moe.gov.tw/files/opendata/103-105_studentsc.json;https://stats.moe.gov.tw/files/opendata/106-112_studentsc.csv;https://stats.moe.gov.tw/files/opendata/106-112_studentsc.json;https://stats.moe.gov.tw/files/opendata/studentsc.csv;https://stats.moe.gov.tw/files/opendata/studentsc.json","UTF-8;UTF-8;UTF-8;UTF-8;UTF-8;UTF-8","原始資料","提供具備正式學籍之在學學生【男、女】總人數，包括本國籍學生、僑生、外國學生(含雙聯學制學生)、大陸地區來臺就讀之學位生等；但不包括選讀生、休退學生、學分班、交換生(非學位生)、保留入學資格或無學籍學生等；另國際專修部之學位先修生於112學年前不計列，113學年後計入本表；本資料集以每年10月15日為資料標準日，按細學類、細學類名稱、科系名稱、日間/進修別、等級別、年級別、姓別、縣市名稱、體系別。","學年度;細學類;細學類名稱;科系名稱;日間∕進修別;等級別;總計;男生計;女生計;一年級男生;一年級女生;二年級男生;二年級女生;三年級男生;三年級女生;四年級男生;四年級女生;五年級男生;五年級女生;六年級男生;六年級女生;七年級男生;七年級女生;延修生男生;延修生女生","教育部統計處","每1年","政府資料開放授權條款-第1版","","免費","田小姐","0277365747","2015-01-30 00:00:00","2026-02-02 15:49:57","更新頻率說明: 每學年度
授權說明網址: http://data.gov.tw/license","998;17879;998;64511;998;15364"
"9622","大專院校各校科系別學生數","檔案資料","求學及進修","無(白名單)","CSV;JSON;CSV;JSON;CSV;JSON","https://stats.moe.gov.tw/files/opendata/103-105_students.csv;https://stats.moe.gov.tw/files/opendata/103-105_students.json;https://stats.moe.gov.tw/files/opendata/106-112_students.csv;https://stats.moe.gov.tw/files/opendata/106-112_students.json;https://stats.moe.gov.tw/files/opendata/students.csv;https://stats.moe.gov.tw/files/opendata/students.json","UTF-8;UTF-8;UTF-8;UTF-8;UTF-8;UTF-8","原始資料","提供具備正式學籍之在學學生【男、女】總人數，包括本國籍學生、僑生、外國學生(含雙聯學制學生)、大陸地區來臺就讀之學位生等；但不包括選讀生、休退學生、學分班、交換生(非學位生)、保留入學資格或無學籍學生等；另國際專修部之學位先修生於112學年前不計列，113學年後計入本表；本資料集以每年10月15日為資料標準日，按學校代碼、學校名稱、科系代碼、科系名稱、日間/進修別、等級別、年級別、姓別、縣市名稱、體系別。","學年度;學校代碼;學校名稱;科系代碼;科系名稱;日間∕進修別;等級別;總計;男生計;女生計;一年級男生;一年級女生;二年級男生;二年級女生;三年級男生;三年級女生;四年級男生;四年級女生;五年級男生;五年級女生;六年級男生;六年級女生;七年級男生;七年級女生;延修生男生;延修生女生;縣市名稱;體系別","教育部統計處","每1年","政府資料開放授權條款-第1版","","免費","田小姐","0277365747","2015-01-30 00:00:00","2026-02-02 15:44:56","更新頻率說明: 每學年度
授權說明網址: http://data.gov.tw/license","998;29493;998;68808;998;19281"
"6231","大專院校校別學生數","檔案資料","求學及進修","無(白名單)","CSV;JSON;CSV;JSON","https://stats.moe.gov.tw/files/opendata/103-112_student.csv;https://stats.moe.gov.tw/files/opendata/103-112_student.json;https://stats.moe.gov.tw/files/opendata/student.csv;https://stats.moe.gov.tw/files/opendata/student.json","UTF-8;UTF-8;UTF-8;UTF-8","原始資料","提供具備正式學籍之在學學生【男、女】總人數，包括本國籍學生、僑生、外國學生(含雙聯學制學生)、大陸地區來臺就讀之學位生等；但不包括選讀生、休退學生、學分班、交換生(非學位生)、保留入學資格或無學籍學生等；另國際專修部之學位先修生於112學年前不計列，113學年後計入本表；本資料集以每年10月15日為資料標準日，按學校代碼、學校名稱、日間/進修別、等級別、年級別、姓別、縣市名稱、體系別。","學年度;學校代碼;學校名稱;日間∕進修別;等級別;總計;男生計;女生計;一年級男;一年級女;二年級男;二年級女;三年級男;三年級女;四年級男;四年級女;五年級男;五年級女;六年級男;六年級女;七年級男;七年級女;延修生男;延修生女;縣市名稱;體系別","教育部統計處","每1年","政府資料開放授權條款-第1版","","免費","田小姐","0277365747","2015-01-30 00:00:00","2026-02-02 15:38:51","更新頻率說明: 每學年度
授權說明網址: http://data.gov.tw/license","998;8224;998;1474"
"6240","國民小學校別資料","檔案資料","求學及進修","無(白名單)","CSV;CSV;CSV;CSV;CSV;JSON;CSV;JSON;CSV;JSON;CSV;JSON;CSV;JSON;CSV;JSON;CSV;JSON;CSV;JSON","https://stats.moe.gov.tw/files/detail/103/103_basec.csv;https://stats.moe.gov.tw/files/detail/104/104_basec.csv;https://stats.moe.gov.tw/files/detail/105/105_basec.csv;https://stats.moe.gov.tw/files/detail/106/106_basec.csv;https://stats.moe.gov.tw/files/detail/107/107_basec.csv;https://stats.moe.gov.tw/files/detail/107/107_basec.json;https://stats.moe.gov.tw/files/detail/108/108_basec.csv;https://stats.moe.gov.tw/files/detail/108/108_basec.json;https://stats.moe.gov.tw/files/detail/109/109_basec.csv;https://stats.moe.gov.tw/files/detail/109/109_basec.json;https://stats.moe.gov.tw/files/detail/110/110_basec.csv;https://stats.moe.gov.tw/files/detail/110/110_basec.json;https://stats.moe.gov.tw/files/detail/111/111_basec.csv;https://stats.moe.gov.tw/files/detail/111/111_basec.json;https://stats.moe.gov.tw/files/detail/112/112_basec.csv;https://stats.moe.gov.tw/files/detail/112/112_basec.json;https://stats.moe.gov.tw/files/detail/113/113_basec.csv;https://stats.moe.gov.tw/files/detail/113/113_basec.json;https://stats.moe.gov.tw/files/detail/114/114_basec.csv;https://stats.moe.gov.tw/files/detail/114/114_basec.json","UTF-8;UTF-8;UTF-8;UTF-8;UTF-8;UTF-8;UTF-8;UTF-8;UTF-8;UTF-8;UTF-8;UTF-8;UTF-8;UTF-8;UTF-8;UTF-8;UTF-8;UTF-8;UTF-8;UTF-8","原始資料","本資料集係提供自103學年起各學年國民小學各年級班級數、男女學生數、上學年男女畢業生數、男女專任教師數、男女職員數等校別資料","縣市代碼;縣市名稱;學校代碼;學校名稱;1年級班級數;2年級班級數;3年級班級數;4年級班級數;5年級班級數;6年級班級數;1年級男學生數;1年級女學生數;2年級男學生數;2年級女學生數;3年級男學生數;3年級女學生數;4年級男學生數;4年級女學生數;5年級男學生數;5年級女學生數;6年級男學生數;6年級女學生數;上學年男畢業生;上學年女畢業生;男專任教師;女專任教師;男職員;女職員","教育部統計處","每1年","政府資料開放授權條款-第1版","","免費","劉小姐","0277366380","2015-01-30 00:00:00","2026-02-02 10:59:03","更新頻率說明: 每學年度
授權說明網址: http://data.gov.tw/license","998;998;998;998;998;2663;998;2663;998;2668;998;2668;998;2672;998;2672;998;2668;998;2663"
"6286","大專校院校別職員.警衛.工友人數","檔案資料","求學及進修","無(白名單)","CSV;JSON","https://stats.moe.gov.tw/files/opendata/staff.csv;https://stats.moe.gov.tw/files/opendata/staff.json","UTF-8;UTF-8","原始資料","本資料集係提供自103學年起各學年之各大專校院職員(包括秘書、教務、學務、總務、會計、人事、圖書管理、體育衛生、產學合作(含育成)、國際交流、資訊、環境安全、助教、其他等各類人員)、警衛、工友等男、女人數及各校學校所在地縣市名稱、體系別等資料。","學年度;學校代碼;學校名稱;職員男;職員女;秘書男;秘書女;教務男;教務女;學務男;學務女;總務男;總務女;會計男;會計女;人事男;人事女;圖書管理男;圖書管理女;體育衛生男;體育衛生女;產學合作(含育成)男;產學合作(含育成)女;國際交流男;國際交流女;資訊男;資訊女;環境安全男;環境安全女;助教男;助教女;其他男;其他女;警衛男;警衛女;工友男;工友女;縣市名稱;體系別","教育部統計處","每1年","政府資料開放授權條款-第1版","","免費","姚小姐","02-77365756","2015-01-30 00:00:00","2026-01-30 14:54:19","更新頻率說明: 每學年度
授權說明網址: https://data.gov.tw/license","998;1810"
"6236","宗教研修學院概況－按校別分","檔案資料","求學及進修","無(白名單)","CSV;JSON","https://stats.moe.gov.tw/files/opendata/higherr.csv;https://stats.moe.gov.tw/files/opendata/higherr.json","UTF-8;UTF-8","原始資料","本資料集係提供自103學年起各學年之各宗教研修學院專任教師及職員男、女人數，及各教育階段學生數、上學年畢業生數等資料。","學年度;學校代碼;學校名稱;縣市別;專任教師數男;專任教師數女;職員數男;職員數女;學生數學士;學生數碩士;學生數博士;上學年畢業生數學士;上學年畢業生數碩士;上學年畢業生數博士","教育部統計處","每1年","政府資料開放授權條款-第1版","","免費","姚小姐","0277365756","2015-01-30 00:00:00","2026-01-30 14:01:32","更新頻率說明: 每學年度
授權說明網址: http://data.gov.tw/license","75;75"
"16401","資訊應用服務人才培訓計畫課程","檔案資料","求學及進修","白金","CSV","https://www.ida.gov.tw/opendata/03/KSD16401.csv","UTF-8","原始資料","本局培訓資訊應用服務人才，並針對產業結構優化之資訊應用服務等需求規劃新興課程，培養資訊服務業及產業優化各職能相關人才，充分足量培訓與養成優質資訊應用服務專業人力資源，以成為企業創造下一波持續性競爭力的關鍵成功因素，預期將可加速協助企業優化轉型目標之達成。為提供民眾及各相關機關瞭解參加資訊應用服務課程之管道，經濟部工業局特建置「資訊應用服務人才課程」資料集，提供課程完整資訊便民查詢。配合政府推動資料開放措施，經濟部工業局即日起開放資訊應用服務人才課程(https://www.ida.gov.tw/opendata/03/KSD16401.csv)提供相關開課資訊，包含課程名稱、開課單位、開課地點、開課日期、課程時數、課程簡介供下載，歡迎各界多加利用。","課程名稱;開課單位;開課地點;開課日期;課程時數;開課時間;課程簡介;招收對象;學員自付費用","數位發展部數位產業署","不定期更新","政府資料開放授權條款-第1版","http://idbittraining.iiiedu.org.tw/index01.htm","免費","陳先生","02-23808033","2015-06-30 00:00:00","2026-01-29 18:26:39","授權說明網址: http://data.gov.tw/license","37"
"16402","大專校院資訊應用服務創新競賽入圍決賽名單","檔案資料","求學及進修","白金","CSV","https://www-api.moda.gov.tw/OpenData/Files/18778","BIG5","原始資料","經濟部工業局自93年起結合資管學會共同主辦大專校院資訊應用服務創新競賽，藉由舉辦競賽活動協助產業尋找研發創意及人才。為提供民眾及各相關機構瞭解入圍本競賽作品資訊之管道，經濟部工業局特建置「大專校院資訊應用服務創新競賽入圍決賽名單」，提供入圍團隊專題及學校資訊便民查詢。配合政府推動資料開放措施，經濟部工業局自7月起開放全台本部大專校院資訊應用服務創新競賽入圍決賽名單，提供大專校院資訊應用服務創新競賽入圍決賽組別、學校、專題、得獎與否等供下載，因應數位發展部成立後，業務移撥至數位發展部數位產業署，爰更動提供機關，歡迎各界多加利用。","年度;報名名稱;學校名稱;專題名稱;是否得獎","數位發展部數位產業署","每1年","政府資料開放授權條款-第1版","https://innoserve.tca.org.tw/","免費","林先生","02-23808340","2015-06-30 00:00:00","2026-01-29 16:14:25","授權說明網址: https://data.gov.tw/license","0"
"135905","臺北市原住民族部落大學社區教室","檔案資料","求學及進修","白金","CSV","https://data.taipei/api/dataset/076911d0-c3cf-427e-9111-a0d37ff1750b/resource/f66158be-54d3-46ed-b90c-e22e6162c0e7/download","UTF-8","系統介接程式","臺北市原住民族部落大學社區教室地址","民國年;郵遞區號;教室;地址;行政區域","臺北市政府原住民族事務委員會","不定期更新","政府資料開放授權條款-第1版","","免費","張詩佳","02-2728889#2082","2020-12-16 00:00:00","2026-01-29 10:54:34","",""
"169087","通過校園性別事件調查專業人員培訓之人數","檔案資料","求學及進修","金","CSV","https://ws.moe.edu.tw/Download.ashx?u=LzAwMS9VcGxvYWQvMTAvcmVsZmlsZS84NzU4Lzk1MDU1LzlhZjJlZjc4LTdkNjgtNGQxOS05NjljLWMxOWE4ZjhlYWExMi5jc3Y%3d&n=MTY5MDg3LemAmumBjuagoeWckuaAp%2bWIpeS6i%2bS7tuiqv%2bafpeWwiOalreS6uuWToeWfueiok%2bS5i%2bS6uuaVuC3mm7TmlrDkuIrlgrMuY3N2&icon=..csv","BIG5","原始資料","教育部依據性別平等教育法培訓校園性別事件調查處理專業素養人才，並提供性別平等教育及校園性別事件防治知能之階段性培訓課程。又依據教育部校園性侵害性騷擾或性霸凌調查專業人員培訓及調查專業人才庫建置要點規定，對於依序完成初階、進階及高階培訓課程且取得結業證書者，即列冊提經教育部性別平等教育委員會審核通過後，納入調查專業人才庫。另對於納入人才庫之調查專業人員，則要求自納入之日起每3年應至少參加精進培訓課程1次。","年度;初階培訓人數;進階培訓人數;高階培訓人數;精進培訓人數","教育部學生事務及特殊教育司","不定期更新","政府資料開放授權條款-第1版","","免費","邱玉誠","02-77367824","2025-06-25 00:00:00","2026-01-16 18:28:47","","5"
"159100","性別平等教育碩博士論文及期刊論文獎助人數統計","檔案資料","求學及進修","白金","CSV","https://ws.moe.edu.tw/Download.ashx?u=LzAwMS9VcGxvYWQvMTAvcmVsZmlsZS84NzU4Lzg2NTY2Lzk5N2UzNmZmLWQ0MjAtNDdkNS1iMDU3LWZjNjI1ZmM4YTdmZi5jc3Y%3d&n=MTU5MTAw5oCn5Yil5bmz562J5pWZ6IKy5Y2a5aOr6KuW5paH5Y%2bK5pyf5YiK6KuW5paH542O5Yqp5Lq65pW457Wx6KiILeabtOaWsOS4iuWCsy5jc3Y%3d&icon=..csv","BIG5","原始資料","教育部為鼓勵性別平等教育學術及相關研究，提高上述議題之學術水準，訂定「教育部獎助性別平等教育碩博士論文及期刊論文要點」進行獎助。","年度;博士論文獎助人數;碩士論文獎助人數;期刊論文獎助人數","教育部學生事務及特殊教育司","不定期更新","政府資料開放授權條款-第1版","","免費","楊美雪","(02)7736-7830","2023-01-03 00:00:00","2026-01-16 18:14:37","","10"
"159072","教育部生命教育績優人員表揚名單","檔案資料","求學及進修","白金","CSV","https://www.guide.edu.tw/media/attachments/693049c5-d6fa-4403-8f74-76fad846aac2/159072-%E6%95%99%E8%82%B2%E9%83%A8%E7%94%9F%E5%91%BD%E6%95%99%E8%82%B2%E7%B8%BE%E5%84%AA%E4%BA%BA%E5%93%A1%E8%A1%A8%E6%8F%9A%E5%90%8D%E5%96%AE(csv)-%E6%9B%B4%E6%96%B0%E4%B8%8A%E5%82%B3(1141230).csv","BIG5","原始資料","教育部生命教育績優人員及特色學校頒獎典禮，以鼓勵生命教育績優人員，並分享推動生命教育經驗","年度;編號;組別;獲獎學校;獲獎人員","教育部學生事務及特殊教育司","每1年","政府資料開放授權條款-第1版","","免費","柯鈺萱","(02)7736-7856","2023-01-03 00:00:00","2026-01-16 18:06:07","","53"
"169074","生命教育碩博士論文及期刊論文計畫獲獎助名單","檔案資料","求學及進修","金","CSV","https://www.guide.edu.tw/media/attachments/d8aadbc8-1442-48bd-b754-a069ee73d856/169074%E7%94%9F%E5%91%BD%E6%95%99%E8%82%B2%E7%A2%A9%E5%8D%9A%E5%A3%AB%E8%AB%96%E6%96%87%E5%8F%8A%E6%9C%9F%E5%88%8A%E8%AB%96%E6%96%87%E8%A8%88%E7%95%AB%E7%8D%B2%E7%8D%8E%E5%8A%A9%E5%90%8D%E5%96%AE(csv)-%E6%9B%B4%E6%96%B0%E4%B8%8A%E5%82%B3.csv","BIG5","原始資料","教育部獎助生命教育碩博士論文及期刊論文，以鼓勵生命教育學術及研究，提高相關議題之學術水準","年度;組別;姓名;題目;指導教授;畢業學校系所;期刊名稱","教育部學生事務及特殊教育司","每1年","政府資料開放授權條款-第1版","","免費","何依娜","02-77367818","2025-06-25 00:00:00","2026-01-16 18:04:21","","0"
"157985","教育部生命教育特色學校表揚名單","檔案資料","求學及進修","白金","CSV","https://www.guide.edu.tw/media/attachments/51531a3c-96ba-42a4-9960-df9b86d2b767/157985%E6%95%99%E8%82%B2%E9%83%A8%E7%94%9F%E5%91%BD%E6%95%99%E8%82%B2%E7%89%B9%E8%89%B2%E5%AD%B8%E6%A0%A1%E8%A1%A8%E6%8F%9A%E5%90%8D%E5%96%AE(csv)-%E6%9B%B4%E6%96%B0%E4%B8%8A%E5%82%B3(1141230).csv","BIG5","原始資料","教育部生命教育特色學校表揚，希望透過表揚及分享，持續鼓勵各校發展特色並獎勵付出的教育現場同仁，並分享推動生命教育經驗。","年度;組別;學校名稱","教育部學生事務及特殊教育司","每1年","政府資料開放授權條款-第1版","","免費","柯鈺萱","02-7736-7856","2023-01-03 00:00:00","2026-01-16 18:03:02","","42"
"157960","教育部大專校院特殊教育服務「績優人員」獲獎名單","檔案資料","求學及進修","金","CSV","https://special.moe.gov.tw/api/file/download?filePath=uploads%5C8a5c928306cf4c6e99e057e8e4bc9210.csv","BIG5","原始資料","為肯定大專校院特殊教育輔導與服務人員久任及貢獻，並促進特教工作的經驗交流與傳承，並舉辦「表揚大專校院特殊教育服務與與輔導人員頒獎典禮暨研討交流會」","年度;編號;姓名;人員所屬學校;所在縣市","教育部學生事務及特殊教育司","每1年","政府資料開放授權條款-第1版","","免費","廖浚羽","02-7736-7898","2023-01-03 00:00:00","2026-01-16 17:55:58","","12"
"26423","大專校院身心障礙學生甄試各校系招生相關資料","檔案資料","求學及進修","白金","CSV","https://special.moe.gov.tw/api/file/download?filePath=uploads%5C1853fe82e8ee48d586facb278070c732.csv","BIG5","原始資料","依據歷年招生簡章資料彙整提供，內容包含大專校院身心障礙學生甄試各校系招生名額","學年度;障礙別;大專校院名稱;系科名稱;招生名額","教育部學生事務及特殊教育司","每1年","政府資料開放授權條款-第1版","http://enable.ncu.edu.tw/","免費","周小姐","0277367895","2016-01-14 00:00:00","2026-01-16 16:41:58","更新頻率說明: 每學年
授權說明網址: http://data.gov.tw/license","998"
"52485","嘉義市國中小學區劃分表","檔案資料","求學及進修","金","CSV","https://data.chiayi.gov.tw/opendata/api/getResource?oid=926c08ec-8cf5-4763-84ba-4a1410200dec&rid=e5d36aee-fddd-4487-b7e7-f1aa1a3fcc14","UTF-8","系統介接程式","嘉義市國民中小學學區劃分作業要點
一、中華民國99年3月22日府教國字第0991502813號函訂頒。
二、依據國民教育法第四條第二項規定訂定本作業要點。","校名;學區範圍","嘉義市政府","每1年","政府資料開放授權條款-第1版","https://data.chiayi.gov.tw","免費","教育處國民教育科 吳幸真","05-2254321分機360","2017-05-11 11:38:47","2026-01-16 16:40:34","","29"
"158007","教育部大專校院特殊教育服務「特色學校」獲獎名單","檔案資料","求學及進修","金","CSV","https://special.moe.gov.tw/api/file/download?filePath=uploads%5C6c6d5eda8e3442ac92bd87987d65c920.csv","BIG5","原始資料","教育部為肯定大專校院特殊教育輔導與服務人員久任及貢獻，協助推動特殊教育服務績效優良之大專校院。","年度;編號;獲獎學校;所在縣市","教育部學生事務及特殊教育司","每1年","政府資料開放授權條款-第1版","","免費","廖浚羽","02-7736-7898","2023-01-03 00:00:00","2026-01-16 16:38:54","","3"
"157959","教育部大專校院特殊教育服務與輔導人員服務獎勵措施 「久任感謝狀」獲獎人員名單","檔案資料","求學及進修","金","CSV","https://special.moe.gov.tw/api/file/download?filePath=uploads%5Cb5565b3b70744fba9ca78c87be7e68cf.csv","BIG5","原始資料","教育部為肯定大專校院特殊教育輔導與服務人員久任及貢獻，並促進特教工作的經驗交流與傳承，頒發獲獎人久任感謝狀。","年度;編號;姓名;人員所屬學校;獲獎類別","教育部學生事務及特殊教育司","每1年","政府資料開放授權條款-第1版","","免費","廖浚羽","02-7736-7898","2023-01-03 00:00:00","2026-01-16 16:37:19","","32"
"159074","教育部友善校園表揚名單","檔案資料","求學及進修","白金","CSV","https://ws.moe.edu.tw/Download.ashx?u=LzAwMS9VcGxvYWQvMTAvcmVsZmlsZS84NzYxLzk3MTY4LzM2NTc4ODkwLTJhYmUtNDgxZi05YzE3LTA0ZWEwNzFjNjY0Ny5jc3Y%3d&n=MTE05pWZ6IKy6YOo5Y%2bL5ZaE5qCh5ZyS542O6KGo5o%2ba5ZCN5ZauKOWNk%2bi2iuWtuOagoSkt5LiK5YKz5pu05pawLmNzdg%3d%3d&icon=..csv","BIG5","原始資料","獎勵推動學生事務與輔導工作表現卓越之公私立各級學校及傑出人員，激勵教育人員積極參與學輔創新工作，營造友善校園。","年度;編號;表揚單位","教育部學生事務及特殊教育司","每1年","政府資料開放授權條款-第1版","","免費","張沛儀","(02)7736-7806","2023-01-03 00:00:00","2026-01-16 14:11:44","","5"
"14145","全國大專校院學生社團評選暨觀摩活動得獎名單","檔案資料","求學及進修","白金","CSV","https://ws.moe.edu.tw/Download.ashx?u=LzAwMS9VcGxvYWQvMTAvcmVsZmlsZS84NzYxLzEwMzUxMy9mOTUyYjZhMC03N2NlLTQ4MjEtYmI3NC02MDRhMDRiMmQwMTkuY3N2&n=MTQxNDXlhajlnIvlpKflsIjmoKHpmaLlrbjnlJ%2fnpL7lnJjoqZXpgbjmmqjop4DmkanmtLvli5XlvpfnjY7lkI3llq4t5pu05paw5LiK5YKzLmNzdg%3d%3d&icon=..csv","BIG5","原始資料","為促進大專校院學生社團活動進步與發展，藉由社團評選暨觀摩活動提昇社團活動及經營品質，以發揮學生活動之教育功能。","年度;學校名稱;社團名稱;獲獎獎項","教育部學生事務及特殊教育司","每1年","政府資料開放授權條款-第1版","","免費","黃志豪","0277367806","2015-04-21 00:00:00","2026-01-15 18:51:39","授權說明網址: http://data.gov.tw/license","197"
"169089","教育部品德教育特色學校表揚學校名單","檔案資料","求學及進修","金","CSV","https://ws.moe.edu.tw/Download.ashx?u=LzAwMS9VcGxvYWQvMTAvcmVsZmlsZS84Nzg3LzEwMzU0MS84ZGFhZGE1NC1lOWI0LTQ1N2ItYWRlYi1iYWFkMWRiODAwOTcuY3N2&n=MTY5MDg5LeaVmeiCsumDqOWTgeW%2bt%2baVmeiCsueJueiJsuWtuOagoeihqOaPmuWQjeWWrmNzdi3mm7TmlrDkuIrlgrMuY3N2&icon=..csv","UTF-8","原始資料","為鼓勵品德教育推動具特色之學校，藉以激勵學校親師生全面參與品德校園文化之塑造，並透過分享各校之推動經驗，以形塑優質之校園品德文化。","序號;年度;表揚名單","教育部學生事務及特殊教育司","每1年","政府資料開放授權條款-第1版","","免費","劉禹呈","02-77367812","2025-06-25 00:00:00","2026-01-15 18:48:11","","90"
"157988","教育部我的未來我作主微電影競賽得獎名單","檔案資料","求學及進修","白金","CSV","https://depart.moe.edu.tw/ED2800/Common/HitCount.ashx?p=C535150A0F617C6860CE01B098F7F2109789188FC445F71F5A68B1573A6310F896E3F65D122BB0880FDC7DAF99D918BEF814CBD1D2F9CEFFCB3CC1E6927C2951FCA52533A363D833DAB50A8C0EE04885DC7882E6B173FB57646DC64AFCCDA03B&type=FB01D469347C76A7&s=965729D1ACC00601","BIG5","原始資料","我的未來我作主得獎名單分為「防制毒品」、「防制霸凌」兩主題各組金、銀、銅牌以及國際學生評審特別獎、不分組評審特別獎。","年度;獎項;組別;影片名稱;團隊名單","教育部學生事務及特殊教育司","每1年","政府資料開放授權條款-第1版","","免費","曹詩穎","02-7736-7931","2023-01-03 00:00:00","2026-01-15 18:35:37","","0"
"159071","教育部「防制學生藥物濫用」績優教育行政單位及學校名單","檔案資料","求學及進修","金","CSV","https://depart.moe.edu.tw/ED2800/Common/HitCount.ashx?p=C535150A0F617C6860CE01B098F7F2109789188FC445F71F5A68B1573A6310F896E3F65D122BB0880FDC7DAF99D918BEA2545637E6DD3FB6A8E5BDDD02AA59507E7BEE007F8DD5F605A43396F597A30AC1C63D05748CC65FA568B83D67909327&type=FB01D469347C76A7&s=7C34D574986CF4CB","BIG5","原始資料","為表揚年度推動「防制學生藥物濫用」工作績優機關學校，教育部及教育部國民及學前教育署共同辦理評選，評選各教育行政機關、大專校院、高中學校及國民中、小學。","編號;年度;績優單位","教育部學生事務及特殊教育司","每1年","政府資料開放授權條款-第1版","","免費","呂佳盈","(02)7736-7931","2023-01-03 00:00:00","2026-01-15 17:45:01","","145"
"176536","雲林縣政府114年度青年社團發展補助計畫補助名單(按月份分-12月)","檔案資料","求學及進修","白金","XLSX;CSV;XML;JSON","https://ws.yunlin.gov.tw/001/Upload/539/opendata/0/2361/8c50ba54-8456-4476-a837-54994ef3e0b5.xlsx;https://ws.yunlin.gov.tw/001/Upload/539/opendata/0/2361/8c50ba54-8456-4476-a837-54994ef3e0b5.csv;https://ws.yunlin.gov.tw/001/Upload/539/opendata/0/2361/8c50ba54-8456-4476-a837-54994ef3e0b5.xml;https://ws.yunlin.gov.tw/001/Upload/539/opendata/0/2361/8c50ba54-8456-4476-a837-54994ef3e0b5.json","UTF-8;UTF-8;UTF-8;UTF-8","系統介接程式","114年度青年社團發展補助計畫補助名單(按月份分-12月)","計畫編號;申請單位;申請補助項目;計畫總經費;自籌經費;申請補助經費;核准補助經費;核銷經費","雲林縣政府勞工處","每1月","政府資料開放授權條款-第1版","","免費","蔡小姐","05-5523622","2026-01-02 00:00:00","2026-01-15 10:31:41","","0;0;0;0"
"26232","大學、技專校院各校休學人數","檔案資料","求學及進修","銀","CSV","https://udb.moe.edu.tw/download/udata/static_file/114/學13-2.於學年底處於休學狀態之人數-以「校(含學制班別)」統計(111學年度起).csv","","原始資料","1.大專校院各校(學士班、碩士班、博士班)休學人數。
2.與大專校院校務資訊公開平臺之「學13-2.休學人數-以『校(含學制班別)』統計」資料來源相同。","學年度;設立別;學校類別;學校統計處代碼;學校名稱;學制班別;性別;在學學生數;於學年底處於休學狀態之人數-總計;於學年底處於休學狀態之人數-學生自請休學原因-小計;於學年底處於休學狀態之人數-學生自請休學原因-傷病;於學年底處於休學狀態之人數-學生自請休學原因-經濟困難;於學年底處於休學狀態之人數-學生自請休學原因-就讀學校;科系不符期待;於學年底處於休學狀態之人數-學生自請休學原因-學業成績不佳;於學年底處於休學狀態之人數-學生自請休學原因-工作;於學年底處於休學狀態之人數-學生自請休學原因-懷孕;於學年底處於休學狀態之人數-學生自請休學原因-育嬰;於學年底處於休學狀態之人數-學生自請休學原因-兵役;於學年底處於休學狀態之人數-學生自請休學原因-出國;於學年底處於休學狀態之人數-學生自請休學原因-論文撰寫;於學年底處於休學狀態之人數-學生自請休學原因-就學環境;於學年底處於休學狀態之人數-學生自請休學原因-家務或家人照顧;於學年底處於休學狀態之人數-學生自請休學原因-考試訓練;於學年底處於休學狀態之人數-學生自請休學原因-其他;於學年底處於休學狀態之人數-學校勒令休學原因-小計;於學年底處於休學狀態之人數-學校勒令休學原因-違反校規;於學年底處於休學狀態之人數-學校勒令休學原因-其他","教育部高等教育司","不定期更新","政府資料開放授權條款-第1版","https://udb.moe.edu.tw/DetailReportList/%E5%AD%B8%E7%94%9F%E9%A1%9E/StatUniversitySuspendStudent/Index","免費","蘇小姐","02-77365882","2016-01-06 00:00:00","2026-01-14 17:01:58","更新頻率說明: 每年10月
授權說明網址: http://data.gov.tw/license","0"
"176530","嘉義市公立國中小學校班級數","檔案資料","求學及進修","金","CSV;CSV;CSV;CSV","https://data.chiayi.gov.tw/opendata/api/getResource?oid=994373a2-4989-4fea-b326-e35e4176083d&rid=727fd30f-d3cd-4ab7-aa30-ef66014fa039;https://data.chiayi.gov.tw/opendata/api/getResource?oid=994373a2-4989-4fea-b326-e35e4176083d&rid=27ee96de-a08d-4f46-8114-e397306a658d;https://data.chiayi.gov.tw/opendata/api/getResource?oid=994373a2-4989-4fea-b326-e35e4176083d&rid=d3ed1723-f86f-402c-a02f-be16c47b35e9;https://data.chiayi.gov.tw/opendata/api/getResource?oid=994373a2-4989-4fea-b326-e35e4176083d&rid=3cae05f8-ea54-4177-b8d7-68011b367bff","UTF-8;UTF-8;UTF-8;UTF-8","系統介接程式","提供嘉義市公立國中小學校班級數量統計，包含普通班、藝術才能班、體育班、特教班等。","學年度;學校名稱;班級數總計;普通班;藝術才能班;體育班;集中式特教班","嘉義市政府","每1年","政府資料開放授權條款-第1版","https://data.chiayi.gov.tw","免費","教育處國民教育科 吳幸真","05-2254321","2025-10-09 00:00:00","2026-01-14 15:37:08","","28;28;28;28"
"176523","法務研究選輯","檔案資料","求學及進修","金","JSON","https://www.moj.gov.tw/2204/2771/2773/267790/","UTF-8","原始資料","法務部所屬機關單位研究計畫彙編","名稱;年度;出版年月;編輯者;檔案頁數;檔案位置","法務部綜合規劃司","每1年","政府資料開放授權條款-第1版","","免費","吳若箏","02-2191-0189#2073","2026-01-14 00:00:00","2026-01-14 11:02:46","","22"
"25631","技專校院修讀校際選課人次","檔案資料","求學及進修","金","CSV","https://udb.moe.edu.tw/download/udata/static_file/114/%E5%AD%B86.%E4%BF%AE%E8%AE%80%E6%A0%A1%E9%9A%9B%E9%81%B8%E8%AA%B2%E4%BA%BA%E6%AC%A1-%E4%BB%A5%E3%80%8C%E7%B3%BB(%E6%89%80)%E3%80%8D%E7%B5%B1%E8%A8%88.csv","UTF-8","原始資料","提供技專校院學生修讀校際選課人次","學年度;學期;設立別;學校類別;學校統計處代碼;學校名稱;系所代碼;系所名稱;學制班別;修讀校際選課人次小計;修讀校際選課人次男;修讀校際選課人次女","教育部技術及職業教育司","不定期更新","政府資料開放授權條款-第1版","https://udb.moe.edu.tw/","免費","邱小姐","0277366740","2015-12-23 00:00:00","2026-01-14 09:07:45","授權說明網址: http://data.gov.tw/license","998"
"155628","中央警察大學刑事鑑識大樓實驗室一覽表","檔案資料","求學及進修","金","CSV","https://opdadm.moi.gov.tw/api/v1/no-auth/resource/api/dataset/E5B37C08-3036-45E3-8D34-C0C853A7031D/resource/DCEB3956-9080-4DA4-8DF5-6C13ADA95E05/download","UTF-8","系統介接程式","中央警察大學刑事鑑識大樓各實驗室一覽表：包括實驗室編號、實驗室名稱、實驗室所屬系所單位、樓層、分機及管理人","Room_Number(實驗室編號);Laboratory(實驗室名稱);Department(所屬單位);Building_amd_Floor(棟別樓層);Extension(電話分機);Manager(管理人)","中央警察大學","不定期更新","政府資料開放授權條款-第1版","","免費","藍俊麟","03-3282321#5065","2022-06-08 14:34:06","2026-01-13 16:30:26","","57"
"152762","111年資訊管理學系教職員通訊","檔案資料","求學及進修","金","CSV","https://opdadm.moi.gov.tw/api/v1/no-auth/resource/api/dataset/9BFB1ACE-F563-4C53-908E-B09E48D83F6B/resource/C24D971F-BA9E-4884-9F57-41D75E5FEF01/download","UTF-8","系統介接程式","資訊管理學系所屬教職員校內辦公室及分機電話資訊","Name;Office_Extension","中央警察大學","不定期更新","政府資料開放授權條款-第1版","","免費","周韋君","03-3282321#4224","2022-05-13 09:12:59","2026-01-13 16:26:17","","9"
"163043","資管系教師資料","檔案資料","求學及進修","金","CSV","https://opdadm.moi.gov.tw/api/v1/no-auth/resource/api/dataset/5D3CCCCE-7293-4841-96D4-176DC06C182E/resource/5C6D6DBE-EEC1-471B-A2EB-04CC02685A58/download","UTF-8","系統介接程式","教師名及其專長","Name(姓名);Email(電子郵件);Specialty(專長)","中央警察大學","不定期更新","政府資料開放授權條款-第1版","","免費","周韋君","03-3282321#4224","2023-06-21 09:46:51","2026-01-13 16:23:12","","8"
"25636","技專校院學雜費收費基準","檔案資料","求學及進修","銀","CSV","https://udb.moe.edu.tw/download/udata/static_file/114/校1-2.日間學士班以下學費、雜費收費基準-以「學院」統計(111學年度起).csv","","原始資料","提供111學年度起的技專校院日間學士班學雜費收費情形","學年度;設立別;學校類別;學校統計處代碼;學校名稱;日間學制學士班學雜費收費基準-醫學系;日間學制學士班學雜費收費基準-牙醫學系;日間學制學士班學雜費收費基準-醫學院;日間學制學士班學雜費收費基準-工學院;日間學制學士班學雜費收費基準-理農學院;日間學制學士班學雜費收費基準-商學院;日間學制學士班學雜費收費基準-文法學院;日間學制學士班學雜費收費基準-其他;日間學制副學士學雜費收費基準五專後2年;二專-護理類;日間學制副學士學雜費收費基準五專後2年;二專-衛生類;日間學制副學士學雜費收費基準五專後2年;二專-家事類;日間學制副學士學雜費收費基準五專後2年;二專-商業類;日間學制副學士學雜費收費基準五專後2年;二專-工業類;日間學制副學士學雜費收費基準五專後2年;二專-農業與食品類;日間學制副學士學雜費收費基準五專後2年;二專-餐旅類;日間學制副學士學雜費收費基準五專後2年;二專-藝術與設計類","教育部技術及職業教育司","不定期更新","政府資料開放授權條款-第1版","https://udb.moe.edu.tw/","免費","邱小姐","0277366740","2015-12-23 00:00:00","2026-01-12 22:53:35","授權說明網址: http://data.gov.tw/license","0"
"25634","技專校院建立跨國學位合作(雙聯學制)校數","檔案資料","求學及進修","金","CSV","https://udb.moe.edu.tw/download/udata/static_file/114/學11.學校辦理國際合作與交流資料表-以「校」統計.csv","UTF-8","原始資料","提供技專校院建立跨國學位合作(雙聯學制)情形","學年度;設立別;學校類別;學校統計處代碼;學校名稱;合作學校國家(地區)別;合作學校國家(地區)區域別;與國外及兩岸學校建立姊妹校數(109.02新增);建立跨國學位合作 (雙聯學制)學校數;與國外及兩岸學校進行學術合作交流計畫之件數(109.02新增)","教育部技術及職業教育司","不定期更新","政府資料開放授權條款-第1版","https://udb.moe.edu.tw/","免費","邱小姐","0277366740","2015-12-23 00:00:00","2026-01-12 19:03:51","授權說明網址: http://data.gov.tw/license","998"
"25635","技專校院本國學生出國進修交流數","檔案資料","求學及進修","金","CSV","https://udb.moe.edu.tw/download/udata/static_file/114/學5.日間學制本國學生出國進修交流人數-以「系(所)」統計.csv","UTF-8","原始資料","提供我國技專校院學生出國進修交流情形","學年度;學期;設立別;學校類別;學校統計處代碼;學校名稱;系所代碼;系所名稱;學制班別(日間);進修交流國家(地區)別;進修交流國家(地區)區域別;本國學生出國進修交流至少1學期(修讀學分)以上人數小計;本國學生出國進修交流至少1學期(修讀學分)以上人數男;本國學生出國進修交流至少1學期(修讀學分)以上人數女;本國學生出國進修交流未滿1學期(修讀學分)人數小計;本國學生出國進修交流未滿1學期(修讀學分)人數男;本國學生出國進修交流未滿1學期(修讀學分)人數女","教育部技術及職業教育司","不定期更新","政府資料開放授權條款-第1版","https://udb.moe.edu.tw/","免費","邱小姐","0277366740","2015-12-23 00:00:00","2026-01-12 19:01:37","授權說明網址: http://data.gov.tw/license","998"
"25633","技專校院修讀雙主修人次","檔案資料","求學及進修","金","CSV","https://udb.moe.edu.tw/download/udata/static_file/114/學8.修讀雙主修人次-以「系(所)」統計.csv","UTF-8","原始資料","提供技專校院學生修讀雙主修人次","學年度;學期;設立別;學校類別;學校統計處代碼;學校名稱;系所代碼;系所名稱;學制班別;修讀雙主修人次小計;修讀雙主修人次男;修讀雙主修人次女","教育部技術及職業教育司","不定期更新","政府資料開放授權條款-第1版","https://udb.moe.edu.tw/","免費","邱小姐","0277366740","2015-12-23 00:00:00","2026-01-12 19:00:00","授權說明網址: http://data.gov.tw/license","998"
"26228","大學、技專校院各系所註冊率","檔案資料","求學及進修","金","CSV","https://udb.moe.edu.tw/download/udata/static_file/114/學12-1.新生(含境外生)註冊率-以「系(所)」統計.csv","UTF-8","原始資料","1.大專校院各系所(學士班、碩士班、博士班)註冊率。
2.與大專校院校務資訊公開平臺之「學12-1.新生註冊率-以『系(所)』統計」資料來源相同。","學年度;設立別;學校類別;學校統計處代碼;學校名稱;系所代碼;系所名稱;日間/進修;學制班別;當學年度總量內核定新生招生名額(A);當學年度新生保留入學資格人數(B);當學年度總量內新生招生核定名額之實際註冊人數(C);當學年度各學系境外(新生)學生實際註冊人數 (E);當學年度新生註冊率(%)D=〔(C+E)/(A-B+E)〕＊100％;當學年度系所招生特色說明;當學年度招生特色說明資訊網","教育部高等教育司","不定期更新","政府資料開放授權條款-第1版","https://udb.moe.edu.tw/DetailReportList/%E5%AD%B8%E7%94%9F%E9%A1%9E/StatDepartmentRegistrationRate/Index","免費","楊小姐","02-77365878","2016-01-06 00:00:00","2026-01-12 18:52:29","更新頻率說明: 每年10月
授權說明網址: http://data.gov.tw/license","0"
"24726","大專校院學雜費收費基準","檔案資料","求學及進修","銀","CSV","https://udb.moe.edu.tw/download/udata/static_file/114/校1-2.日間學士班以下學費、雜費收費基準-以「學院」統計(111學年度起).csv","","原始資料","1.提供大學校院各學院(系) 日間學制學士班學雜費收費基準。
2.與大專校院校務資訊公開平臺之「校1-2.日間學士班以下學費、雜費收費基準-以『學院』統計」資料相同。","學年度,設立別,學校類別,學校統計處代碼,學校名稱,日間學制學士班學雜費收費基準-醫學系,日間學制學士班學雜費收費基準-牙醫學系,日間學制學士班學雜費收費基準-醫學院,日間學制學士班學雜費收費基準-工學院,日間學制學士班學雜費收費基準-理農學院,日間學制學士班學雜費收費基準-商學院,日間學制學士班學雜費收費基準-文法學院,日間學制學士班學雜費收費基準-其他,日間學制副學士學雜費收費基準(五專後2年;二專)-護理類,日間學制副學士學雜費收費基準(五專後2年;二專)-衛生類,日間學制副學士學雜費收費基準(五專後2年;二專)-家事類,日間學制副學士學雜費收費基準(五專後2年;二專)-商業類,日間學制副學士學雜費收費基準(五專後2年;二專)-工業類,日間學制副學士學雜費收費基準(五專後2年;二專)-農業與食品類,日間學制副學士學雜費收費基準(五專後2年;二專)-餐旅類,日間學制副學士學雜費收費基準(五專後2年;二專)-藝術與設計類","教育部高等教育司","不定期更新","政府資料開放授權條款-第1版","","免費","林小姐","02-77365238","2015-11-23 00:00:00","2026-01-12 18:47:19","更新頻率說明: 每年10月
授權說明網址: http://data.gov.tw/license","0"
"25632","技專校院修讀輔系人次","檔案資料","求學及進修","金","CSV","https://udb.moe.edu.tw/download/udata/static_file/114/學7.修讀輔系人次-以「系(所)」統計.csv","UTF-8","原始資料","提供技專校院學生修讀輔系人次","學年度;學期;設立別;學校類別;學校統計處代碼;學校名稱;系所代碼;系所名稱;學制班別;修讀輔系人次小計;修讀輔系人次男;修讀輔系人次女","教育部技術及職業教育司","不定期更新","政府資料開放授權條款-第1版","https://udb.moe.edu.tw/","免費","邱小姐","0277366740","2015-12-23 00:00:00","2026-01-12 18:45:17","授權說明網址: http://data.gov.tw/license","998"
"26210","大學、技專校院各系所僑生、港澳生數","檔案資料","求學及進修","金","CSV","https://udb.moe.edu.tw/download/udata/static_file/114/學3-3.僑生、港澳生數及其在學比率-以「系(所)」統計.csv","UTF-8","原始資料","1.大專校院各系所(學士班、碩士班、博士班)僑生、港澳生數。
2.與大專校院校務資訊公開平臺之「學3-3.僑生、港澳生數及其在學比率-以『系(所)』統計」資料相同。","學年度;設立別;學校類別;學校統計處代碼;學校名稱;系所代碼;系所名稱;學制班別(日間);僑生小計;僑生男;僑生女;港澳生小計;港澳生男;港澳生女;僑生及港澳生數之在學比率(%)","教育部高等教育司","不定期更新","政府資料開放授權條款-第1版","","免費","洪小姐","02-77365893","2016-01-06 00:00:00","2026-01-12 18:33:54","更新頻率說明: 每年10月
授權說明網址: http://data.gov.tw/license","998"
"15759","技專校院專利獲得件數情形","檔案資料","求學及進修","金","CSV","https://udb.moe.edu.tw/download/udata/static_file/114/%E7%A0%943.%E5%AD%B8%E6%A0%A1%E7%94%B3%E8%AB%8B%E5%B0%88%E5%88%A9%E3%80%81%E6%96%B0%E5%93%81%E7%A8%AE%E5%8F%8A%E6%8E%88%E6%AC%8A%E4%BB%B6%E6%95%B8-%E4%BB%A5%E3%80%8C%E6%A0%A1%E3%80%8D%E7%B5%B1%E8%A8%88.csv","UTF-8","原始資料","依據教育部產學合作資訊網資料提供，內容包含各學年度技專校院專利獲得情形","年度;設立別;學校類別;學校統計處代碼;學校名稱;中華民國有實體審查-小計;中華民國有實體審查-專利公告數;中華民國有實體審查-新品種數;美國專利公告數;其他國家有實體審查-小計;其他國家有實體審查-專利公告數;其他國家有實體審查-新品種數;已授權-小計;已授權-專利公告數;已授權-新品種數","教育部技術及職業教育司","不定期更新","政府資料開放授權條款-第1版","https://depart.moe.edu.tw/ed2300/News.aspx?n=B367A990348F663E&sms=93B5CE944C75661B","免費","王小姐","0277366199","2015-06-04 00:00:00","2026-01-12 18:33:13","授權說明網址: http://data.gov.tw/license","836"
"26221","大學、技專校院各校各系所專任教師數","檔案資料","求學及進修","金","CSV;CSV","https://udb.moe.edu.tw/download/udata/static_file/114/教1-1.專任教師數-以「系(所)」統計.csv;https://udb.moe.edu.tw/download/udata/static_file/114/教1-2.專任教師數-以「校」統計.csv","UTF-8;UTF-8","原始資料","1.大專校院各系所專任教師數。
2.與大專校院校務資訊公開平臺之「教1-1.專任教師數-以『系(所)』統計」及「教1-2.專任教師數-以『校」統計』資料相同。","學年度;設立別;學校類別;學校統計處代碼;學校名稱;單位代碼;單位名稱;專任教師數-教師總數總計;專任教師數-教師總數男;專任教師數-教師總數女;專任教師數-教授男;專任教師數-教授女;專任教師數-副教授男;專任教師數-副教授女;專任教師數-助理教授男;專任教師數-助理教授女;專任教師數-講師男;專任教師數-講師女;專任教師數-其他教師男;專任教師數-其他教師女;專任助理教授以上人數-總計;專任助理教授以上人數-男;專任助理教授以上人數-女;專任講師以上人數-總計;專任講師以上人數-男;專任講師以上人數-女","教育部高等教育司","不定期更新","政府資料開放授權條款-第1版","","免費","魏小姐、周小姐","02-77366713、02-77365790","2016-01-06 00:00:00","2026-01-12 18:25:49","更新頻率說明: 每年10月
授權說明網址: http://data.gov.tw/license","998;998"
"24724","大專校院修讀輔系人次","檔案資料","求學及進修","金","CSV","https://udb.moe.edu.tw/download/udata/static_file/114/學7.修讀輔系人次-以「系(所)」統計.csv","UTF-8","原始資料","1.提供大專校院各學系、各學制之學生修讀輔系人次。
2.與大專校院校務資訊公開平臺之「學7.修讀輔系人次-以『系(所)』統計」資料相同。","學年度;學期;設立別;學校類別;學校統計處代碼;學校名稱;系所代碼;系所名稱;學制班別;修讀輔系人次小計;修讀輔系人次男;修讀輔系人次女","教育部高等教育司","不定期更新","政府資料開放授權條款-第1版","","免費","溫小姐","02-77365991","2015-11-23 00:00:00","2026-01-12 18:10:30","更新頻率說明: 每年3月及10月
授權說明網址: http://data.gov.tw/license","998"
"26208","大學、技專校院各系所外國學生數","檔案資料","求學及進修","金","CSV","https://udb.moe.edu.tw/download/udata/static_file/114/學3-2.外國學生數及其在學比率-以「系(所)」統計.csv","UTF-8","原始資料","1.大專校院各系所(學士班、碩士班、博士班)外國學生數。本表外國學生數包含外籍生及雙聯學制之外國學生【男、女】數(不含境外專班之外國學生)：
（1）外國學生：係指未具僑生身分，依「外國學生來臺就學辦法」或依國內一般升學管道入學，並具正式學籍之外國學生。
（2）雙聯學制：係指國內各大學校院透過與國外大學建立學術合作關係簽訂合作合約，並符合「大學辦理國外學歷採認辦法」之相關規定者，且於二校當地修習學分數，累計須各達獲頒學位所需總學分數之1/3以上，同時符合「大學辦理國外學歷採認辦法」第6條修讀期間之規定，並由二校各頒或共頒合乎各校所遵行之教育法令之學位。
2.與大專校院校務資訊公開平臺之「學3-2.外國學生數及其在學比率-以『系(所)』統計」資料相同。","學年度;設立別;學校類別;學校統計處代碼;學校名稱;系所代碼;系所名稱;學制班別(日間);外國學生小計;外國學生數男;外國學生女;外國學生數之在學比率(%)","教育部高等教育司","不定期更新","政府資料開放授權條款-第1版","","免費","洪小姐","02-77365893","2016-01-06 00:00:00","2026-01-12 18:07:25","更新頻率說明: 每年10月
授權說明網址: http://data.gov.tw/license","998"
"26216","公立大專校院各校課程、採購及校務資訊公告網址","檔案資料","求學及進修","金","CSV","https://udb.moe.edu.tw/download/udata/static_file/114/校14.學校課程、採購及校務資訊公開網址-以「校」統計.csv","UTF-8","原始資料","1.提供公立大專校院各校課程資訊公開網址、採購案件公告網址及校務資訊公開網址。
2.與大專校院校務資訊公開平臺之「校14.學校課程、採購及校務資訊公開網址-以『校』統計」資料相同。","學年度;設立別;學校類別;學校統計處代碼;學校名稱;課程資訊公開網址;採購案件公告網址;校務暨財務公開專區","教育部高等教育司","不定期更新","政府資料開放授權條款-第1版","","免費","賴小姐","02-77365914","2016-01-06 00:00:00","2026-01-12 18:06:07","授權說明網址: http://data.gov.tw/license","0"
"26224","大學、技專校院各系所外籍專任教師數","檔案資料","求學及進修","金","CSV","https://udb.moe.edu.tw/download/udata/static_file/114/教3-1.外籍專任教師數-以「系(所)」統計.csv","UTF-8","原始資料","1.大專校院各系所外籍專任教師數。
2.與大專校院校務資訊公開平臺之「教3-1.外籍專任教師數-以『系(所)』統計」資料相同。","學年度;設立別;學校類別;學校統計處代碼;學校名稱;單位代碼;單位名稱;外籍專任教師數-教師總數總計;外籍專任教師數-教師總數男;外籍專任教師數-教師總數女;外籍專任教師數-教授男;外籍專任教師數-教授女;外籍專任教師數-副教授男;外籍專任教師數-副教授女;外籍專任教師數-助理教授男;外籍專任教師數-助理教授女;外籍專任教師數-講師男;外籍專任教師數-講師女;外籍專任教師數-其他教師男;外籍專任教師數-其他教師女","教育部高等教育司","不定期更新","政府資料開放授權條款-第1版","","免費","魏小姐、周小姐","02-77366713、02-77365790","2016-01-06 00:00:00","2026-01-12 18:05:11","更新頻率說明: 每年10月
授權說明網址: http://data.gov.tw/license","998"
"26230","大學、技專校院各校學生宿舍床位數","檔案資料","求學及進修","金","CSV","https://udb.moe.edu.tw/download/udata/static_file/114/校8.提供學生住宿人數及其比率-以「校」統計.csv","UTF-8","原始資料","1.大專校院各校學生宿舍床位數。
2.與大專校院校務資訊公開平臺之「校8.提供學生住宿人數及其比率-以『校』統計」資料來源相同。","學年度;設立別;學校類別;學校統計處代碼;學校名稱;縣市別;申請學校宿舍人數(A);學生實際住宿情形-自有宿舍住宿人數-小計(B);學生實際住宿情形-自有宿舍住宿人數-男;學生實際住宿情形-自有宿舍住宿人數-女;學生實際住宿情形-學校租賃宿舍住宿人數-小計(C);學生實際住宿情形-學校租賃宿舍住宿人數-男;學生實際住宿情形-學校租賃宿舍住宿人數-女;學生校外租屋人數(107學年度新增)-小計(D);學生校外租屋人數(107學年度新增)-男;學生校外租屋人數(107學年度新增)-女;學校提供學生實際住宿之比率(%)E=(B+C)/（B+C+D）","教育部高等教育司","不定期更新","政府資料開放授權條款-第1版","https://udb.moe.edu.tw/DetailReportList/%E6%A0%A1%E5%8B%99%E9%A1%9E/StatStudentDormitory/Index","免費","林先生","02-77366305","2016-01-06 00:00:00","2026-01-12 18:04:06","更新頻率說明: 每年10月
授權說明網址: http://data.gov.tw/license","0"
"30383","私立大專校院各校財務報表公告網址","檔案資料","求學及進修","金","CSV","https://udb.moe.edu.tw/download/udata/static_file/114/財2-4.私立學校財務報表公告網址.csv","UTF-8","原始資料","1.提供私立大專校院各校財務報表公告網址。
2.與大專校院校務資訊公開平臺之「財2-4.私立學校財務報表公告網址」資料來源相同。","設立別;學校類別;學校統計處代碼;學校名稱;財務報表公告網址","教育部高等教育司","不定期更新","政府資料開放授權條款-第1版","https://udb.moe.edu.tw/DetailReportList/%E8%B2%A1%E5%8B%99%E9%A1%9E/AccountingPrivateFinanceUrl/Index","免費","張小姐","02-77365960","2016-04-14 00:00:00","2026-01-12 17:56:16","更新頻率說明: 每年10月
授權說明網址: http://data.gov.tw/license","0"
"43330","查核公立大專校院學校財務狀況結果追蹤辦理情形","檔案資料","求學及進修","金","CSV","https://udb.moe.edu.tw/download/udata/static_file/114/財1-6.查核國立各校財務狀況結果及追蹤辦理情形-以「校」統計.csv","UTF-8","原始資料","1.提供本部查核公立大專校院學校財務狀況結果追蹤辦理情形。
2.與大專校院校務資訊公開平臺之「財1-6.查核國立各校財務狀況結果及追蹤辦理情形-以『校』統計」資料來源相同。","查核年度;設立別;學校類別;學校統計處代碼;學校名稱;受查範圍(年度);未發現重大異常情形;須持續追蹤改善-建議改進事項(件);須持續追蹤改善-更正事項(件);須持續追蹤改善-收回事項(件);須持續追蹤改善-查明事項(件);須持續追蹤改善-其他事項(件);本部持續追蹤改善結果說明;備註","教育部高等教育司","不定期更新","政府資料開放授權條款-第1版","https://udb.moe.edu.tw/DetailReportList/%E8%B2%A1%E5%8B%99%E9%A1%9E/AccountingPublicFinancialStatusFollowUp/Index","免費","許小姐","02-77365952","2017-02-17 00:00:00","2026-01-12 17:54:13","更新頻率說明: 每年10月
授權說明網址: http://data.gov.tw/license","21"
"43329","委託會計師查核私立大專校院各校財務狀況結果","檔案資料","求學及進修","金","CSV","https://udb.moe.edu.tw/download/udata/static_file/114/財2-9.查核私立各校財務狀況結果及追蹤辦理情形-以「校」統計.csv","UTF-8","原始資料","1.提供本部委託會計師查核私立大專校院各校財務狀況結果。
2.與大專校院校務資訊公開平臺之「財2-9.查核私立各校財務狀況結果及追蹤辦理情形-以『校』統計」資料來源相同。","查核年度;設立別;學校類別;學校統計處代碼;學校名稱;受查範圍(學年度);未發現重大異常情形;須持續追蹤改善(交易循環；建議改進事項、更正事項、收回事項、其他事項；件);本部持續追蹤改善結果說明;備註","教育部高等教育司","不定期更新","政府資料開放授權條款-第1版","https://udb.moe.edu.tw/DetailReportList/%E8%B2%A1%E5%8B%99%E9%A1%9E/AccountingPrivateFinancialStatusFollowUp/Index","免費","楊小姐","02-77365964","2017-02-17 00:00:00","2026-01-08 19:04:58","更新頻率說明: 每年10月
授權說明網址: http://data.gov.tw/license","0"
"43325","委託會計師查核私立各校財務狀況結果追蹤辦理情形","檔案資料","求學及進修","金","CSV","https://udb.moe.edu.tw/download/udata/static_file/114/財2-9.查核私立各校財務狀況結果及追蹤辦理情形-以「校」統計.csv","UTF-8","原始資料","1.提供本部委託會計師查核私立大專校院各校財務狀況結果追蹤辦理情形。
2.與大專校院校務資訊公開平臺之「財2-9.查核私立各校財務狀況結果及追蹤辦理情形-以『校』統計」資料來源相同。","查核年度;設立別;學校類別;學校統計處代碼;學校名稱;受查範圍(學年度);未發現重大異常情形;須持續追蹤改善(交易循環；建議改進事項、更正事項、收回事項、其他事項；件);本部持續追蹤改善結果說明;備註","教育部高等教育司","不定期更新","政府資料開放授權條款-第1版","https://udb.moe.edu.tw/DetailReportList/%E8%B2%A1%E5%8B%99%E9%A1%9E/AccountingPrivateFinancialStatusFollowUp/Index","免費","楊小姐","02-77365964","2017-02-17 00:00:00","2026-01-08 19:00:24","更新頻率說明: 每年10月
授權說明網址: http://data.gov.tw/license","0"
"43323","公立大專校院各校財務報表公告網址","檔案資料","求學及進修","金","CSV","https://udb.moe.edu.tw/download/udata/static_file/114/財1-4.國立學校財務報表公告網址.csv","UTF-8","原始資料","1.提供公立大專校院各校財務報表公告網址彙整。
2.與大專校院校務資訊公開平臺之「財1-4.國立學校財務報表公告網址」資料來源相同。","設立別;學校類別;學校統計處代碼;學校名稱;財務報表公告網址","教育部高等教育司","不定期更新","政府資料開放授權條款-第1版","https://udb.moe.edu.tw/DetailReportList/%E8%B2%A1%E5%8B%99%E9%A1%9E/AccountingFinanceUrl/Index","免費","許小姐","02-77365952","2017-02-17 00:00:00","2026-01-08 18:57:23","更新頻率說明: 每年10月
授權說明網址: http://data.gov.tw/license","0"
"26234","查核公立大專校院學校財務狀況結果","檔案資料","求學及進修","金","CSV","https://udb.moe.edu.tw/download/udata/static_file/114/財1-6.查核國立各校財務狀況結果及追蹤辦理情形-以「校」統計.csv","UTF-8","原始資料","1.提供本部查核公立大專校院學校財務狀況結果及追蹤辦理情形。
2.與大專校院校務資訊公開平臺之「財1-6.查核國立各校財務狀況結果及追蹤辦理情形-以『校』統計」資料來源相同。","查核年度;設立別;學校類別;學校統計處代碼;學校名稱;受查範圍(年度);未發現重大異常情形;須持續追蹤改善-建議改進事項(件);須持續追蹤改善-更正事項(件);須持續追蹤改善-收回事項(件);須持續追蹤改善-查明事項(件);須持續追蹤改善-其他事項(件);本部持續追蹤改善結果說明;備註","教育部高等教育司","不定期更新","政府資料開放授權條款-第1版","https://udb.moe.edu.tw/DetailReportList/%E8%B2%A1%E5%8B%99%E9%A1%9E/AccountingPublicFinancialStatusFollowUp/Index","免費","許小姐","02-77365952","2016-01-06 00:00:00","2026-01-08 18:49:50","更新頻率說明: 每年10月
授權說明網址: http://data.gov.tw/license","21"
"26217","私立大專校院各校課程、採購及校務資訊公告網址","檔案資料","求學及進修","金","CSV","https://udb.moe.edu.tw/download/udata/static_file/114/校14.學校課程、採購及校務資訊公開網址-以「校」統計.csv","UTF-8","原始資料","1.提供私立大專校院各校課程資訊公開網址、採購案件公告網址及校務資訊公開網址。
2.與大專校院校務資訊公開平臺之「校14.學校課程、採購及校務資訊公開網址-以『校』統計」資料相同。","學年度;設立別;學校類別;學校統計處代碼;學校名稱;課程資訊公開網址;採購案件公告網址;校務暨財務公開專區","教育部高等教育司","不定期更新","政府資料開放授權條款-第1版","","免費","賴小姐","02-77365914","2016-01-06 00:00:00","2026-01-08 18:35:06","授權說明網址: http://data.gov.tw/license","0"
"24730","大專校院本國學生出國進修交流數","檔案資料","求學及進修","金","CSV","https://udb.moe.edu.tw/download/udata/static_file/114/學5.日間學制本國學生出國進修交流人數-以「系(所)」統計.csv","UTF-8","原始資料","提供大專校院各學系、各學制學生出國進修、交流人數。","學年度;學期;設立別;學校類別;學校統計處代碼;學校名稱;系所代碼;系所名稱;學制班別(日間);進修交流國家(地區)別;進修交流國家(地區)區域別;本國學生出國進修交流至少1學期(修讀學分)以上人數小計;本國學生出國進修交流至少1學期(修讀學分)以上人數男;本國學生出國進修交流至少1學期(修讀學分)以上人數女;本國學生出國進修交流未滿1學期(修讀學分)人數小計;本國學生出國進修交流未滿1學期(修讀學分)人數男;本國學生出國進修交流未滿1學期(修讀學分)人數女","教育部高等教育司","不定期更新","政府資料開放授權條款-第1版","","免費","洪小姐","02-77365893","2015-11-23 00:00:00","2026-01-08 18:28:15","更新頻率說明: 每年3月及10月
授權說明網址: http://data.gov.tw/license","998"
"24727","大專校院學雜費減免人數","檔案資料","求學及進修","金","CSV","https://udb.moe.edu.tw/download/udata/static_file/114/校12.學雜費減免人數-以「校」統計.csv","UTF-8","原始資料","1.提供大專校院低收入戶學生、中低收入戶學生、身心障礙學生及身心障礙人士子女、特殊境遇家庭之子女及原住民學生之學雜費減免人數。
2.與大專校院校務資訊公開平臺之「校12.學雜費減免人數-以『校』統計」資料相同。","學年度;學期;設立別;學校類別;學校統計處代碼;學校名稱;學雜費減免人數-小計;學雜費減免人數-低收入戶學生;學雜費減免人數-中低收入戶學生;學雜費減免人數-身心障礙學生及身心障礙人士子女;學雜費減免人數-特殊境遇家庭之子女;學雜費減免人數-原住民學生","教育部高等教育司","不定期更新","政府資料開放授權條款-第1版","","免費","李先生","02-77365875","2015-11-23 00:00:00","2026-01-08 18:26:03","更新頻率說明: 每年10月
授權說明網址: http://data.gov.tw/license","998"
"24725","大專校院修讀雙主修人次","檔案資料","求學及進修","金","CSV","https://udb.moe.edu.tw/download/udata/static_file/114/學8.修讀雙主修人次-以「系(所)」統計.csv","UTF-8","原始資料","1.提供大專校院各系所、學制之學生雙主修人次。
2.與大專校院校務資訊公開平臺之「學8.修讀雙主修人次-以『系(所)』統計」資料相同。","學年度;學期;設立別;學校類別;學校統計處代碼;學校名稱;系所代碼;系所名稱;學制班別;修讀雙主修人次小計;修讀雙主修人次男;修讀雙主修人次女","教育部高等教育司","不定期更新","政府資料開放授權條款-第1版","","免費","溫小姐","02-77365991","2015-11-23 00:00:00","2026-01-08 18:24:45","更新頻率說明: 每年3月及10月
授權說明網址: http://data.gov.tw/license","998"
"24720","大專校院修讀校際選課人次","檔案資料","求學及進修","金","CSV","https://udb.moe.edu.tw/download/udata/static_file/114/學6.修讀校際選課人次-以「系(所)」統計.csv","UTF-8","原始資料","1.提供大專校院各學系、各學制之學生修讀校際選課人次。
2.與大專校院校務資訊公開平臺之「學6.修讀校際選課人次-以『系(所)』統計」資料相同。","學年度;學期;設立別;學校類別;學校統計處代碼;學校名稱;系所代碼;系所名稱;學制班別;修讀校際選課人次小計;修讀校際選課人次男;修讀校際選課人次女","教育部高等教育司","不定期更新","政府資料開放授權條款-第1版","","免費","溫小姐","02-77365991","2015-11-23 00:00:00","2026-01-08 18:14:38","更新頻率說明: 每年3月及10月
授權說明網址: http://data.gov.tw/license","998"
"126776","中央警察大學歷年汽機車安全駕駛訓練人數統計表","檔案資料","求學及進修","白金","CSV","https://opdadm.moi.gov.tw/api/v1/no-auth/resource/api/dataset/C5ACF0CC-57D1-4B44-A6EA-F0A417B90CAF/resource/7BFBCEBD-0C7F-4671-8B95-9BA2B0B2E248/download","UTF-8","系統介接程式","中央警察大學歷年汽機車安全駕駛訓練人數統計表1，計有機車安全駕駛訓練、汽車安全駕駛訓練、汽車防衛駕駛訓練。","Year(年度);Scooter_safety_driving_training(機車安全駕駛訓練);Automobile_safety_driving_training(汽車安全駕駛訓練);Advanced_automobile_safety_driving_training(汽車防衛駕駛訓練);Scooter_safety_driving_training_for_seeded_teachers(機車安全駕駛種子教官訓練);Number(總人數)","中央警察大學","不定期更新","政府資料開放授權條款-第1版","","免費","馬若芸","03-3282321#4151","2020-05-08 15:20:55","2026-01-08 09:01:02","","9"
"159137","教育部軍訓人員暑期工作研習人數統計","檔案資料","求學及進修","白金","CSV","https://ws.moe.edu.tw/Download.ashx?u=LzAwMS9VcGxvYWQvMTAvcmVsZmlsZS84Nzc2Lzk2MDQyL2Y4ODY3ZjM2LTQ0ZTctNDBiOS1hZmQ3LThlNWIzZjY0ZDE4MC5jc3Y%3d&n=5pqR5pyf5bel5L2c56CU57%2bS5Lq65pW457Wx6KiILmNzdg%3d%3d&icon=..csv","UTF-8","原始資料","為增進軍訓人員本職學能，了解相關教育政策及軍訓工作重點，進而樹立正確工作理念，以利軍訓工作推展並促進整體軍訓工作提升","年度;人數","教育部學生事務及特殊教育司","每1年","政府資料開放授權條款-第1版","","免費","陳麗雯","(02)7736-7840","2023-01-03 00:00:00","2026-01-07 17:05:04","","8"
"101545","臺南市國中各校人數統計","檔案資料","求學及進修","白金","JSON;CSV","https://soa.tainan.gov.tw/Api/Service/Get/cd69fd78-aaa9-48ea-9b81-946662e29543;https://data.tainan.gov.tw/File/ResourceCsvDownload/cd69fd78-aaa9-48ea-9b81-946662e29543","UTF-8;UTF-8","系統介接程式","本資料集提供臺南市國中各校人數統計","school(school);Value(Value)","臺南市政府教育局","不定期更新","政府資料開放授權條款-第1版","https://data.tainan.gov.tw/DataSet/Detail/1cef9545-cefc-441f-8609-36fe9470c014","免費","辛龍香","(06)2991111","2019-05-02 07:44:46","2025-12-31 23:42:15","OAS標準之API說明文件：https://opengov.tainan.gov.tw/OpenApi/api/doc/v3 Swagger 產生API說明頁面網址：https://petstore.swagger.io/","0;0"
"101536","臺南市國中各校男女生人數統計","檔案資料","求學及進修","白金","JSON;CSV","https://soa.tainan.gov.tw/Api/Service/Get/6290aaf7-5f3d-4539-bcf0-2cb287b35369;https://data.tainan.gov.tw/File/ResourceCsvDownload/6290aaf7-5f3d-4539-bcf0-2cb287b35369","UTF-8;UTF-8","系統介接程式","國中各校男女生人數統計資料","school(school);sex(sex);value(value)","臺南市政府教育局","不定期更新","政府資料開放授權條款-第1版","https://data.tainan.gov.tw/DataSet/Detail/35c23b8b-e3bf-4c5e-8632-513c53a18ead","免費","辛龍香","(06)2991111","2019-05-02 08:38:03","2025-12-31 23:39:36","","0;0"
"101542","臺南市教育公告","檔案資料","求學及進修","白金","JSON;CSV","https://soa.tainan.gov.tw/Api/Service/Get/421d96af-91e1-4af1-aede-16dce946e265;https://data.tainan.gov.tw/File/ResourceCsvDownload/421d96af-91e1-4af1-aede-16dce946e265","UTF-8;UTF-8","系統介接程式","本資料集提供臺南市教育公告即時列表","BulletinID(BulletinID);BulletinSubject(BulletinSubject);URL(URL);SchName(SchName);Hitvalue(Hitvalue);Office(Office);SchCode(SchCode)","臺南市政府教育局","每年","政府資料開放授權條款-第1版","https://data.tainan.gov.tw/DataSet/Detail/281c4231-2530-4355-aa03-4a854a7f6d78","免費","辛龍香","(06)2991111","2019-05-02 08:15:53","2025-12-31 22:55:12","","0;0"
"176376","臺南市職場互助幼兒園概況","檔案資料","求學及進修","白金","JSON;CSV","https://soa.tainan.gov.tw/Api/Service/Get/7106d577-588a-4b69-a3fd-f21d7582c9e5;https://data.tainan.gov.tw/File/ResourceCsvDownload/7106d577-588a-4b69-a3fd-f21d7582c9e5","UTF-8;UTF-8","系統介接程式","提供本市職場互助幼兒園所在區及園所名稱等","屬性(屬性);縣市別(縣市別);行政區域別(行政區域別);園所名稱(園所名稱)","臺南市政府教育局","不定期更新","政府資料開放授權條款-第1版","https://data.tainan.gov.tw/DataSet/Detail/79bf67cf-ed07-49a0-a37a-f8e418bff392","免費","李國生","(06)2991111","2025-09-21 00:00:00","2025-12-31 21:45:25","","0;0"
"176373","臺南市準公共幼兒園概況","檔案資料","求學及進修","白金","JSON;CSV","https://soa.tainan.gov.tw/Api/Service/Get/f95410cf-bda8-4055-a68a-54ac7a0bf6fd;https://data.tainan.gov.tw/File/ResourceCsvDownload/f95410cf-bda8-4055-a68a-54ac7a0bf6fd","UTF-8;UTF-8","系統介接程式","提供本市準公共幼兒園所在區及園所名稱等","屬性(屬性);縣市別(縣市別);行政區域別(行政區域別);園所名稱(園所名稱)","臺南市政府教育局","不定期更新","政府資料開放授權條款-第1版","https://data.tainan.gov.tw/DataSet/Detail/b72b495d-6a61-446a-9e65-180cfb96c278","免費","李國生","(06)2991111","2025-09-21 00:00:00","2025-12-31 21:43:32","","0;0"
"176375","臺南市私立幼兒園概況","檔案資料","求學及進修","白金","JSON;CSV","https://soa.tainan.gov.tw/Api/Service/Get/8aaff6c1-6e5d-40c3-97b5-91f4749cfe60;https://data.tainan.gov.tw/File/ResourceCsvDownload/8aaff6c1-6e5d-40c3-97b5-91f4749cfe60","UTF-8;UTF-8","系統介接程式","提供本市私立幼兒園所在區及園所名稱等","屬性(屬性);縣市別(縣市別);行政區域別(行政區域別);園所名稱(園所名稱)","臺南市政府教育局","不定期更新","政府資料開放授權條款-第1版","https://data.tainan.gov.tw/DataSet/Detail/919176de-da0b-406b-90dd-6cd16bc64d67","免費","李國生","(06)2991111","2025-09-21 00:00:00","2025-12-31 21:42:55","","0;0"
"176374","臺南市非營利幼兒園概況","檔案資料","求學及進修","白金","JSON;CSV","https://soa.tainan.gov.tw/Api/Service/Get/28116bba-f20d-4de7-afe5-6e94a365e30a;https://data.tainan.gov.tw/File/ResourceCsvDownload/28116bba-f20d-4de7-afe5-6e94a365e30a","UTF-8;UTF-8","系統介接程式","提供本市非營利幼兒園所在區及園所名稱等","屬性(屬性);縣市別(縣市別);行政區域別(行政區域別);園所名稱(園所名稱)","臺南市政府教育局","不定期更新","政府資料開放授權條款-第1版","https://data.tainan.gov.tw/DataSet/Detail/9c32017d-2539-4a53-bb1d-7c363043a5d0","免費","李國生","(06)2991111","2025-09-21 00:00:00","2025-12-31 21:40:45","","0;0"
"169168","中央警察大學訓育、申訴及性平委員會委員人數及男女比例","檔案資料","求學及進修","金","CSV","https://opdadm.moi.gov.tw/api/v1/no-auth/resource/api/dataset/C3ED4C1D-1688-4E73-A1EB-C72CFB31136A/resource/064341D5-A93E-408D-B831-C2FF60FB634D/download","UTF-8","系統介接程式","該項資料為本校112年後訓育委員會、申訴委員會及性別平等教育委員會，3種會議之法定委員參與人數及男女人數。","year(年度);committee(委員會);male(男性);female(女性);total_number_of_people(總人數);percent_of_male(男性佔比);percent_of_female(女性佔比)","中央警察大學","不定期更新","政府資料開放授權條款-第1版","","免費","馬若芸","03-3282321#4151","2024-06-28 10:34:24","2025-12-31 16:06:13","","3"
"169169","中央警察大學柔道初段與摔角九等人數及男女比例","檔案資料","求學及進修","白金","CSV","https://opdadm.moi.gov.tw/api/v1/no-auth/resource/api/dataset/8CBD7803-98B9-46C3-AFFC-9F9124C82BAD/resource/CAA45057-ACD0-4952-8ECD-267F5C7CF473/download","UTF-8","系統介接程式","本校112年起通過柔道初段與摔角九等(警技課程)人數資料及男女比例。","year(年度);item(項目);male(男性);female(女性);person(總人數);percent_pf_male(男性比例);percent_pf_female(女性比例)","中央警察大學","不定期更新","政府資料開放授權條款-第1版","","免費","馬若芸","03-3282321#4151","2024-06-28 10:39:58","2025-12-31 16:01:05","","6"
"109378","新竹縣各鄉鎮市國民小學學區","檔案資料","求學及進修","白金","XLSX;CSV;XML;JSON","https://ws.hsinchu.gov.tw/001/Upload/1/opendata/8774/350/4e47a693-21da-4c61-b537-19e4b1c2617e.xlsx;https://ws.hsinchu.gov.tw/001/Upload/1/opendata/8774/350/4e47a693-21da-4c61-b537-19e4b1c2617e.csv;https://ws.hsinchu.gov.tw/001/Upload/1/opendata/8774/350/4e47a693-21da-4c61-b537-19e4b1c2617e.xml;https://ws.hsinchu.gov.tw/001/Upload/1/opendata/8774/350/4e47a693-21da-4c61-b537-19e4b1c2617e.json","UTF-8;BIG5;UTF-8;UTF-8","系統介接程式","114年各鄉鎮市國民小學學區資料。各鄉鎮（市）國民小學所屬學區欄位之村（里）「如無標註鄰數」，代表該村（里）全部鄰數皆屬於該校學區範圍。","編號;鄉鎮市區代碼;鄉鎮市;學校名稱;所屬學區","新竹縣政府教育局","不定期更新","政府資料開放授權條款-第1版","","免費","凃|先生","03-5518101#2856","2019-09-23 00:00:00","2025-12-31 15:31:05","","0;0;0;0"
"176348","114學年度新竹市立國中小通訊資料","檔案資料","求學及進修","白金","XLSX;CSV;XML;JSON","https://odws.hccg.gov.tw/001/Upload/25/opendataback/9059/1910/5d949eea-d8f2-482a-8260-43c3f697dad2.xlsx;https://odws.hccg.gov.tw/001/Upload/25/opendataback/9059/1910/5d949eea-d8f2-482a-8260-43c3f697dad2.csv;https://odws.hccg.gov.tw/001/Upload/25/opendataback/9059/1910/5d949eea-d8f2-482a-8260-43c3f697dad2.xml;https://odws.hccg.gov.tw/001/Upload/25/opendataback/9059/1910/5d949eea-d8f2-482a-8260-43c3f697dad2.json","UTF-8;UTF-8;UTF-8;UTF-8","系統介接程式","新竹市立國中小通訊資料","縣市別代碼;機關代碼;學校;電話;地址","教育處","不定期更新","政府資料開放授權條款-第1版","","免費","李欣穎|","03-5216121#273","2025-11-21 00:00:00","2025-12-30 17:36:08","","0;0;0;0"
"121343","臺北市學習型機構","檔案資料","求學及進修","白金","CSV","https://data.taipei/api/dataset/ac589468-529b-4636-a9b2-ab57ae41cbcb/resource/24c9f8fe-88db-4a6e-895c-498fbc94df94/download","UTF-8","系統介接程式","學習型機構資料集","序號;學校名稱;地址;電話;縣市別代碼","臺北市政府教育局","不定期更新","政府資料開放授權條款-第1版","","免費","周家琦","02-27208889#6370","2020-05-04 21:48:35","2025-12-30 15:17:05","",""
"27262","國立科學工藝博物館展示廳學習單","檔案資料","求學及進修","白金","JSON","https://websrv.nstm.gov.tw/otherinfo/opendata/LearningSheetOpenData.ashx","UTF-8","原始資料","提供國立科學工藝博物館展示廳之學習單，學生可透過下載列印學習單方式，於參觀本館時，對展示廳之學習內容可以了解。本學習單主要針對國小及國中等階段進行設計。","標題;展示廳;國小低年級學習單1URL;國小低年級學習單2URL;國小低年級學習單3URL;國小中高年級學習單1URL;國小中高年級學習單2URL;國小中高年級學習單3URL;國中學習單1URL;國中學習單2URL;國中學習單3URL;高中學習單1URL;高中學習單2URL;高中學習單3URL","國立科學工藝博物館","每1年","政府資料開放授權條款-第1版","https://www.nstm.gov.tw/Handlers/OpenDataHandler.ashx?ID=6e406985-7ce9-463f-a0d6-0c7aa54b2de3&Type=5","免費","錢小姐","073800089#8496","2016-02-01 00:00:00","2025-12-30 10:49:42","授權說明網址: http://data.gov.tw/license","18"
"148677","新竹市幼兒園名錄","檔案資料","求學及進修","白金","XLSX;XLSX;XLSX;XLSX;XLSX;XLSX;XLSX;XLSX;XLSX;XLSX;XLSX;XLSX;CSV;CSV;CSV;CSV;CSV;CSV;CSV;CSV;CSV;CSV;CSV;CSV;XML;XML;XML;XML;XML;XML;XML;XML;XML;XML;XML;XML;JSON;JSON;JSON;JSON;JSON;JSON;JSON;JSON;JSON;JSON;JSON;JSON","https://odws.hccg.gov.tw/001/Upload/25/opendataback/9059/21/9454054f-1ebc-4b04-b695-edaa0591a639.xlsx;https://odws.hccg.gov.tw/001/Upload/25/opendataback/9059/21/5fc6c171-d458-4177-8b5e-cfa2ed4ab314.xlsx;https://odws.hccg.gov.tw/001/Upload/25/opendataback/9059/21/bea207f1-3f93-4ff3-92d2-c876de96908c.xlsx;https://odws.hccg.gov.tw/001/Upload/25/opendataback/9059/21/123741ce-9ebd-42ab-b60c-73c24856526e.xlsx;https://odws.hccg.gov.tw/001/Upload/25/opendataback/9059/21/307e865f-bcfd-4564-a986-878036e71b99.xlsx;https://odws.hccg.gov.tw/001/Upload/25/opendataback/9059/21/1fa47466-4e43-400e-bc4c-9f699f114ee3.xlsx;https://odws.hccg.gov.tw/001/Upload/25/opendataback/9059/21/a84d3dd3-fd7b-402c-b591-a8ebccb67e12.xlsx;https://odws.hccg.gov.tw/001/Upload/25/opendataback/9059/21/41fcc571-65d3-46e0-b95e-0a0296e726c3.xlsx;https://odws.hccg.gov.tw/001/Upload/25/opendataback/9059/21/01e43c40-8db0-418c-a1f3-3e3c302fa826.xlsx;https://odws.hccg.gov.tw/001/Upload/25/opendataback/9059/21/55f42d16-848d-4b48-aab0-e50a0451277b.xlsx;https://odws.hccg.gov.tw/001/Upload/25/opendataback/9059/21/75229a6f-5015-4b7e-b005-6d3cde0f2dde.xlsx;https://odws.hccg.gov.tw/001/Upload/25/opendataback/9059/21/93b26a55-fe39-4d3b-ace8-f16ed3bbe0da.xlsx;https://odws.hccg.gov.tw/001/Upload/25/opendataback/9059/21/93b26a55-fe39-4d3b-ace8-f16ed3bbe0da.csv;https://odws.hccg.gov.tw/001/Upload/25/opendataback/9059/21/75229a6f-5015-4b7e-b005-6d3cde0f2dde.csv;https://odws.hccg.gov.tw/001/Upload/25/opendataback/9059/21/55f42d16-848d-4b48-aab0-e50a0451277b.csv;https://odws.hccg.gov.tw/001/Upload/25/opendataback/9059/21/01e43c40-8db0-418c-a1f3-3e3c302fa826.csv;https://odws.hccg.gov.tw/001/Upload/25/opendataback/9059/21/41fcc571-65d3-46e0-b95e-0a0296e726c3.csv;https://odws.hccg.gov.tw/001/Upload/25/opendataback/9059/21/a84d3dd3-fd7b-402c-b591-a8ebccb67e12.csv;https://odws.hccg.gov.tw/001/Upload/25/opendataback/9059/21/1fa47466-4e43-400e-bc4c-9f699f114ee3.csv;https://odws.hccg.gov.tw/001/Upload/25/opendataback/9059/21/307e865f-bcfd-4564-a986-878036e71b99.csv;https://odws.hccg.gov.tw/001/Upload/25/opendataback/9059/21/123741ce-9ebd-42ab-b60c-73c24856526e.csv;https://odws.hccg.gov.tw/001/Upload/25/opendataback/9059/21/bea207f1-3f93-4ff3-92d2-c876de96908c.csv;https://odws.hccg.gov.tw/001/Upload/25/opendataback/9059/21/5fc6c171-d458-4177-8b5e-cfa2ed4ab314.csv;https://odws.hccg.gov.tw/001/Upload/25/opendataback/9059/21/9454054f-1ebc-4b04-b695-edaa0591a639.csv;https://odws.hccg.gov.tw/001/Upload/25/opendataback/9059/21/9454054f-1ebc-4b04-b695-edaa0591a639.xml;https://odws.hccg.gov.tw/001/Upload/25/opendataback/9059/21/5fc6c171-d458-4177-8b5e-cfa2ed4ab314.xml;https://odws.hccg.gov.tw/001/Upload/25/opendataback/9059/21/bea207f1-3f93-4ff3-92d2-c876de96908c.xml;https://odws.hccg.gov.tw/001/Upload/25/opendataback/9059/21/123741ce-9ebd-42ab-b60c-73c24856526e.xml;https://odws.hccg.gov.tw/001/Upload/25/opendataback/9059/21/307e865f-bcfd-4564-a986-878036e71b99.xml;https://odws.hccg.gov.tw/001/Upload/25/opendataback/9059/21/1fa47466-4e43-400e-bc4c-9f699f114ee3.xml;https://odws.hccg.gov.tw/001/Upload/25/opendataback/9059/21/a84d3dd3-fd7b-402c-b591-a8ebccb67e12.xml;https://odws.hccg.gov.tw/001/Upload/25/opendataback/9059/21/41fcc571-65d3-46e0-b95e-0a0296e726c3.xml;https://odws.hccg.gov.tw/001/Upload/25/opendataback/9059/21/01e43c40-8db0-418c-a1f3-3e3c302fa826.xml;https://odws.hccg.gov.tw/001/Upload/25/opendataback/9059/21/55f42d16-848d-4b48-aab0-e50a0451277b.xml;https://odws.hccg.gov.tw/001/Upload/25/opendataback/9059/21/75229a6f-5015-4b7e-b005-6d3cde0f2dde.xml;https://odws.hccg.gov.tw/001/Upload/25/opendataback/9059/21/93b26a55-fe39-4d3b-ace8-f16ed3bbe0da.xml;https://odws.hccg.gov.tw/001/Upload/25/opendataback/9059/21/93b26a55-fe39-4d3b-ace8-f16ed3bbe0da.json;https://odws.hccg.gov.tw/001/Upload/25/opendataback/9059/21/75229a6f-5015-4b7e-b005-6d3cde0f2dde.json;https://odws.hccg.gov.tw/001/Upload/25/opendataback/9059/21/55f42d16-848d-4b48-aab0-e50a0451277b.json;https://odws.hccg.gov.tw/001/Upload/25/opendataback/9059/21/01e43c40-8db0-418c-a1f3-3e3c302fa826.json;https://odws.hccg.gov.tw/001/Upload/25/opendataback/9059/21/41fcc571-65d3-46e0-b95e-0a0296e726c3.json;https://odws.hccg.gov.tw/001/Upload/25/opendataback/9059/21/a84d3dd3-fd7b-402c-b591-a8ebccb67e12.json;https://odws.hccg.gov.tw/001/Upload/25/opendataback/9059/21/1fa47466-4e43-400e-bc4c-9f699f114ee3.json;https://odws.hccg.gov.tw/001/Upload/25/opendataback/9059/21/307e865f-bcfd-4564-a986-878036e71b99.json;https://odws.hccg.gov.tw/001/Upload/25/opendataback/9059/21/123741ce-9ebd-42ab-b60c-73c24856526e.json;https://odws.hccg.gov.tw/001/Upload/25/opendataback/9059/21/bea207f1-3f93-4ff3-92d2-c876de96908c.json;https://odws.hccg.gov.tw/001/Upload/25/opendataback/9059/21/5fc6c171-d458-4177-8b5e-cfa2ed4ab314.json;https://odws.hccg.gov.tw/001/Upload/25/opendataback/9059/21/9454054f-1ebc-4b04-b695-edaa0591a639.json","UTF-8;UTF-8;UTF-8;UTF-8;UTF-8;UTF-8;UTF-8;UTF-8;UTF-8;UTF-8;UTF-8;UTF-8;UTF-8;UTF-8;UTF-8;UTF-8;UTF-8;UTF-8;UTF-8;UTF-8;UTF-8;UTF-8;UTF-8;UTF-8;UTF-8;UTF-8;UTF-8;UTF-8;UTF-8;UTF-8;UTF-8;UTF-8;UTF-8;UTF-8;UTF-8;UTF-8;UTF-8;UTF-8;UTF-8;UTF-8;UTF-8;UTF-8;UTF-8;UTF-8;UTF-8;UTF-8;UTF-8;UTF-8","系統介接程式","新竹市幼兒園名冊","區別;設立別;幼兒園名稱;核准設立日期;設立許可文號;設立許可證號;負責人或董事長;園長;幼兒園電話;分機;幼兒園住址;核定總招收人數;兼辦業務;其他照顧方式","教育處","每1年","政府資料開放授權條款-第1版","","免費","李盈瑾|","03-5216121#264","2017-09-10 00:00:00","2025-12-30 09:11:00","","0;0;0;0;0;0;0;0;0;0;0;0;0;0;0;0;0;0;0;0;0;0;0;0;0;0;0;0;0;0;0;0;0;0;0;0;0;0;0;0;0;0;0;0;0;0;0;0"
"142899","臺南市國中小進修部概況","檔案資料","求學及進修","白金","JSON;CSV","https://soa.tainan.gov.tw/Api/Service/Get/e8665100-1ad3-441f-82e7-04bd4f5beb3a;https://data.tainan.gov.tw/File/ResourceCsvDownload/e8665100-1ad3-441f-82e7-04bd4f5beb3a","UTF-8;UTF-8","系統介接程式","提供臺南市國中小補校概況資料","區(區);學校名稱(學校名稱);114學年第1學期班級數(114學年第1學期班級數);1年級學生數(1年級學生數);2年級學生數(2年級學生數);3年級學生數(3年級學生數);114學年第1學期學生總數(114學年第1學期學生總數)","臺南市政府教育局","不定期更新","政府資料開放授權條款-第1版","https://data.tainan.gov.tw/DataSet/Detail/c4d57ed0-114c-4f76-bf70-c3186c2383c7","免費","辛龍香","(06)2991111","2021-06-25 08:52:47","2025-12-30 01:47:01","","0;0"
"168926","嘉義縣國小各校男女學生數查詢","檔案資料","求學及進修","無(品檢未過)","CSV","https://ws-tm.cyhg.gov.tw/001/Upload/0/relfile/0/0/566b6f84-72c0-47ca-a96c-cddf701d90ab.csv","UTF-8","系統介接程式","114學年度嘉義縣國小各校男女學生數查詢","學年度;學校代號;學校名稱;合計;男生;女生;一年級男;一年級女;二年級男;二年級女;三年級男;三年級女;四年級男;四年級女;五年級男;五年級女;六年級男;六年級女","嘉義縣政府","不定期更新","政府資料開放授權條款-第1版","","免費","姜雅玲|女士 女士","05-3620123#8301","2024-05-29 17:00:00","2025-12-29 19:51:26","",""
"161741","嘉義縣國中小學校查詢","檔案資料","求學及進修","無(品檢未過)","CSV","https://ws-tm.cyhg.gov.tw/001/Upload/0/relfile/0/0/d1b8cf4c-a5f2-45f6-b5e5-b5e6aedc0c12.csv","UTF-8","系統介接程式","114學年度嘉義縣國中小學校查詢","學校名稱;公私立;地址;電話;網址","嘉義縣政府","不定期更新","政府資料開放授權條款-第1版","","免費","姜雅玲|女士 女士","05-3620123#8301","2023-04-14 00:00:00","2025-12-29 19:46:33","",""
"133883","嘉義縣國中、小學校代碼","檔案資料","求學及進修","無(品檢未過)","CSV","https://ws-tm.cyhg.gov.tw/001/Upload/0/relfile/0/0/9cb50e33-9153-4ef3-90e8-7c5a4467c1dd.csv","UTF-8","系統介接程式","114學年度嘉義縣國中、小學校代碼","學年度;學校代碼;學校名稱","嘉義縣政府","不定期更新","政府資料開放授權條款-第1版","","免費","姜雅玲 女士","05-3620123#8301","2017-01-18 13:38:00","2025-12-29 19:44:09","",""
"133882","嘉義縣國中各校男女生人數","檔案資料","求學及進修","無(品檢未過)","CSV","https://ws-tm.cyhg.gov.tw/001/Upload/0/relfile/0/0/8f98c27f-3392-4418-ade9-e51fecc3278d.csv","UTF-8","系統介接程式","114學年度嘉義縣國中各校男女生人數","學年度;學校代號;學校名稱;合計;男生;女生;一年級總計;一年級男;一年級女;二年級總計;二年級男;二年級女;三年級總計;三年級男;三年級女","嘉義縣政府","不定期更新","政府資料開放授權條款-第1版","","免費","姜雅玲|女士 女士","05-3620123#8301","2017-01-18 13:38:00","2025-12-29 19:43:41","",""
"133881","嘉義縣國中小鄉鎮查詢","檔案資料","求學及進修","無(品檢未過)","CSV","https://ws-tm.cyhg.gov.tw/001/Upload/0/relfile/0/0/f5e9a328-b533-4e17-862d-0553b4284793.csv","UTF-8","系統介接程式","114學年度嘉義縣國中小鄉鎮查詢","學校名稱;鄉鎮市","嘉義縣政府","不定期更新","政府資料開放授權條款-第1版","","免費","姜雅玲|女士 女士","05-3620123#8301","2017-01-18 13:36:00","2025-12-29 19:43:20","",""
"133880","嘉義縣國小新生報到人數","檔案資料","求學及進修","無(品檢未過)","CSV","https://ws-tm.cyhg.gov.tw/001/Upload/0/relfile/0/0/447b228f-b4e0-433c-b930-1f9119cdfa31.csv","UTF-8","系統介接程式","114學年度國小新生報到人數","序;設立屬性;鄉鎮市區;學校;應報到人數(含新設籍);未到任何學校報到人數","嘉義縣政府","不定期更新","政府資料開放授權條款-第1版","","免費","姜雅玲|女士 女士","05-3620123#8301","2017-01-18 13:31:00","2025-12-29 19:42:42","",""
"164473","114學年度國中特教班級設置","檔案資料","求學及進修","白金","XLSX;CSV;XML;JSON","https://odws.hccg.gov.tw/001/Upload/25/opendataback/9059/932/c0f5aa3d-5008-4f13-9365-402963c24359.xlsx;https://odws.hccg.gov.tw/001/Upload/25/opendataback/9059/932/c0f5aa3d-5008-4f13-9365-402963c24359.csv;https://odws.hccg.gov.tw/001/Upload/25/opendataback/9059/932/c0f5aa3d-5008-4f13-9365-402963c24359.xml;https://odws.hccg.gov.tw/001/Upload/25/opendataback/9059/932/c0f5aa3d-5008-4f13-9365-402963c24359.json","UTF-8;UTF-8;UTF-8;UTF-8","系統介接程式","114學年度國中設置特教班級概況","縣市別代碼;行政區域;行政區域代碼;學校名稱;分散式資源班;集中式特教班;巡迴班;資優分散式資源班;藝術才能集中式","教育處","不定期更新","政府資料開放授權條款-第1版","","免費","王宜觀|","03-5216121#371","2023-07-04 00:00:00","2025-12-29 17:37:48","","0;0;0;0"
"164472","114學年度國小特教班級設置","檔案資料","求學及進修","白金","XLSX;CSV;XML;JSON","https://odws.hccg.gov.tw/001/Upload/25/opendataback/9059/927/f9400f57-315b-464e-bf25-49ee23fe5f45.xlsx;https://odws.hccg.gov.tw/001/Upload/25/opendataback/9059/927/f9400f57-315b-464e-bf25-49ee23fe5f45.csv;https://odws.hccg.gov.tw/001/Upload/25/opendataback/9059/927/f9400f57-315b-464e-bf25-49ee23fe5f45.xml;https://odws.hccg.gov.tw/001/Upload/25/opendataback/9059/927/f9400f57-315b-464e-bf25-49ee23fe5f45.json","UTF-8;UTF-8;UTF-8;UTF-8","系統介接程式","114學年度國小特教班級設置概況","縣市別代碼;行政區域;行政區域代碼;學校名稱;分散式資源班;集中式特教班;巡迴班;資優分散式資源班;藝術才能集中式","教育處","不定期更新","政府資料開放授權條款-第1版","","免費","王宜觀|","03-5216121#371","2023-07-04 00:00:00","2025-12-29 17:37:41","","0;0;0;0"
"142901","臺南市特殊教育學校概況","檔案資料","求學及進修","白金","JSON;CSV;JSON;CSV","https://soa.tainan.gov.tw/Api/Service/Get/5b411ff9-8d8f-424d-b449-4ccedf87d03f;https://data.tainan.gov.tw/File/ResourceCsvDownload/5b411ff9-8d8f-424d-b449-4ccedf87d03f;https://soa.tainan.gov.tw/Api/Service/Get/3cee7eb0-ab87-43a3-b4eb-8519ccda0805;https://data.tainan.gov.tw/File/ResourceCsvDownload/3cee7eb0-ab87-43a3-b4eb-8519ccda0805","UTF-8;UTF-8;UTF-8;UTF-8","系統介接程式","提供臺南市特殊教育學校概況","學校班別(學校班別);智障數量(智障數量);聽障數量(聽障數量);綜合職能科數量(綜合職能科數量);綜合高中數量(綜合高中數量)","臺南市政府教育局","不定期更新","政府資料開放授權條款-第1版","https://data.tainan.gov.tw/DataSet/Detail/38a03999-98b0-4afd-b08e-7ab232094043","免費","辛龍香","(06)2991111","2021-06-25 08:08:43","2025-12-26 05:02:28","","0;0;0;0"
"142933","臺南市各類短期補習班家數","檔案資料","求學及進修","白金","JSON;CSV;JSON;CSV;JSON;CSV;JSON;CSV;JSON;CSV","https://soa.tainan.gov.tw/Api/Service/Get/fff6df20-793f-4f55-bacf-036dc9290e7c;https://data.tainan.gov.tw/File/ResourceCsvDownload/fff6df20-793f-4f55-bacf-036dc9290e7c;https://soa.tainan.gov.tw/Api/Service/Get/409691cf-6dcb-4963-9247-37f7950efcfd;https://data.tainan.gov.tw/File/ResourceCsvDownload/409691cf-6dcb-4963-9247-37f7950efcfd;https://soa.tainan.gov.tw/Api/Service/Get/bb344db3-c6fe-4648-b917-82d850f3b1ae;https://data.tainan.gov.tw/File/ResourceCsvDownload/bb344db3-c6fe-4648-b917-82d850f3b1ae;https://soa.tainan.gov.tw/Api/Service/Get/a92b7313-205f-4137-9def-afb9bcb09271;https://data.tainan.gov.tw/File/ResourceCsvDownload/a92b7313-205f-4137-9def-afb9bcb09271;https://soa.tainan.gov.tw/Api/Service/Get/f5c21d34-bfab-494b-8d68-fc2e7ea2ef2b;https://data.tainan.gov.tw/File/ResourceCsvDownload/f5c21d34-bfab-494b-8d68-fc2e7ea2ef2b","UTF-8;UTF-8;UTF-8;UTF-8;UTF-8;UTF-8;UTF-8;UTF-8;UTF-8;UTF-8","系統介接程式","提供臺南市各類短期補習班家數","行政區(行政區);文理類[家數](文理類[家數]);外語類[家數](外語類[家數]);法政類[家數](法政類[家數]);電機或汽車修護或建築或工藝或製圖類[家數](電機或汽車修護或建築或工藝或製圖類[家數]);資訊類[家數](資訊類[家數]);家政或插花或烹飪類[家數](家政或插花或烹飪類[家數]);縫紉類[家數](縫紉類[家數]);美容或美髮理髮類[家數](美容或美髮理髮類[家數]);音樂或舞蹈類[家數](音樂或舞蹈類[家數]);美術或書法或攝影或美工設計或圍棋類[家數](美術或書法或攝影或美工設計或圍棋類[家數]);商類珠算或心算或會計[家數](商類珠算或心算或會計[家數]);瑜珈類[家數](瑜珈類[家數]);速讀類[家數](速讀類[家數]);其他類[家數](其他類[家數]);合計(合計)","臺南市政府教育局","不定期更新","政府資料開放授權條款-第1版","https://data.tainan.gov.tw/DataSet/Detail/dba91800-f0db-45f1-ba21-d39a7d5c0e5f","免費","辛龍香","(06)2991111","2021-06-26 08:09:08","2025-12-26 04:56:02","","0;0;0;0;0;0;0;0;0;0"
"142947","臺南市國民中學學生裸眼視力檢查","檔案資料","求學及進修","白金","JSON;CSV;JSON;CSV;JSON;CSV","https://soa.tainan.gov.tw/Api/Service/Get/c14d6a4b-43d7-40be-b5df-49e19a5dda54;https://data.tainan.gov.tw/File/ResourceCsvDownload/c14d6a4b-43d7-40be-b5df-49e19a5dda54;https://soa.tainan.gov.tw/Api/Service/Get/671b9c34-6c26-4136-b8fb-5f03847438ba;https://data.tainan.gov.tw/File/ResourceCsvDownload/671b9c34-6c26-4136-b8fb-5f03847438ba;https://soa.tainan.gov.tw/Api/Service/Get/a3a07c93-c5eb-4021-ab08-f1ccec0c046e;https://data.tainan.gov.tw/File/ResourceCsvDownload/a3a07c93-c5eb-4021-ab08-f1ccec0c046e","UTF-8;UTF-8;UTF-8;UTF-8;UTF-8;UTF-8","系統介接程式","提供臺南市國民中學學生裸眼視力檢查","年級;性別;受檢人數;視力不良人數;裸視視力不良率","臺南市政府教育局","不定期更新","政府資料開放授權條款-第1版","https://data.tainan.gov.tw/DataSet/Detail/8dbf0a94-e694-4536-a3a8-3508eaf58f18","免費","辛龍香","(06)2991111","2021-06-26 07:50:51","2025-12-26 04:53:38","","1;1;0;0;0;0"
"142952","臺南市國民小學職員年資統計","檔案資料","求學及進修","白金","JSON;CSV;JSON;CSV;JSON;CSV;JSON;CSV","https://soa.tainan.gov.tw/Api/Service/Get/3c9f8591-5b2c-493c-9c11-080ebf49fb9e;https://data.tainan.gov.tw/File/ResourceCsvDownload/3c9f8591-5b2c-493c-9c11-080ebf49fb9e;https://soa.tainan.gov.tw/Api/Service/Get/52be953a-f39d-4f91-88c6-716209d24817;https://data.tainan.gov.tw/File/ResourceCsvDownload/52be953a-f39d-4f91-88c6-716209d24817;https://soa.tainan.gov.tw/Api/Service/Get/e96d77ea-89e8-428e-bfab-a080d5006dc6;https://data.tainan.gov.tw/File/ResourceCsvDownload/e96d77ea-89e8-428e-bfab-a080d5006dc6;https://soa.tainan.gov.tw/Api/Service/Get/cec49b78-e3ee-45c1-9c2a-ecb479410f12;https://data.tainan.gov.tw/File/ResourceCsvDownload/cec49b78-e3ee-45c1-9c2a-ecb479410f12","UTF-8;UTF-8;UTF-8;UTF-8;UTF-8;UTF-8;UTF-8;UTF-8","系統介接程式","提供臺南市國民小學職員年資統計","類別(類別);項目別(項目別);細項(細項);總計(總計);未滿25歲[統計](未滿25歲[統計]);25-29歲[統計](25-29歲[統計]);30-34歲[統計](30-34歲[統計]);35-39歲[統計](35-39歲[統計]);40-44歲[統計](40-44歲[統計]);45-49歲[統計](45-49歲[統計]);50-54歲[統計](50-54歲[統計]);55-59歲[統計](55-59歲[統計]);60歲及以上[統計](60歲及以上[統計])","臺南市政府教育局","不定期更新","政府資料開放授權條款-第1版","https://data.tainan.gov.tw/DataSet/Detail/17746a8b-2ff5-4e18-a0ad-58a6e571216e","免費","辛龍香","(06)2991111","2021-06-26 06:47:26","2025-12-26 04:52:08","","1;1;0;0;0;0;0;0"
"170854","臺南市國民中學職員年齡統計","檔案資料","求學及進修","白金","JSON;CSV;JSON;CSV;JSON;CSV","https://soa.tainan.gov.tw/Api/Service/Get/46016d3f-be94-44f4-86b2-07c820ec73b3;https://data.tainan.gov.tw/File/ResourceCsvDownload/46016d3f-be94-44f4-86b2-07c820ec73b3;https://soa.tainan.gov.tw/Api/Service/Get/e9d7c99a-ed7d-4ba4-afb8-2a7e031ec469;https://data.tainan.gov.tw/File/ResourceCsvDownload/e9d7c99a-ed7d-4ba4-afb8-2a7e031ec469;https://soa.tainan.gov.tw/Api/Service/Get/d3de67b0-6874-4bf0-bbb0-ba231be1180a;https://data.tainan.gov.tw/File/ResourceCsvDownload/d3de67b0-6874-4bf0-bbb0-ba231be1180a","UTF-8;UTF-8;UTF-8;UTF-8;UTF-8;UTF-8","系統介接程式","提供臺南市國民中學職員年齡統計","Seq(Seq);性別(性別);合計(合計);男(男);女(女)","臺南市政府教育局","不定期更新","政府資料開放授權條款-第1版","https://data.tainan.gov.tw/DataSet/Detail/4c4920cc-d6aa-485c-888b-e6769de771b7","免費","李國生","(06)2991111","2024-09-27 02:43:52","2025-12-26 02:33:54","","0;0;0;0;0;0"
"103759","臺南市國中小校園開放時間","檔案資料","求學及進修","白金","JSON;CSV;JSON;CSV;JSON;CSV;JSON;CSV","https://soa.tainan.gov.tw/Api/Service/Get/2a49cdb8-95cd-4678-91bc-26f35e133307;https://data.tainan.gov.tw/File/ResourceCsvDownload/2a49cdb8-95cd-4678-91bc-26f35e133307;https://soa.tainan.gov.tw/Api/Service/Get/c7b3b8a4-64b8-4afa-b944-70406ea0af22;https://data.tainan.gov.tw/File/ResourceCsvDownload/c7b3b8a4-64b8-4afa-b944-70406ea0af22;https://soa.tainan.gov.tw/Api/Service/Get/9f109965-4333-464f-80d6-861346d37514;https://data.tainan.gov.tw/File/ResourceCsvDownload/9f109965-4333-464f-80d6-861346d37514;https://soa.tainan.gov.tw/Api/Service/Get/d1d3935b-2123-4ae6-9016-bf289aaa278c;https://data.tainan.gov.tw/File/ResourceCsvDownload/d1d3935b-2123-4ae6-9016-bf289aaa278c","UTF-8;UTF-8;UTF-8;UTF-8;UTF-8;UTF-8;UTF-8;UTF-8","系統介接程式","因應本市COVID-19防疫要求，自111年4月25日起本市所屬國小校園全面暫停對外開放，國、高中戶外場地仍依各校公告時段與場地開放使用及借用。","行政區(行政區);學校名稱(學校名稱);填報人(填報人);填報時間(填報時間);校園開放時間-上課日(校園開放時間-上課日);校園開放時間-固定假日及例假日(校園開放時間-固定假日及例假日);校園開放時間-寒暑假期間上班日(校園開放時間-寒暑假期間上班日);校園開放時間-其他說明(校園開放時間-其他說明)","臺南市政府教育局","不定期更新","政府資料開放授權條款-第1版","https://data.tainan.gov.tw/DataSet/Detail/550e76f3-2ad2-4186-9a79-0554f7acb7aa","免費","辛龍香","(06)2991111","2019-06-04 01:24:51","2025-12-26 01:26:28","","0;0;0;0;0;0;1;1"
"128429","高等教育深耕計畫核定經費","檔案資料","求學及進修","金","CSV;CSV;CSV;CSV;CSV;CSV;CSV;CSV","https://ws.moe.edu.tw/Download.ashx?u=LzAwMS9VcGxvYWQvNC9yZWxmaWxlLzc4NDAvOTUwODgvN2M3M2Y1YjItZDY2My00MTM1LWFmNGMtNjE2Y2QwMmNmNzY2LmNzdg%3D%3D&n=6auY562J5pWZ6IKy5rex6ICV6KiI55Wr5qC45a6a57aT6LK7LTEwN%2BW5tC5jc3Y%3D&icon=..csv;https://ws.moe.edu.tw/Download.ashx?u=LzAwMS9VcGxvYWQvNC9yZWxmaWxlLzc4NDAvOTUwODgvYmJkMWMzNGEtZjdjNy00YzQ4LWFkOTMtZGE2Mjc3YzU1YzE1LmNzdg%3D%3D&n=6auY562J5pWZ6IKy5rex6ICV6KiI55Wr5qC45a6a57aT6LK7LTEwOOW5tC5jc3Y%3D&icon=..csv;https://ws.moe.edu.tw/Download.ashx?u=LzAwMS9VcGxvYWQvNC9yZWxmaWxlLzc4NDAvOTUwODgvZTVjMDEzYjktYmQ3OC00NDkxLWE3MWItM2IxNGM0NTIwYzA3LmNzdg%3D%3D&n=6auY562J5pWZ6IKy5rex6ICV6KiI55Wr5qC45a6a57aT6LK7LTEwOeW5tC5jc3Y%3D&icon=..csv;https://ws.moe.edu.tw/Download.ashx?u=LzAwMS9VcGxvYWQvNC9yZWxmaWxlLzc4NDAvOTUwODgvZDE0NTdkMWQtMzA4NS00ZTQ1LTljZTEtZTkzZDljMjk4Y2FhLmNzdg%3D%3D&n=6auY562J5pWZ6IKy5rex6ICV6KiI55Wr5qC45a6a57aT6LK7LTExMOW5tC5jc3Y%3D&icon=..csv;https://ws.moe.edu.tw/Download.ashx?u=LzAwMS9VcGxvYWQvNC9yZWxmaWxlLzc4NDAvOTUwODgvZGFhMGJhMTAtYmQ4OC00N2JkLTkxM2ItMjA4MTY4NGM5MjczLmNzdg%3D%3D&n=6auY562J5pWZ6IKy5rex6ICV6KiI55Wr5qC45a6a57aT6LK7LTExMeW5tC5jc3Y%3D&icon=..csv;https://ws.moe.edu.tw/Download.ashx?u=LzAwMS9VcGxvYWQvNC9yZWxmaWxlLzc4NDAvOTUwODgvNDFiMDk4YzUtZjc1OS00YWI3LTgzMjQtNTA5N2NhNzM2MDhmLmNzdg%3D%3D&n=6auY562J5pWZ6IKy5rex6ICV6KiI55Wr5qC45a6a57aT6LK7LTExMuW5tC5jc3Y%3D&icon=..csv;https://ws.moe.edu.tw/Download.ashx?u=LzAwMS9VcGxvYWQvNC9yZWxmaWxlLzc4NDAvOTUwODgvY2UzNDAxOWEtMDMzNy00ZTM0LTkwM2ItOGQ2YTVkMTI0ZjExLmNzdg%3D%3D&n=6auY562J5pWZ6IKy5rex6ICV6KiI55Wr5qC45a6a57aT6LK7LTExM%2BW5tC5jc3Y%3D&icon=..csv;https://ws.moe.edu.tw/Download.ashx?u=LzAwMS9VcGxvYWQvNC9yZWxmaWxlLzc4NDAvMTAwNTA4L2M4OTM0OWM2LTQ5ZTgtNGEwMy1iZGMwLTUwYzI2ZmNkZTA4My5jc3Y%3D&n=6auY562J5pWZ6IKy5rex6ICV6KiI55Wr5qC45a6a57aT6LK7LTExNOW5tC5jc3Y%3D&icon=..csv","BIG5;BIG5;BIG5;BIG5;BIG5;BIG5;BIG5;BIG5","原始資料","求學及進修：係指各種學習、教育等相關資料集","類別;學校代碼;學校名稱;核定經費(單位：元)","教育部高等教育司","不定期更新","政府資料開放授權條款-第1版","","免費","張先生","02-77365901","2020-07-16 00:00:00","2025-12-24 16:35:13","","0;0;0;0;0;0;0;0"
"142953","臺南市國民中學職員年資統計","檔案資料","求學及進修","白金","JSON;CSV;JSON;CSV;JSON;CSV;JSON;CSV","https://soa.tainan.gov.tw/Api/Service/Get/86c53ffc-0179-4e54-b027-09f08fa87518;https://data.tainan.gov.tw/File/ResourceCsvDownload/86c53ffc-0179-4e54-b027-09f08fa87518;https://soa.tainan.gov.tw/Api/Service/Get/b1e28807-cff2-4a78-81da-0e0a8517d251;https://data.tainan.gov.tw/File/ResourceCsvDownload/b1e28807-cff2-4a78-81da-0e0a8517d251;https://soa.tainan.gov.tw/Api/Service/Get/56738686-b981-4860-ad0a-4b9652bfff11;https://data.tainan.gov.tw/File/ResourceCsvDownload/56738686-b981-4860-ad0a-4b9652bfff11;https://soa.tainan.gov.tw/Api/Service/Get/7c2f02ce-40d9-45cf-833d-c3dd29f9a0be;https://data.tainan.gov.tw/File/ResourceCsvDownload/7c2f02ce-40d9-45cf-833d-c3dd29f9a0be","UTF-8;UTF-8;UTF-8;UTF-8;UTF-8;UTF-8;UTF-8;UTF-8","系統介接程式","提供臺南市國民中學職員年資統計","年資分組(年資分組);性別(性別);合計(合計);未滿1年[統計](未滿1年[統計]);1年至未滿5年[統計](1年至未滿5年[統計]);5年至未滿10年[統計](5年至未滿10年[統計]);10年至未滿15年[統計](10年至未滿15年[統計]);15年至未滿20年[統計](15年至未滿20年[統計]);20年至未滿25年[統計](20年至未滿25年[統計]);25年至未滿30年[統計](25年至未滿30年[統計]);30年以上[統計](30年以上[統計])","臺南市政府教育局","不定期更新","政府資料開放授權條款-第1版","https://data.tainan.gov.tw/DataSet/Detail/c1b7f2b6-b630-463b-86c5-d1be776faf89","免費","辛龍香","(06)2991111","2021-06-26 06:43:05","2025-12-23 23:25:22","","0;0;1;1;0;0;0;0"
"142957","臺南市特殊教育學校原住民學生數","檔案資料","求學及進修","白金","JSON;CSV;JSON;CSV","https://soa.tainan.gov.tw/Api/Service/Get/f6a01049-0e98-4a13-a9fd-2ac4122bbce3;https://data.tainan.gov.tw/File/ResourceCsvDownload/f6a01049-0e98-4a13-a9fd-2ac4122bbce3;https://soa.tainan.gov.tw/Api/Service/Get/4c4b4a6c-39b4-4357-92bc-bae413b07fcc;https://data.tainan.gov.tw/File/ResourceCsvDownload/4c4b4a6c-39b4-4357-92bc-bae413b07fcc","UTF-8;UTF-8;UTF-8;UTF-8","系統介接程式","提供臺南市特殊教育學校原住民學生數","性別(性別);人數(人數)","臺南市政府教育局","不定期更新","政府資料開放授權條款-第1版","https://data.tainan.gov.tw/DataSet/Detail/05ac9a49-3e6a-4ee4-9fde-a868d520771a","免費","辛龍香","(06)2991111","2021-06-26 05:53:47","2025-12-23 23:23:27","","1;1;0;0"
"101539","臺南市學校代碼列表","檔案資料","求學及進修","金","JSON;CSV;JSON;CSV;JSON;CSV","https://soa.tainan.gov.tw/Api/Service/Get/3aec7cae-86f7-417b-ac05-3a780cd18b86;https://data.tainan.gov.tw/File/ResourceCsvDownload/3aec7cae-86f7-417b-ac05-3a780cd18b86;https://soa.tainan.gov.tw/Api/Service/Get/09e2715f-982d-4ddd-9949-c6b9bf1921de;https://data.tainan.gov.tw/File/ResourceCsvDownload/09e2715f-982d-4ddd-9949-c6b9bf1921de;https://soa.tainan.gov.tw/Api/Service/Get/7bea8bbd-e0a5-428b-9759-d0ca5f7b63fa;https://data.tainan.gov.tw/File/ResourceCsvDownload/7bea8bbd-e0a5-428b-9759-d0ca5f7b63fa","UTF-8;UTF-8;UTF-8;UTF-8;UTF-8;UTF-8","系統介接程式","本資料集提供學校代碼列表","EduSchoolIDNum(EduSchoolIDNum);SchoolName(SchoolName);SchoolTypeIDNum(SchoolTypeIDNum);SchoolStageIDNum(SchoolStageIDNum);SchoolDistrictIDNum(SchoolDistrictIDNum);SchoolStatusIDNum(SchoolStatusIDNum);edu_code(edu_code)","臺南市政府教育局","不定期更新","政府資料開放授權條款-第1版","https://data.tainan.gov.tw/DataSet/Detail/6b3f3b0a-2cec-4617-bab7-afbfca8e881a","免費","辛龍香","(06)2991111","2019-05-02 08:29:56","2025-12-23 20:29:43","","0;0;0;0;0;0"
"103760","臺南市防災校園建置學校一覽表","檔案資料","求學及進修","白金","JSON;CSV;JSON;CSV;JSON;CSV","https://soa.tainan.gov.tw/Api/Service/Get/495844a8-08e0-4a35-9df3-64c7b8fa9339;https://data.tainan.gov.tw/File/ResourceCsvDownload/495844a8-08e0-4a35-9df3-64c7b8fa9339;https://soa.tainan.gov.tw/Api/Service/Get/56f63543-2b8f-458a-b0e4-94c6880879fd;https://data.tainan.gov.tw/File/ResourceCsvDownload/56f63543-2b8f-458a-b0e4-94c6880879fd;https://soa.tainan.gov.tw/Api/Service/Get/0a0ec20e-b9bc-4719-b9f8-a7cfe3419d2b;https://data.tainan.gov.tw/File/ResourceCsvDownload/0a0ec20e-b9bc-4719-b9f8-a7cfe3419d2b","UTF-8;UTF-8;UTF-8;UTF-8;UTF-8;UTF-8","系統介接程式","提供臺南市防災校園建置學校資料","建置類型(建置類型);AreaCode(AreaCode);學校名稱(學校名稱);備註(備註)","臺南市政府教育局","不定期更新","政府資料開放授權條款-第1版","https://data.tainan.gov.tw/DataSet/Detail/68c8e806-ab1f-446a-8693-32fa539cd1be","免費","辛龍香","(06)2991111","2019-06-04 01:16:51","2025-12-23 20:09:40","","0;0;1;1;0;0"
"142946","臺南市國民小學學生裸眼視力檢查","檔案資料","求學及進修","白金","JSON;CSV;JSON;CSV;JSON;CSV","https://soa.tainan.gov.tw/Api/Service/Get/5319336c-2ec9-442c-897c-5636c06300c7;https://data.tainan.gov.tw/File/ResourceCsvDownload/5319336c-2ec9-442c-897c-5636c06300c7;https://soa.tainan.gov.tw/Api/Service/Get/319f3ede-a60e-44e0-b01f-94b67ba6e930;https://data.tainan.gov.tw/File/ResourceCsvDownload/319f3ede-a60e-44e0-b01f-94b67ba6e930;https://soa.tainan.gov.tw/Api/Service/Get/747ecab5-4970-4df5-8f2a-b1b39238d326;https://data.tainan.gov.tw/File/ResourceCsvDownload/747ecab5-4970-4df5-8f2a-b1b39238d326","UTF-8;UTF-8;UTF-8;UTF-8;UTF-8;UTF-8","系統介接程式","提供臺南市國民小學學生裸眼視力檢查","年級;性別;受檢人數;視力不良人數;裸視視力不良率[%]","臺南市政府教育局","不定期更新","政府資料開放授權條款-第1版","https://data.tainan.gov.tw/DataSet/Detail/6cfe972f-0460-43ab-a340-840b94a05817","免費","辛龍香","(06)2991111","2021-06-26 07:53:48","2025-12-23 19:30:38","","0;0;1;1;0;0"
"142900","公立幼兒園概況","檔案資料","求學及進修","白金","JSON;CSV;JSON;CSV","https://soa.tainan.gov.tw/Api/Service/Get/6aa04b07-5934-4d88-9a61-b28b64543598;https://data.tainan.gov.tw/File/ResourceCsvDownload/6aa04b07-5934-4d88-9a61-b28b64543598;https://soa.tainan.gov.tw/Api/Service/Get/a76f5f1d-882d-4d0a-bbae-f747eec9ab8f;https://data.tainan.gov.tw/File/ResourceCsvDownload/a76f5f1d-882d-4d0a-bbae-f747eec9ab8f","UTF-8;UTF-8;UTF-8;UTF-8","系統介接程式","提供本市公立幼兒園概況所在區及園所名稱等","屬性(屬性);縣市別(縣市別);鄉鎮別(鄉鎮別);園所名稱(園所名稱)","臺南市政府教育局","不定期更新","政府資料開放授權條款-第1版","https://data.tainan.gov.tw/DataSet/Detail/77b4774f-78b7-4790-a3c1-4febdf67f5fe","免費","辛龍香","(06)2991111","2021-06-25 08:24:19","2025-12-23 18:55:39","","0;0;0;0"
"142937","臺南市國民中學僑生數","檔案資料","求學及進修","白金","JSON;CSV;JSON;CSV","https://soa.tainan.gov.tw/Api/Service/Get/3f810849-ae69-4848-850f-14e657c6fc46;https://data.tainan.gov.tw/File/ResourceCsvDownload/3f810849-ae69-4848-850f-14e657c6fc46;https://soa.tainan.gov.tw/Api/Service/Get/2e24a96a-09a8-493a-abac-fee0dc59cebe;https://data.tainan.gov.tw/File/ResourceCsvDownload/2e24a96a-09a8-493a-abac-fee0dc59cebe","UTF-8;UTF-8;UTF-8;UTF-8","系統介接程式","提供臺南市國民中學僑生數","項目別(項目別);總計-人數(總計-人數);國立-人數(國立-人數);市立-人數(市立-人數);私立-人數(私立-人數)","臺南市政府教育局","不定期更新","政府資料開放授權條款-第1版","https://data.tainan.gov.tw/DataSet/Detail/a4ba47bf-0bfc-406d-baeb-308796dbc474","免費","辛龍香","(06)2991111","2021-06-25 09:30:49","2025-12-23 18:09:23","","1;1;0;0"
"142939","臺南市國民中學進修部新住民學生數","檔案資料","求學及進修","白金","JSON;CSV;JSON;CSV","https://soa.tainan.gov.tw/Api/Service/Get/a3a9a395-04e9-4af6-adb2-6e6bcd1ac145;https://data.tainan.gov.tw/File/ResourceCsvDownload/a3a9a395-04e9-4af6-adb2-6e6bcd1ac145;https://soa.tainan.gov.tw/Api/Service/Get/68f7aee5-35b0-4e81-8982-a695fc2e795e;https://data.tainan.gov.tw/File/ResourceCsvDownload/68f7aee5-35b0-4e81-8982-a695fc2e795e","UTF-8;UTF-8;UTF-8;UTF-8","系統介接程式","提供臺南市國民中學補習學校新住民學生數統計資料","區(區);學校名稱(學校名稱);男生(男生);女生(女生);合計(合計)","臺南市政府教育局","不定期更新","政府資料開放授權條款-第1版","https://data.tainan.gov.tw/DataSet/Detail/a9834192-c75a-475f-a275-843ea7bae3f1","免費","辛龍香","(06)2991111","2021-06-25 09:08:41","2025-12-23 18:03:20","","0;0;1;1"
"9945","體育課好好玩-運動教案","檔案資料","求學及進修","無(白名單)","CSV","https://www.k12ea.gov.tw//files/common_unit/5f662feb-13ae-4176-8959-2a5ae0596c38/doc/體育課好好玩-運動教案.csv","BIG5","原始資料","幼兒園、國小、國中運動教案","年度;教案名稱;運動種類;運動名稱;適用年級","教育部國民及學前教育署","不定期更新","政府資料開放授權條款-第1版","","免費","黃先生","0277367642","2014-12-31 00:00:00","2025-12-23 10:43:55","授權說明網址: http://data.gov.tw/license","17"
"9944","體育課好好玩-運動教材","檔案資料","求學及進修","無(白名單)","CSV","https://www.k12ea.gov.tw//files/common_unit/aa090b12-35fb-4930-a876-b6cfa4a44510/doc/體育課好好玩-運動教材.csv","BIG5","原始資料","國中、國小運動教材","年度;教材名稱;運動種類;運動名稱;適用年級","教育部國民及學前教育署","不定期更新","政府資料開放授權條款-第1版","","免費","黃先生","0277367642","2014-12-31 00:00:00","2025-12-23 10:41:15","授權說明網址: http://data.gov.tw/license","9"
"165203","數位發展部雙語詞彙","檔案資料","求學及進修","白金","CSV","https://www-api.moda.gov.tw/OpenData/Files/6229","UTF-8","原始資料","數位發展部因應國家發展委員會政策，建置雙語詞彙資料庫，以利各界瞭解數位部及所屬機關業務資訊，並增進與社會各界溝通兼宣達政策之效能","序號(No.);中文(Chinese);英文(English);類別(Category)","數位發展部","不定期更新","政府資料開放授權條款-第1版","","免費","黃振剛","02-23800311","2023-09-06 00:00:00","2025-12-22 16:50:47","不定期更新","201"
"22333","國立自然科學博物館自然科學專書","檔案資料","求學及進修","金","XML","https://libknowledge.nmns.edu.tw/nmnsc/nmnsPubApi?type=lib&date=1900:2030","UTF-8","原始資料","本資料集主要提供國立自然科學博物館出版之自然科學專書資料。","category;title;author;file","國立自然科學博物館","不定期更新","政府資料開放授權條款-第1版","https://libknowledge.nmns.edu.tw/nmnsc/nmnswebtp","免費","張小姐","0423226940#707","2015-10-30 00:00:00","2025-12-22 11:19:48","授權說明網址: http://data.gov.tw/license","6793"
"22332","國立自然科學博物館蒐藏與研究期刊","檔案資料","求學及進修","金","XML","https://libknowledge.nmns.edu.tw/nmnsc/nmnsPubApi?type=bulletin&date=1900:2030","UTF-8","原始資料","本資料集主要提供國立自然科學博物館出版之蒐藏與研究期刊論文資料，內容涵蓋領域包含：動物學、植物學、地質學與人類學。","title;publisher;url;volumn-list","國立自然科學博物館","不定期更新","政府資料開放授權條款-第1版","https://libknowledge.nmns.edu.tw/nmnsc/nmnswebtp","免費","張小姐","0423226940#707","2015-10-30 00:00:00","2025-12-22 11:18:44","授權說明網址: http://data.gov.tw/license","4"
"22325","國立自然科學博物館博物館學季刊","檔案資料","求學及進修","金","XML","https://libknowledge.nmns.edu.tw/nmnsc/nmnsPubApi?type=quaterly&date=1900:2030","UTF-8","原始資料","本資料集主要提供國立自然科學博物館出版之博物館學季刊論文資料，為博物館專業人員及博物館學界開創一個理論探討、實務經驗分享及論壇的園地，以提昇博物館人的專業知能，並促進博物館學與博物館專業技術的研究與推廣。","category;author;title;page-start;file","國立自然科學博物館","每1年","政府資料開放授權條款-第1版","https://libknowledge.nmns.edu.tw/nmnsc/nmnswebtp","免費","張小姐","0423226940#707","2015-10-30 00:00:00","2025-12-22 11:17:29","授權說明網址: http://data.gov.tw/license","1639"
"160230","教育部圖書館事業貢獻獎名單","檔案資料","求學及進修","白金","CSV","https://ws.moe.edu.tw/001/Upload/6/relfile/7856/103346/e783182a-fef1-48aa-b417-3168b8a604de.csv","BIG5","原始資料","教育部為凸顯對全國圖書館事業之重視，並期望對全國圖書館管理及相關人員傑出表現發揮鼓舞激勵之效，訂定發布《教育部圖書館事業貢獻獎實施要點》，評獎對象為《圖書館法》第四條第二項規定之各類圖書館，頒發「標竿圖書館獎」、「傑出圖書館館員獎」、「傑出圖書館主管獎」、「地方首長獎」及「特別貢獻獎」等五大獎項，以表揚團體與個人對圖書館經營及圖書館事業發展之傑出貢獻。","屆別;西元年;獎項名稱;獲獎者","教育部終身教育司","每2年","政府資料開放授權條款-第1版","","免費","楊尤雯","02-77366820","2023-01-03 00:00:00","2025-12-22 09:44:28","","51"
"54259","師資培育之大學師資培育中心各師資類科招收外加師資生之情況","檔案資料","求學及進修","金","CSV;CSV","https://ws.moe.edu.tw/Download.ashx?u=LzAwMS9VcGxvYWQvOC9yZWxmaWxlLzc4MzQvNTQ5OTQvZWE3MTQ4NTItMzRkNS00ZDU2LWJmMTctZDA3NTgyZmU4NmM0LmNzdg%3D%3D&n=MTA15bm05bir6LOH5Z%2B56IKy55u46Zec5a2457O75ZCE5bir6LOH6aGe56eR5oub5pS25aSW5Yqg5bir6LOH55Sf5LmL5oOF5rOBLmNzdg%3D%3D&icon=..csv;https://ws.moe.edu.tw/Download.ashx?u=LzAwMS9VcGxvYWQvOC9yZWxmaWxlLzc4MzQvNTQ5OTQvODBkM2NlYzctODg0OS00ZWNlLWJkOTctMWNjOTQ5ZGQ5MWIwLmNzdg%3D%3D&n=MTEw5bm05bir6LOH5Z%2B56IKy55u46Zec5a2457O75ZCE5bir6LOH6aGe56eR5oub5pS25aSW5Yqg5bir6LOH55Sf5LmL5oOF5rOBLmNzdg%3D%3D&icon=..csv","UTF-8;UTF-8","原始資料","有關師資培育之大學師資培育中心各師資類科招收外加師資生之情況","身分別;總計;幼兒園;國民小學;中等學校;特殊教育學校(班)","教育部師資培育及藝術教育司","不定期更新","政府資料開放授權條款-第1版","","免費","王小姐","0277366345","2017-09-22 00:00:00","2025-12-19 17:07:59","擷取自110年版中華民國師資培育統計年報","9;11"
"27013","高級中等以下學校及幼兒園-合格代理代課教師在任教學校所屬縣市與教育階段百分比之情況","檔案資料","求學及進修","金","CSV;CSV;CSV","https://ws.moe.edu.tw/Download.ashx?u=LzAwMS9VcGxvYWQvOC9yZWxmaWxlLzc4MzQvNDUzNzEvYTQ2ODA4NjctNzU4OS00ZDU5LTkyZmEtMGRhM2U1NmMzZTdiLmNzdg%3D%3D&n=MTAz5bm05YWs56uL6auY57Sa5Lit562J5Lul5LiL5a245qCh5Y%2BK5bm85YWS5ZySLeWQiOagvOS7o%2BeQhuS7o%2BiqsuaVmeW4q%2BWcqOS7u%2BaVmeWtuOagoeaJgOWxrOe4o%2BW4guiIh%2BaVmeiCsumajuauteeZvuWIhuavlOS5i%2BaDheazgS5jc3Y%3D&icon=..csv;https://ws.moe.edu.tw/Download.ashx?u=LzAwMS9VcGxvYWQvOC9yZWxmaWxlLzc4MzQvNTIzNzQvYWM4ZjYxYzgtYjU3OC00Njg3LTllODUtNjk4YTA5YmI2ZWViLmNzdg%3D%3D&n=MTA05bm05YWs56uL6auY57Sa5Lit562J5Lul5LiL5a245qCh5Y%2BK5bm85YWS5ZySLeWQiOagvOS7o%2BeQhuS7o%2BiqsuaVmeW4q%2BWcqOS7u%2BaVmeWtuOagoeaJgOWxrOe4o%2BW4guiIh%2BaVmeiCsumajuauteeZvuWIhuavlOS5i%2BaDheazgS5jc3Y%3D&icon=..csv;https://ws.moe.edu.tw/Download.ashx?u=LzAwMS9VcGxvYWQvOC9yZWxmaWxlLzc4MzQvNTIzNzQvYWRjMDMwNTUtMjU1Yy00MWMxLTgyY2UtY2ZjODc0ZmM2Y2RlLmNzdg%3D%3D&n=MTEw5bm06auY57Sa5Lit562J5Lul5LiL5a245qCh5Y%2BK5bm85YWS5ZySLeWQiOagvOS7o%2BeQhuaVmeS7u%2BaVmeWtuOagoeaJgOWxrOe4o%2BW4guiIh%2BaVmeiCsumajuauteeZvuWIhuavlOS5i%2BaDheazgS5jc3Y%3D&icon=..csv","UTF-8;UTF-8;BIG5","原始資料","公立高級中等以下學校及幼兒園-合格代理代課教師在任教學校所屬縣市與教育階段百分比之情況","任教學校所屬縣市;百分比％;幼兒園;國民小學;國民中學;高級中學;高級職業學校;特殊教育學校;矯正學校","教育部師資培育及藝術教育司","不定期更新","政府資料開放授權條款-第1版","","免費","王小姐","0277366345","2016-01-28 00:00:00","2025-12-19 17:03:10","授權說明網址: http://data.gov.tw/license
另擷取至110年版中華民國師資培育統計年報","23;0;23"
"27016","高級中等以下學校及幼兒園教師甄試-甄選學校所屬縣市、教育階段之情況","檔案資料","求學及進修","金","CSV;CSV","https://depart.moe.edu.tw/ed2600/Common/HitCount.ashx?p=C535150A0F617C6860CE01B098F7F2109789188FC445F71F5A68B1573A6310F85FB8D880DA6350C4DCC1DEAAF2204978C113833196C5349E4C5604D2F2381F32513B19ECE0077A37E78097A407B621CC440C7846EFA928F6D30966BFD4617DA0&type=FB01D469347C76A7&s=5E70A4E89ED85813;https://depart.moe.edu.tw/ed2600/Common/HitCount.ashx?p=C535150A0F617C6860CE01B098F7F2109789188FC445F71F5A68B1573A6310F85FB8D880DA6350C4DCC1DEAAF220497808CDE3DAD3BEE3D676354103A9A091DE64E21A431BD84C7CC727F19F756F83D255336614A39B05FF3F9F36D0406BFC50&type=FB01D469347C76A7&s=D57CFF5722FC8D95","UTF-8;BIG5","原始資料","公立高級中等以下學校及幼兒園教師甄試-甄選學校所屬縣市、教育階段之情況","甄選學校縣市;總計報考人次;總計錄取人次;總計錄取率;幼兒園報考人次;幼兒園錄取人次;幼兒園錄取率;國民小學報考人次;國民小學錄取人次;國民小學錄取率;國民中學報考人次;國民中學錄取人次;國民中學錄取率;高中職(普通學科)報考人次;高中職(普通學科)錄取人次;高中職(普通學科)錄取率;高中職(職業群科)報考人次;高中職(職業群科)錄取人次;高中職(職業群科)錄取率;特殊教育學校報考人次;特殊教育學校錄取人次;特殊教育學校錄取率","教育部師資培育及藝術教育司","不定期更新","政府資料開放授權條款-第1版","","免費","王小姐","0277366345","2016-01-28 00:00:00","2025-12-19 16:46:52","授權說明網址: http://data.gov.tw/license
另擷取至110年版中華民國師資培育統計年報","26;0"
"27193","中小學及幼兒園教師參與進修活動在進修時數與教育階段之情況","檔案資料","求學及進修","白金","CSV","https://depart.moe.edu.tw/ed2600/Common/HitCount.ashx?p=C535150A0F617C6860CE01B098F7F2109789188FC445F71F5A68B1573A6310F85FB8D880DA6350C4DCC1DEAAF22049784426A79F1BBC0653C703CD7084A8EEC66FB1499E508BF25D7E6BB6F5C1F6CBB0B90D9FB21B0CA5AD6D87C42C6A92A8AD&type=FB01D469347C76A7&s=83DA783784AB8FFB","UTF-8","原始資料","了解中小學及幼兒園各教育階段在職專任教師參與進修活動研習時數情形，包含教師總人數、實際研習時數及平均研習時數，資料來源：中華民國師資培育統計年報。","年度;教育階段;教師總人數(人);實際參與進修教師人數(人);實際進修百分比;進修時數實際研習時數;平均研習時數","教育部師資培育及藝術教育司","不定期更新","政府資料開放授權條款-第1版","","免費","潘小姐","0277365726","2016-01-28 00:00:00","2025-12-19 16:32:37","授權說明網址: http://data.gov.tw/license
擷取自110年版中華民國師資培育統計年報","0"
"27195","師資培育之大學一覽表","檔案資料","求學及進修","白金","CSV;CSV","https://ws.moe.edu.tw/Download.ashx?u=LzAwMS9VcGxvYWQvOC9yZWxmaWxlLzc4MzQvNjY0NDcvZDQ4YWM3ZTgtYzE0MC00MTdiLWJhNTctM2Q1MWUxN2Q0MmUzLmNzdg%3D%3D&n=MTA45a245bm05bqm5bir6LOH5Z%2B56IKy5LmL5aSn5a245LiA6Ka96KGobmV3LmNzdg%3D%3D&icon=..csv;https://ws.moe.edu.tw/Download.ashx?u=LzAwMS9VcGxvYWQvOC9yZWxmaWxlLzc4MzQvNjY0NDcvNmUzOTA4YjAtY2U3OS00ZWE0LWIwZDQtNGRhYzcwN2UwY2Y5LmNzdg%3D%3D&n=MTEw5bm05bir6LOH5Z%2B56IKy5LmL5aSn5a245LiA6Ka96KGoLmNzdg%3D%3D&icon=..csv","UTF-8;BIG5","原始資料","依據師資培育法，師資培育之大學：指師範校院、設有師資培育相關學系或師資培育中 心之大學。
提供師資培育之大學一覽表，供各界了解","序號;校名;培育類科","教育部師資培育及藝術教育司","不定期更新","政府資料開放授權條款-第1版","","免費","王小姐","0277366345","2016-01-28 00:00:00","2025-12-19 16:29:19","授權說明網址: http://data.gov.tw/license
另擷取至110年版中華民國師資培育統計年報","49;50"
"37706","高級中等以下學校教師在職進修增能學分班開班狀況","檔案資料","求學及進修","白金","CSV;CSV;CSV","https://ws.moe.edu.tw/Download.ashx?u=LzAwMS9VcGxvYWQvOC9yZWxmaWxlLzc4MzQvNjU0MjUvYjllZTExN2UtOTIyMy00N2JmLTg0MzEtNzQxNWI0YzNjMDc2LmNzdg%3D%3D&n=MTA35bm06auY57Sa5Lit562J5Lul5LiL5a245qCh5pWZ5bir5Zyo6IG36YCy5L%2Bu5aKe6IO95a245YiG54%2Bt6ZaL54%2Bt54uA5rOBLmNzdg%3D%3D&icon=..csv;https://ws.moe.edu.tw/001/Upload/8/relfile/7834/70610/f5783c6a-2f26-4240-97a7-e2de675d4243.csv;https://ws.moe.edu.tw/Download.ashx?u=LzAwMS9VcGxvYWQvOC9yZWxmaWxlLzc4MzQvNzA2MTAvMzU4NTk2ZTMtMDUwNC00MWQxLWE2NjItZDVmNDUwOTJiZTczLmNzdg%3D%3D&n=MTEy5bm06auY57Sa5Lit562J5Lul5LiL5a245qCh5pWZ5bir5Zyo6IG36YCy5L%2Bu5aKe6IO95a245YiG54%2Bt6ZaL54%2Bt54uA5rOBLmNzdg%3D%3D&icon=..csv","UTF-8;UTF-8;BIG5","原始資料","呈現有關高級中等以下學校教師在職進修增能學分班開班議題及狀況，議題涉及近年推行之教育政策。","開班課程;開班學校;班次;招生人數","教育部師資培育及藝術教育司","不定期更新","政府資料開放授權條款-第1版","","免費","潘小姐","0277365726","2016-10-21 00:00:00","2025-12-19 16:25:50","授權說明網址: http://data.gov.tw/license","21;30;32"
"43242","辦理高級中等以下學校及幼兒園教師進修活動單位數、課程數及核定總時數","檔案資料","求學及進修","白金","CSV;CSV","https://ws.moe.edu.tw/Download.ashx?u=LzAwMS9VcGxvYWQvOC9yZWxmaWxlLzc4MzQvNTI0MDcvM2UzMzgyYzYtZDg5Ny00ODJjLTk2M2YtMGE5MGEyYTJmYmQ4LmNzdg%3D%3D&n=MTA05bm05bqm5ZCE5Zau5L2N6L6m55CG6auY57Sa5Lit562J5Lul5LiL5a245qCh5Y%2BK5bm85YWS5ZyS5pWZ5bir6YCy5L%2Bu5rS75YuV5Zau5L2N5pW444CB6Kqy56iL5pW45Y%2BK5qC45a6a57i95pmC5pW4LmNzdg%3D%3D&icon=..csv;https://ws.moe.edu.tw/Download.ashx?u=LzAwMS9VcGxvYWQvOC9yZWxmaWxlLzc4MzQvNTI0MDcvOWRlN2Q0MjctOGI0MC00ODJmLWIxZjEtMDIwZGRmZTFlNTM5LmNzdg%3D%3D&n=MTEw5bm05bqm5ZCE5Zau5L2N6L6m55CG6auY57Sa5Lit562J5Lul5LiL5a245qCh5Y%2BK5bm85YWS5ZyS5pWZ5bir6YCy5L%2Bu5rS75YuV5Zau5L2N5pW444CB6Kqy56iL5pW45Y%2BK5qC45a6a57i95pmC5pW4LmNzdg%3D%3D&icon=..csv","UTF-8;UTF-8","原始資料","呈現辦理研習場次之分布，藉以瞭解高級中等以下學校及幼兒園學校/單位辦理教師進修活動場次數量之分布現況。","年度;辦理學校/單位;學校/單位總數;辦理學校/單數量位;辦理課程數(場次);核定總時數(小時)","教育部師資培育及藝術教育司","不定期更新","政府資料開放授權條款-第1版","","免費","潘小姐","0277365726","2017-02-16 00:00:00","2025-12-19 16:21:43","授權說明網址: http://data.gov.tw/license
另擷取至110年版中華民國師資培育統計年報","0;10"
"43265","各學校/單位辦理高級中等以下學校及幼兒園教師進修活動課程時間","檔案資料","求學及進修","白金","CSV;CSV","https://ws.moe.edu.tw/Download.ashx?u=LzAwMS9VcGxvYWQvOC9yZWxmaWxlLzc4MzQvNTI0MzQvZTJiMDJjZGUtZTkwOS00YjEyLWFjNWEtNDdiZGQzYWZmMDRmLmNzdg%3D%3D&n=MTA05bm05bqm5ZCE5a245qCh5Zau5L2N6L6m55CG6auY57Sa5Lit562J5Lul5LiL5a245qCh5Y%2BK5bm85YWS5ZyS5pWZ5bir6YCy5L%2Bu5rS75YuV6Kqy56iL5pmC6ZaTLmNzdg%3D%3D&icon=..csv;https://ws.moe.edu.tw/Download.ashx?u=LzAwMS9VcGxvYWQvOC9yZWxmaWxlLzc4MzQvNTI0MzQvMDcxODYyYjUtYmU4MS00MTA3LTkzZjItMzc1NjM5MzdlMmM2LmNzdg%3D%3D&n=MTEw5bm05bqm5ZCE5a245qCh5Zau5L2N6L6m55CG6auY57Sa5Lit562J5LiL5a245qCh5Y%2BK5bm85YWS5ZyS5pWZ5bir6YCy5L%2Bu5rS75YuV6Kqy56iL5pmC6ZaTLmNzdg%3D%3D&icon=..csv","UTF-8;UTF-8","原始資料","按全國教師在職進修資訊網資料庫教師在職進修活動辦理各級學校/單位之類別代碼排序，依幼兒園、國民小學、國民中學、高級中等學校、特殊教育學校、師資培育大學、研習中心/組織、法人及社教機構、其他單位(含各級政府教育行政主管機關、一般非師培大專校院…)，呈現全國各級學校/單位辦理教師進修研習活動數量之現況。","辦理學校/單位;總計(場次);週一至週五白天;週一至週五晚上;週末;暑假;寒假;數位遠距教學;未登載時間(註2)","教育部師資培育及藝術教育司","不定期更新","政府資料開放授權條款-第1版","","免費","潘小姐","0277365726","2017-02-16 00:00:00","2025-12-19 16:20:28","授權說明網址: http://data.gov.tw/license
另擷取至110年版中華民國師資培育統計年報","0;0"
"43290","高級中等以下學校及幼兒園教師參與進修活動在不同學歷之情況","檔案資料","求學及進修","白金","CSV;CSV","https://ws.moe.edu.tw/001/Upload/8/relfile/7834/61283/68aa10f3-5148-4745-a92e-2aef9cdbb627.csv;https://ws.moe.edu.tw/Download.ashx?u=LzAwMS9VcGxvYWQvOC9yZWxmaWxlLzc4MzQvNjEyODMvYWEzYzQ1ZjAtNjNiYy00NjZkLTk5ZGUtZTQyNDlkOGFmZjYyLmNzdg%3D%3D&n=MTEw5bm06auY57Sa5Lit562J5Lul5LiL5a245qCh5bm85YWS5ZyS5pWZ5bir5Y%2BD6IiH6YCy5L%2Bu5rS75YuV5Zyo5LiN5ZCM5a245q235LmL5oOF5rOBLmNzdg%3D%3D&icon=..csv","UTF-8;UTF-8","原始資料","呈現高級中等以下學校及幼兒園在職教師參與進修活動時數現況，按高級中等學校、國民中學、國民小學、幼兒園、特殊教育學校等學校單位(包含教育部國民及學前教育署轄下所屬國私立高級中等學校與特殊教育學校)，依實際參與進修在職教師人數、實際研習時數、平均研習時數等項目，詳細呈現全國各級學校教師參與進修研習活動時數之現況。","學歷;教育階段;總人數;參與研習人數;進修百分比;實際研習時數;平均研習時數","教育部師資培育及藝術教育司","不定期更新","政府資料開放授權條款-第1版","","免費","潘小姐","0277365726","2017-02-16 00:00:00","2025-12-19 16:16:50","授權說明網址: http://data.gov.tw/license
另擷取至110年版中華民國師資培育統計年報","20;0"
"54260","師資培育相關學系各師資類科招收外加師資生之情況","檔案資料","求學及進修","金","CSV;CSV","https://ws.moe.edu.tw/Download.ashx?u=LzAwMS9VcGxvYWQvOC9yZWxmaWxlLzc4MzQvNTQ5OTQvZWE3MTQ4NTItMzRkNS00ZDU2LWJmMTctZDA3NTgyZmU4NmM0LmNzdg%3D%3D&n=MTA15bm05bir6LOH5Z%2B56IKy55u46Zec5a2457O75ZCE5bir6LOH6aGe56eR5oub5pS25aSW5Yqg5bir6LOH55Sf5LmL5oOF5rOBLmNzdg%3D%3D&icon=..csv;https://ws.moe.edu.tw/Download.ashx?u=LzAwMS9VcGxvYWQvOC9yZWxmaWxlLzc4MzQvNTQ5OTQvODBkM2NlYzctODg0OS00ZWNlLWJkOTctMWNjOTQ5ZGQ5MWIwLmNzdg%3D%3D&n=MTEw5bm05bir6LOH5Z%2B56IKy55u46Zec5a2457O75ZCE5bir6LOH6aGe56eR5oub5pS25aSW5Yqg5bir6LOH55Sf5LmL5oOF5rOBLmNzdg%3D%3D&icon=..csv","UTF-8;UTF-8","原始資料","近年師資培育相關學系各師資類科招收外加師資生之情況","身分別;總計;幼兒園;國民小學;中等學校;特殊教育學校(班)","教育部師資培育及藝術教育司","不定期更新","政府資料開放授權條款-第1版","","免費","王小姐","0277366345","2017-09-22 00:00:00","2025-12-19 11:42:01","擷取至110年版中華民國師資培育統計年報","9;11"
"78566","各縣市國民中小學辦理教師進修活動場次數量之情況","檔案資料","求學及進修","白金","CSV;CSV;CSV;CSV","https://ws.moe.edu.tw/001/Upload/8/relfile/7834/61419/2cfaed3f-85a8-43b2-9c73-0a32224110bc.csv;https://ws.moe.edu.tw/001/Upload/8/relfile/7834/61280/e04e9abb-13f1-4b2a-a7b4-840d0014aa17.csv;https://ws.moe.edu.tw/001/Upload/8/relfile/7834/61282/8872ca89-51ab-409a-ad18-660a111e4755.csv;https://ws.moe.edu.tw/Download.ashx?u=LzAwMS9VcGxvYWQvOC9yZWxmaWxlLzc4MzQvNTcwMzQvZDNiNjVkNGQtZTY5Zi00Y2IxLWFmZjctYTFmMWEwMzlmNDllLmNzdg%3d%3d&n=MTEw5ZCE57ij5biC5ZyL5rCR5Lit5a246L6m55CG5pWZ5bir6YCy5rS75YuV5aC05qyh5pW46YePLmNzdg%3d%3d&icon=..csv","UTF-8;UTF-8;UTF-8;UTF-8","原始資料","有關各縣市國民中小學辦理教師進修活動場次數量之情況","所屬縣市;總校數;辦理校數;辦理課程數(場次)","教育部師資培育及藝術教育司","不定期更新","政府資料開放授權條款-第1版","","免費","潘小姐","02-77365726","2018-03-30 00:00:00","2025-12-19 11:31:22","擷取至110年版中華民國師資培育統計年報","22;22;367;0"
"78591","各縣市高級中等以下學校及幼兒園教師參與進修活動之情況","檔案資料","求學及進修","白金","CSV;CSV","https://ws.moe.edu.tw/001/Upload/8/relfile/7834/61418/0cd78fcf-7099-47c0-a38d-caf15c0d325c.csv;https://ws.moe.edu.tw/Download.ashx?u=LzAwMS9VcGxvYWQvOC9yZWxmaWxlLzc4MzQvNTcwMzEvZDhlN2Q1NzctMjgwYS00NjM0LTg3NmQtODExYTkzNjQ5MmUxLmNzdg%3d%3d&n=MTEw5ZCE57ij5biC6auY57Sa5Lit562J5Lul5LiL5a245qCh5Y%2bK5bm85YWS5ZyS5pWZ5bir5Y%2bD6IiH6YCy5rS75YuV5LmL5oOF5rOBLmNzdg%3d%3d&icon=..csv","UTF-8;BIG5","原始資料","有關各縣市高級中等以下學校及幼兒園教師參與進修活動之情況","所屬縣市;高級中學;高級職業學校;國民中學;國民小學;幼兒園;特殊教育學校","教育部師資培育及藝術教育司","不定期更新","政府資料開放授權條款-第1版","","免費","潘小姐","02-77365726","2018-03-30 00:00:00","2025-12-19 11:28:44","擷取至110年版中華民國師資培育統計年報","22;0"
"54262","高級中等以下學校及幼兒園教師參與進修活動平均研習時數在教育階段、所屬縣市與年齡層之情況","檔案資料","求學及進修","金","CSV;CSV","https://ws.moe.edu.tw/Download.ashx?u=LzAwMS9VcGxvYWQvOC9yZWxmaWxlLzc4MzQvNTQ5OTUvMjg3ZWY1ZDktOWY1OC00MjliLTk1ZDUtZGZiMzcwZGFjNmY2LmNzdg%3D%3D&n=6auY57Sa5Lit562J5Lul5LiL5a245qCh5Y%2BK5bm85YWS5ZyS5pWZ5bir5Y%2BD6IiH6YCy5L%2Bu5rS75YuV5bmz5Z2H56CU57%2BS5pmC5pW45Zyo5pWZ6IKy6ZqO5q6144CB5omA5bGs57ij5biC6IiH5bm06b2h5bGk5LmL5oOF5rOBLmNzdg%3D%3D&icon=..csv;https://ws.moe.edu.tw/Download.ashx?u=LzAwMS9VcGxvYWQvOC9yZWxmaWxlLzc4MzQvNTQ5OTUvZTlhNjJmNmItM2I3YS00YTk4LWFjMDItNjU3NjAwNmQwNzE5LmNzdg%3D%3D&n=6auY57Sa5Lit562J5Lul5LiL5a245qCh5Y%2BK5bm85YWS5ZyS5pWZ5bir5Y%2BD6IiH6YCy5L%2Bu5rS75YuV5bmz5Z2H56CU57%2BS5pmC5pW45Zyo5pWZ6IKy6ZqO5q6144CB5omA5bGs57ij5biC6IiH5bm06b2h5bGk5LmL5oOF5rOBICgxKS5jc3Y%3D&icon=..csv","UTF-8;UTF-8","原始資料","有關高級中等以下學校及幼兒園教師參與進修活動平均研習時數在教育階段、所屬縣市與年齡層之情況","所屬縣市;年齡層;總計(小時);高級中學;高級職業學校;國民中學;國民小學;幼兒園;特殊教育學校","教育部師資培育及藝術教育司","不定期更新","政府資料開放授權條款-第1版","","免費","潘小姐","0277365726","2017-09-22 00:00:00","2025-12-19 11:26:15","擷取自110年版中華民國師資培育統計年報","230;230"
"78589","高級中等以下學校及幼兒園教師參與進修活動在教育階段及性別之情況","檔案資料","求學及進修","白金","CSV;CSV;CSV","https://ws.moe.edu.tw/001/Upload/8/relfile/7834/61420/ad506603-8bda-442a-a6fe-aec1936c40c3.csv;https://ws.moe.edu.tw/001/Upload/8/relfile/7834/57033/41925ef2-b0ac-40a2-bbcd-f0e712171851.csv;https://ws.moe.edu.tw/Download.ashx?u=LzAwMS9VcGxvYWQvOC9yZWxmaWxlLzc4MzQvNjEyODIvNWUxNDg2YTAtNzM0ZS00ZjMzLThhN2EtYTFhYmY1NzEzYWFiLmNzdg%3d%3d&n=MTEw6auY57Sa5Lit562J5Lul5LiL5a245qCh5Y%2bK5bm85YWS5ZyS5pWZ5bir5Y%2bD6IiH6YCy5L%2bu5rS75YuV5Zyo5LiN5ZCM5oCn5Yil5LmL5oOF5rOBLmNzdg%3d%3d&icon=..csv","UTF-8;UTF-8;UTF-8","原始資料","有關高級中等以下學校及幼兒園教師參與進修活動在教育階段及性別之情況","縣市;教育階段與性別;教師總人數;實際參與進修人數;實際研習時數","教育部師資培育及藝術教育司","不定期更新","政府資料開放授權條款-第1版","","免費","潘小姐","02-77365726","2018-03-30 00:00:00","2025-12-19 11:24:46","","19;367;0"
"78593","各師資類科師資生修畢師資職前教育課程之情況","檔案資料","求學及進修","金","CSV;CSV","https://ws.moe.edu.tw/Download.ashx?u=LzAwMS9VcGxvYWQvOC9yZWxmaWxlLzc4MzQvNTcwMzAvYTZiOGNjYjMtMjg2ZS00ZDMzLTllYWItY2U1MjY0ZWY3ZjlmLmNzdg%3D%3D&n=5ZCE5bir6LOH6aGe56eR5bir6LOH55Sf5L%2Bu55Wi5bir6LOH6IG35YmN5pWZ6IKy6Kqy56iL5LmL5oOF5rOBLmNzdg%3D%3D&icon=..csv;https://ws.moe.edu.tw/Download.ashx?u=LzAwMS9VcGxvYWQvOC9yZWxmaWxlLzc4MzQvNTcwMzAvMGM0Njg2NTktNjMyYy00OTFhLTk5NDUtYmM0MTY1OTZiNTQxLmNzdg%3D%3D&n=MTEw5bm05bir6LOH6aGe56eR5bir6LOH55Sf5L%2Bu55Wi5bir6LOH6IG35YmN5pWZ6IKy6Kqy56iLLmNzdg%3D%3D&icon=..csv","BIG5;UTF-8","原始資料","有關各師資類科師資生修畢師資職前教育課程之情況","師資生來源;總計;幼兒園;國民小學;中等學校普通學科;中等學校職業群科;特殊教育學校(班)","教育部師資培育及藝術教育司","不定期更新","政府資料開放授權條款-第1版","","免費","王小姐","02-77366345","2018-03-30 00:00:00","2025-12-19 11:19:50","擷取至110年版中華民國師資培育統計年報","0;0"
"14220","15歲以上教育程度─按年齡別、性別分","檔案資料","求學及進修","白金","CSV","https://opdadm.moi.gov.tw/api/v1/no-auth/resource/api/dataset/1CE7C6FF-9FB9-489D-84E4-02F7848C389E/resource/7DFAACC2-05DD-42EE-B186-24298F704232/download","UTF-8","系統介接程式","15歲以上教育程度─按年齡別、性別分（資料起始時間：86年）（其他統計期資料可使用備註網址，調整ym及ymt參數取得）","15歲以上人口數;總計_人數;識字_人數;研究院_含博士班_人數;大學_人數;專科_含二_三年制_五專後二年_人數;高中_人數;高職_含五專前三年_人數;國中_人數;初職_人數;國小_人數;自修_人數;不識字_人數","統計處","不定期更新","政府資料開放授權條款-第1版","","免費","林詩惟","02-23565361","2015-04-23 14:31:55","2025-12-16 20:08:28","https://statis.moi.gov.tw/micst/webMain.aspx?sys=220&kind=21&type=1&funid=c0110403&cycle=4&outmode=12&utf=1&compmode=0&outkind=3&fldspc=0,12,&codspc0=0,12,&codlst1=111&rdm=9uia45me&ym=8600&ymt=10600

統計期參數ym及ymt設定說明：
1.ym=需求資料起始期年月，ymt=需求資料迄期年月。
2.資料起始時間:8600(86代表民國86年,00代表月份,參數00代表查詢整年份資料)。
3.資料迄期年月:10600(106代表民國106年,00代表月份)。
4.此資料集為年資料。","0"
"94997","106年役政人員培訓計畫辦理情形","檔案資料","求學及進修","白金","CSV","https://opdadm.moi.gov.tw/api/v1/no-auth/resource/api/dataset/F346A5A1-B6D8-42AB-A897-4D9030AEBFDD/resource/99403071-ECEB-45A1-AE3D-0A94E95AA8C8/download","BIG5","系統介接程式","106年役政人員培訓計畫各班別開辦時間及人數統計","班別名稱;期別;人數;訓期_天","役政司","不定期更新","政府資料開放授權條款-第1版","","免費","莊晴茹","02-85013948","2018-11-19 11:45:24","2025-12-16 18:11:04","","0"
"164854","營造業工地主任220小時職能訓練課程講習計畫考區成績","檔案資料","求學及進修","金","CSV","https://opdadm.moi.gov.tw/api/v1/no-auth/resource/api/dataset/5B5DB8A2-E780-466D-B77F-4D50E452E576/resource/699E9696-DC28-4C68-B454-E7BECBA120A4/download","UTF-8","系統介接程式","內政部國土管理署辦理112年度「營造業工地主任220小時職能訓練課程講習計畫」第2次評定臺北考區考生成績表資料","類組;考區名稱;試場;准考號碼;姓名;性別;第一類科原始得分;第一類科扣分;第一類科最後得分;第二類科原始得分;第二類科扣分;第二類科最後得分;合格否","內政部國土管理署","不定期更新","政府資料開放授權條款-第1版","","免費","劉承坤","02-87712094","2023-08-11 10:52:34","2025-12-16 14:40:34","","0"
"169088","113年資訊管理學系教職員一覽","檔案資料","求學及進修","白金","CSV","https://opdadm.moi.gov.tw/api/v1/no-auth/resource/api/dataset/814DD112-B50F-421E-B454-28D58E7514CC/resource/7BBE9550-0D41-4D2E-820F-423A20F1CC1E/download","UTF-8","系統介接程式","中央警察大學資訊管理學系教職員一覽","Name (姓名);Psition(職稱);Rm(研究室);Extension(分機號碼);Email(email帳號)","中央警察大學","不定期更新","政府資料開放授權條款-第1版","","免費","周韋君","03-3282321#4224","2024-06-20 10:04:41","2025-12-16 14:30:17","","7"
"169133","113年中央警察大學採購劍橋大學出版社電子書清單","檔案資料","求學及進修","金","CSV","https://opdadm.moi.gov.tw/api/v1/no-auth/resource/api/dataset/72E5E60F-636A-41CA-9D36-0181062499C8/resource/6C52ECA9-969F-4C02-A6E2-C69E91BA998A/download","UTF-8","系統介接程式","中央警察大學113年採購劍橋大學電子書清單","No.(編號);Title(書名);Online ISBN(線上ISBN);Pubyear(出版年);Publisher(出版者);Orderyear(訂購年份)","中央警察大學","不定期更新","政府資料開放授權條款-第1版","","免費","王貴珠","03-3282321#4318","2024-06-24 13:39:21","2025-12-16 14:30:10","","70"
"24978","國民小學辦理課後照顧班學校清單","檔案資料","求學及進修","白金","CSV;CSV;CSV;CSV","https://www.k12ea.gov.tw//files/common_unit/bb47b29b-2cc0-40eb-ad3f-cc9c0451c5d2/doc/110學年度國民小學辦理課後照顧班學校清單.csv;https://www.k12ea.gov.tw//files/common_unit/cf1c9968-c4bb-4d24-bafb-5e7b5f0fec5d/doc/111學年度國民小學辦理課後照顧班學校清單.csv;https://www.k12ea.gov.tw//files/common_unit/1db1aa70-4fa0-42c8-9316-185de339cb3e/doc/112學年度國民小學辦理課後照顧班學校清單.csv;https://www.k12ea.gov.tw//files/common_unit/0ce84f80-a687-4924-a56d-895abf5548b0/doc/113學年度國民小學辦理課後照顧班學校清單.csv","UTF-8;UTF-8;UTF-8;UTF-8","原始資料","提供辦理課後照顧班之國民小學學校清單","序號;縣市別代碼;縣市;學校名稱;辦理方式","教育部國民及學前教育署","不定期更新","政府資料開放授權條款-第1版","","免費","黃小姐","02-77367977","2015-12-01 00:00:00","2025-12-16 13:46:59","授權說明網址: http://data.gov.tw/license","1000;1000;1000;0"
"43289","學校校舍耐震補強工程一覽表","檔案資料","求學及進修","白金","CSV","https://www.k12ea.gov.tw//files/common_unit/0c0f85db-e762-44a1-95f1-354260bc72b5/doc/學校校舍耐震補強工程一覽表.csv","UTF-8","原始資料","提供學校校舍耐震補強工程一覽表相關資訊","縣市別代碼;縣市別;學校名稱;評估校舍名稱;核定內容;工程核定批次;棟數","教育部國民及學前教育署","不定期更新","政府資料開放授權條款-第1版","","免費","唐小姐","02-77367720","2017-02-20 00:00:00","2025-12-16 11:38:39","授權說明網址: http://data.gov.tw/license","998"
"15391","國中教育會考各科試題通過率","檔案資料","求學及進修","白金","CSV;CSV;CSV;CSV;CSV;CSV;CSV;CSV;CSV;CSV;CSV;CSV","https://www.k12ea.gov.tw/files/common_unit/f73ba335-69bc-4922-9ea7-bfebfb7f4749/doc/103%e5%b9%b4%e5%9c%8b%e4%b8%ad%e6%95%99%e8%82%b2%e6%9c%83%e8%80%83%e5%90%84%e7%a7%91%e8%a9%a6%e9%a1%8c%e9%80%9a%e9%81%8e%e7%8e%87.csv;https://www.k12ea.gov.tw/files/common_unit/1cb5803a-6bd0-494a-bc4e-8241d7c8840e/doc/104年國中教育會考各科試題通過率.csv;https://www.k12ea.gov.tw/files/common_unit/f11e6e7f-018c-4880-84ec-fa62dad034d9/doc/105%e5%b9%b4%e5%9c%8b%e4%b8%ad%e6%95%99%e8%82%b2%e6%9c%83%e8%80%83%e5%90%84%e7%a7%91%e8%a9%a6%e9%a1%8c%e9%80%9a%e9%81%8e%e7%8e%87.csv;https://www.k12ea.gov.tw/files/common_unit/b271b870-3c0c-4e94-be01-c1a8044c2dac/doc/106年國中教育會考各科試題通過率.csv;https://www.k12ea.gov.tw/files/common_unit/c1afaa4c-dd5c-49be-988a-62f57d710729/doc/107年國中教育會考各科試題通過率.csv;https://www.k12ea.gov.tw//files/common_unit/b4929928-1f9b-4c48-98e6-2acfd0f7b27d/doc/108年國中教育會考各科試題通過率.csv;https://www.k12ea.gov.tw//files/common_unit/e058482a-f768-4fd1-9a9c-94e2db823d37/doc/109年國中教育會考各科試題通過率.csv;https://www.k12ea.gov.tw//files/common_unit/8e382924-ccad-45e6-8faf-a0635c769c35/doc/110年國中教育會考各科試題通過率.csv;https://www.k12ea.gov.tw//files/common_unit/822d97d3-aaa5-4d30-ab93-f637fdffd81b/doc/111年國中教育會考各科試題通過率.csv;https://www.k12ea.gov.tw//files/common_unit/40ec68ee-5454-4c56-ae10-e9c79d5823ae/doc/112年國中教育會考各科試題通過率.csv;https://www.k12ea.gov.tw//files/common_unit/d78252a3-e992-46c1-b01d-2dca3e41270f/doc/113年國中教育會考各科試題通過率.csv;https://www.k12ea.gov.tw//files/common_unit/e7ec3b11-6c2e-40d1-87ae-36503a4180a1/doc/114年國中教育會考各科試題通過率.csv","UTF-8;UTF-8;UTF-8;UTF-8;UTF-8;UTF-8;UTF-8;UTF-8;UTF-8;UTF-8;UTF-8;UTF-8","原始資料","提供各年度國中教育會考各科試題通過率相關資料","國文科題序;國文科通過率;英語科題序;英語科通過率;數學科題序;數學科通過率;社會科題序;社會科通過率;自然科題序;自然科通過率","教育部國民及學前教育署","每1年","政府資料開放授權條款-第1版","","免費","鄭小姐","02-77367721","2015-05-20 00:00:00","2025-12-16 11:30:19","授權說明網址: http://data.gov.tw/license","63;63;63;63;63;63;63;63;63;62;63;63"
"31852","技專校院評鑑指標、計畫、結果及報告公告","檔案資料","求學及進修","白金","CSV","https://ws.moe.edu.tw/Download.ashx?u=LzAwMS9VcGxvYWQvNS9yZWxmaWxlLzc4MzEvNTcyOTAvMTk2YjA2MjQtZTcyZC00YmUxLThmNjQtYTlkOGFmY2U5MjU1LmNzdg%3d%3d&n=6KmV6ZGR5oyH5qiZ44CB6KiI55Wr44CB57WQ5p6c5Y%2bK5aCx5ZGKKDA1MzDmm7TmlrApY3N2LmNzdg%3d%3d&icon=..csv","BIG5","原始資料","發布訊息及提供資料","類別;公告年度;說明;網址","教育部技術及職業教育司","不定期更新","政府資料開放授權條款-第1版","https://depart.moe.edu.tw/ed2300/News.aspx?n=B367A990348F663E&sms=93B5CE944C75661B","免費","楊小姐","0277365864","2016-05-31 00:00:00","2025-12-16 09:17:52","授權說明網址: http://data.gov.tw/license","172"
"31880","技專校院產學攜手合作計畫資訊","檔案資料","求學及進修","金","CSV","https://ws.moe.edu.tw/Download.ashx?u=LzAwMS9VcGxvYWQvNS9yZWxmaWxlLzY0NzgvNTcyODcvNjZlMDU0Y2QtZTBmYi00MWFjLTlmOTUtNjdiZDRlMTE5MWZmLmNzdg%3D%3D&n=MTA25a245bm05bqm55Si5a245pSc5omL5ZCI5L2c6KiI55Wr5qC45a6a54%2Bt5Yil5LiA6Ka96KGoLmNzdg%3D%3D&icon=..csv","BIG5","原始資料","提供106學年度產學攜手合作計畫核定班別一覽表供參考。後續年度資料整理中，將陸續更新提供。","序號;計畫編號;技專校院;專班名稱;新辦/續辦;銜接大一;辦理學制","教育部技術及職業教育司","不定期更新","政府資料開放授權條款-第1版","","免費","陳小姐","0277366198","2016-06-06 00:00:00","2025-12-16 09:16:15","授權說明網址: http://data.gov.tw/license","44"
"146637","技專校院課程清單","檔案資料","求學及進修","金","CSV","https://ws.moe.edu.tw/Download.ashx?u=LzAwMS9VcGxvYWQvNS9yZWxmaWxlLzY0NzgvOTc1NjAvMTg5YzA4Y2UtODU0Ni00M2NjLTljOTMtZTU5MWI1ODY0NTYyLmNzdg%3d%3d&n=MTEy5a245bm05bqm5oqA5bCI5qCh6Zmi6Kqy56iL5riF5ZauLmNzdg%3d%3d&icon=..csv","UTF-8","原始資料","112學年度技專校院開課情形","開課年度;校名;課程名稱;科系;學分數;總修課人數","教育部技術及職業教育司","不定期更新","政府資料開放授權條款-第1版","","免費","黃小姐","02-77365863","2021-11-25 00:00:00","2025-12-16 09:15:50","","998"
"14199","警察專科學校畢業人數─按性別分","檔案資料","求學及進修","白金","CSV","https://statis.moi.gov.tw/micst/webMain.aspx?sys=220&kind=21&type=1&funid=c0610201&cycle=4&outmode=12&utf=1&compmode=0&outkind=3&fldlst=111&codlst0=111&rdm=fXidlyio&ym=10800&ymt=10800","UTF-8","系統介接程式","警察專科學校畢業人數─按性別分（資料起始時間：88年）（其他統計期資料可使用備註網址，調整ym及ymt參數取得）","畢業人數;總計;專科警員班;巡佐班","統計處","不定期更新","政府資料開放授權條款-第1版","","免費","林詩惟","02-23565361","2015-04-23 09:38:13","2025-12-16 00:51:27","https://statis.moi.gov.tw/micst/webMain.aspx?sys=220&kind=21&type=1&funid=c0610201&cycle=4&outmode=12&utf=1&compmode=0&outkind=3&fldlst=111&codlst0=111&rdm=fXidlyio&ym=8800&ymt=10600

統計期參數ym及ymt設定說明：
1.ym=需求資料起始期年月，ymt=需求資料迄期年月。
2.資料起始時間:8800(88代表民國88年,00代表月份,參數00代表查詢整年份資料)。
3.資料迄期年月:10600(106代表民國106年,00代表月份)。
4.此資料集為年資料。","0"
"14246","15歲以上人口識字情形─按區域別性別分","檔案資料","求學及進修","白金","CSV","https://statis.moi.gov.tw/micst/webMain.aspx?sys=220&kind=21&type=1&funid=c0110404&cycle=4&outmode=12&utf=1&compmode=0&outkind=3&fldlst=1111&codspc0=0;2;3;2;6;1;9;1;12;1;15;16;&codlst1=111&rdm=9jni0mle&ym=10800&ymt=10800","UTF-8","系統介接程式","15歲以上人口識字情形─按區域別性別分（資料起始時間：86年）（其他統計期資料可使用備註網址，調整ym及ymt參數取得）","15歲以上人口數;總計_人;識字者_人;不識字者_人;不識字率_%","統計處","不定期更新","政府資料開放授權條款-第1版","","免費","林詩惟","02-23566206","2015-04-24 09:48:35","2025-12-15 23:23:23","https://statis.moi.gov.tw/micst/webMain.aspx?sys=220&kind=21&type=1&funid=c0110404&cycle=4&outmode=12&utf=1&compmode=0&outkind=3&fldlst=1111&codspc0=0,2,3,2,6,1,9,1,12,1,15,16,&codlst1=111&rdm=9jni0mle&ym=8600&ymt=10600

統計期參數ym及ymt設定說明：
1.ym=需求資料起始期年月，ymt=需求資料迄期年月。
2.資料起始時間:8600(86代表民國86年,00代表月份,參數設定00代表查詢整年份資料)。
3.資料迄期年月:10600(106代表民國106年,00代表月份)。
4.此資料集為年資料。","0"
"131739","臺北市中等學校畢業生出路(57學年度至102學年度)","檔案資料","求學及進修","白金","CSV","https://tsis.dbas.gov.taipei/statis/webMain.aspx?sys=220&ymf=5700&kind=21&type=0&funid=a05009501&cycle=4&outmode=12&compmode=0&outkind=3&deflst=2&nzo=1","UTF-8","系統介接程式","臺北市中等學校畢業生出路(57學年度至102學年度)時間數列統計資料
","統計期;學制別;總計[人];升學/合計[人];升學/大學校院[人];升學/專科學校[人];升學/高中或高職[人];升學/師專師院[人];升學/軍警學校[人];升學/其他[人];就業/合計[人];就業/農林漁牧狩獵業[人];就業/礦業及土石採取業[人];就業/製造業或營造業[人];就業/水電燃氣業[人];就業/批發零售及餐飲業[人];就業/金融保險不動產及租賃業[人];就業/運輸倉儲通信業[人];就業/社會及個人服務業[人];就業/其他[人];閒居[人];其他[人]","臺北市政府主計處","不定期更新","政府資料開放授權條款-第1版","無","免費","吳蔓麗","02-27287626","2020-10-13 00:00:00","2025-12-15 18:17:15","","276"
"33000","各年度大學校院附設華語文中心外國學生人數統計表","檔案資料","求學及進修","白金","CSV;CSV;CSV","https://ws.moe.edu.tw/Download.ashx?u=LzAwMS9VcGxvYWQvNy9yZWxmaWxlLzg0MjYvMTAwNDgxLzljNDdlNzgxLTQ5ZjAtNGIzZi1hNzAxLTZiMTFmN2JmNmZjMS5jc3Y%3d&n=MTEz5ZCE5bm05bqm5aSn5a245qCh6Zmi6Kit6I%2bv6Kqe5paH5Lit5b%2bD5aSW5ZyL5a2455Sf5Lq65pW457Wx6KiI6KGoLmNzdg%3d%3d&icon=..csv;https://ws.moe.edu.tw/Download.ashx?u=LzAwMS9VcGxvYWQvNy9yZWxmaWxlLzg0MjYvMTAwNDgxLzM3OGMyNWIyLWU0YjktNGVmMC1hYmQzLTIxOTI4ZmEyZmNkZi5jc3Y%3d&n=MTEy5ZCE5bm05bqm5aSn5a245qCh6Zmi6Kit6I%2bv6Kqe5paH5Lit5b%2bD5aSW5ZyL5a2455Sf5Lq65pW457Wx6KiI6KGoLmNzdg%3d%3d&icon=..csv;https://ws.moe.edu.tw/Download.ashx?u=LzAwMS9VcGxvYWQvNy9yZWxmaWxlLzg0MjYvMTAwNDgxLzRlZGQ0NTA1LTNkMzctNDg3Yy1iNzllLTJlODliMTMyZmE5NC5jc3Y%3d&n=MTEx5ZCE5bm05bqm5aSn5a245qCh6Zmi6Kit6I%2bv6Kqe5paH5Lit5b%2bD5aSW5ZyL5a2455Sf5Lq65pW457Wx6KiI6KGoLmNzdg%3d%3d&icon=..csv","UTF-8;UTF-8;UTF-8","原始資料","統計111-113年於大學校院附設華語文中心研習之外國學生人數","國家;人數","教育部國際及兩岸教育司","每1年","政府資料開放授權條款-第1版","https://ws.moe.edu.tw/Download.ashx?u=LzAwMS9VcGxvYWQvNy9yZWxmaWxlLzg0MjYvMTAwNDgxLzljNDdlNzgxLTQ5ZjAtNGIzZi1hNzAxLTZiMTFmN2JmNmZjMS5jc3Y%3d&n=MTEz5ZCE5bm05bqm5aSn5a245qCh6Zmi6Kit6I%2bv6Kqe5paH5Lit5b%2bD5aSW5ZyL5a2455Sf5Lq65pW457Wx6KiI6KGoLmNzdg%3d%3d&icon=..csv;https://ws.moe.edu.tw/Download.ashx?u=LzAwMS9VcGxvYWQvNy9yZWxmaWxlLzg0MjYvMTAwNDgxLzM3OGMyNWIyLWU0YjktNGVmMC1hYmQzLTIxOTI4ZmEyZmNkZi5jc3Y%3d&n=MTEy5ZCE5bm05bqm5aSn5a245qCh6Zmi6Kit6I%2bv6Kqe5paH5Lit5b%2bD5aSW5ZyL5a2455Sf5Lq65pW457Wx6KiI6KGoLmNzdg%3d%3d&icon=..csv;https://ws.moe.edu.tw/Download.ashx?u=LzAwMS9VcGxvYWQvNy9yZWxmaWxlLzg0MjYvMTAwNDgxLzRlZGQ0NTA1LTNkMzctNDg3Yy1iNzllLTJlODliMTMyZmE5NC5jc3Y%3d&n=MTEx5ZCE5bm05bqm5aSn5a245qCh6Zmi6Kit6I%2bv6Kqe5paH5Lit5b%2bD5aSW5ZyL5a2455Sf5Lq65pW457Wx6KiI6KGoLmNzdg%3d%3d&icon=..csv","免費","姜小姐","02-77365735","2016-08-22 00:00:00","2025-12-15 11:29:31","授權說明網址: http://data.gov.tw/license","0;0;0"
"33001","大專校院附設華語文中心外國學生人數-按校別","檔案資料","求學及進修","白金","CSV;CSV;CSV;CSV","https://ws.moe.edu.tw/Download.ashx?u=LzAwMS9VcGxvYWQvNy9yZWxmaWxlLzg0MjYvMTAwNDg3L2YwY2I4MmRmLTc5M2UtNGZlMS1iOTZkLTQ4YWVhZjJmMDM0OS5jc3Y%3d&n=MTEw5bm05aSn5bCI5qCh6Zmi6ZmE6Kit6I%2bv6Kqe5paH5Lit5b%2bD5aSW5ZyL5a2455Sf5Lq65pW4LeaMieagoeWIpS5jc3Y%3d&icon=..csv5694E6DCE47405828C9DE6C9B035EF0ECFF988037870158973A510CB4DBFC53F6FEFBEC60CD93F40A018D1&n=84FEEC906F6AFA1B168402AB4F6F61D2B31F3DA26738FFBA8224BD6464D413D66D44F4C6F4906289686A46B95F2D3D51AC3AFB7465D1C17670B7F047B4C233FEB1166F3583A2288B&icon=..csv;https://ws.moe.edu.tw/Download.ashx?u=LzAwMS9VcGxvYWQvNy9yZWxmaWxlLzg0MjYvMTAwNDg3L2RjNWE5YTg3LTFiZmItNDNiOS1hNWU1LTlmMDU3NmRkYjZjNi5jc3Y%3d&n=MTEx5bm05aSn5bCI5qCh6Zmi6ZmE6Kit6I%2bv6Kqe5paH5Lit5b%2bD5aSW5ZyL5a2455Sf5Lq65pW4LeaMieagoeWIpS5jc3Y%3d&icon=..csv;https://ws.moe.edu.tw/Download.ashx?u=LzAwMS9VcGxvYWQvNy9yZWxmaWxlLzg0MjYvMTAwNDg3L2E2MDJmZDY2LWZhMWUtNDBhYi1iNWMxLWM5YTg5ZjJlZDJjYS5jc3Y%3d&n=MTEy5bm05aSn5bCI5qCh6Zmi6ZmE6Kit6I%2bv6Kqe5paH5Lit5b%2bD5aSW5ZyL5a2455Sf5Lq65pW4LeaMieagoeWIpS5jc3Y%3d&icon=..csv;https://ws.moe.edu.tw/Download.ashx?u=LzAwMS9VcGxvYWQvNy9yZWxmaWxlLzg0MjYvMTAwNDg3L2RiZDc0NzI4LTc3ODUtNGY4MC1iNzI5LTIwZGIyZTE2NDdmOS5jc3Y%3d&n=MTEz5bm05aSn5bCI5qCh6Zmi6ZmE6Kit6I%2bv6Kqe5paH5Lit5b%2bD5aSW5ZyL5a2455Sf5Lq65pW4LeaMieagoeWIpS5jc3Y%3d&icon=..csv","UTF-8;UTF-8;UTF-8;UTF-8","原始資料","統計110-113年於大專校院附設華語文中心研習之外國學生人數","學校;人數","教育部國際及兩岸教育司","每1年","政府資料開放授權條款-第1版","https://ws.moe.edu.tw/Download.ashx?u=LzAwMS9VcGxvYWQvNy9yZWxmaWxlLzg0MjYvMTAwNDg3L2YwY2I4MmRmLTc5M2UtNGZlMS1iOTZkLTQ4YWVhZjJmMDM0OS5jc3Y%3d&n=MTEw5bm05aSn5bCI5qCh6Zmi6ZmE6Kit6I%2bv6Kqe5paH5Lit5b%2bD5aSW5ZyL5a2455Sf5Lq65pW4LeaMieagoeWIpS5jc3Y%3d&icon=..csv;https://ws.moe.edu.tw/Download.ashx?u=LzAwMS9VcGxvYWQvNy9yZWxmaWxlLzg0MjYvMTAwNDg3L2RjNWE5YTg3LTFiZmItNDNiOS1hNWU1LTlmMDU3NmRkYjZjNi5jc3Y%3d&n=MTEx5bm05aSn5bCI5qCh6Zmi6ZmE6Kit6I%2bv6Kqe5paH5Lit5b%2bD5aSW5ZyL5a2455Sf5Lq65pW4LeaMieagoeWIpS5jc3Y%3d&icon=..csv;https://ws.moe.edu.tw/Download.ashx?u=LzAwMS9VcGxvYWQvNy9yZWxmaWxlLzg0MjYvMTAwNDg3L2E2MDJmZDY2LWZhMWUtNDBhYi1iNWMxLWM5YTg5ZjJlZDJjYS5jc3Y%3d&n=MTEy5bm05aSn5bCI5qCh6Zmi6ZmE6Kit6I%2bv6Kqe5paH5Lit5b%2bD5aSW5ZyL5a2455Sf5Lq65pW4LeaMieagoeWIpS5jc3Y%3d&icon=..csv;https://ws.moe.edu.tw/Download.ashx?u=LzAwMS9VcGxvYWQvNy9yZWxmaWxlLzg0MjYvMTAwNDg3L2RiZDc0NzI4LTc3ODUtNGY4MC1iNzI5LTIwZGIyZTE2NDdmOS5jc3Y%3d&n=MTEz5bm05aSn5bCI5qCh6Zmi6ZmE6Kit6I%2bv6Kqe5paH5Lit5b%2bD5aSW5ZyL5a2455Sf5Lq65pW4LeaMieagoeWIpS5jc3Y%3d&icon=..csv","免費","姜小姐","02-77365735","2016-08-22 00:00:00","2025-12-15 10:38:23","授權說明網址: http://data.gov.tw/license","0;0;0;0"
"32960","各年度華語文能力測驗考生人次","檔案資料","求學及進修","白金","CSV","https://ws.moe.edu.tw/Download.ashx?u=LzAwMS9VcGxvYWQvNy9yZWxmaWxlLzg0MjYvOTQ2MDUvYzEwYTRhY2QtNThlYS00OGIxLWJhOWMtNThjNjlmNTExMTM3LmNzdg%3d%3d&n=6I%2bv5risMTA0LTExM%2bWci%2bWutiDkurrmrKHntbHoqIguY3N2&icon=..csv","UTF-8","原始資料","統計自104年度開始各年華語文能力測驗各國報考人次","年度;國家;人次","教育部國際及兩岸教育司","每1年","政府資料開放授權條款-第1版","https://ws.moe.edu.tw/Download.ashx?u=LzAwMS9VcGxvYWQvNy9yZWxmaWxlLzg0MjYvOTQ2MDUvYzEwYTRhY2QtNThlYS00OGIxLWJhOWMtNThjNjlmNTExMTM3LmNzdg%3d%3d&n=6I%2bv5risMTA0LTExM%2bWci%2bWutiDkurrmrKHntbHoqIguY3N2&icon=..csv","免費","簡先生","02-77365684","2016-09-21 00:00:00","2025-12-15 10:26:30","授權說明網址: http://data.gov.tw/license","392"
"78597","中等學校師資類科師資生完成學科專門課程之情況","檔案資料","求學及進修","白金","CSV;CSV","https://ws.moe.edu.tw/Download.ashx?u=LzAwMS9VcGxvYWQvOC9yZWxmaWxlLzc4MzQvNTcwMjgvOTMzZDQ1NmEtMzkyYS00ZThiLWFhODQtYTVkMWM2ZGQyODMzLmNzdg%3D%3D&n=MTA15bm05Lit562J5a245qCh5bir6LOH6aGe56eR5bir6LOH55Sf5a6M5oiQ5a2456eR5bCI6ZaA6Kqy56iL5LmL5oOF5rOBLmNzdg%3D%3D&icon=..csv;https://ws.moe.edu.tw/Download.ashx?u=LzAwMS9VcGxvYWQvOC9yZWxmaWxlLzc4MzQvNTcwMjgvZTdmNGQ0MzItODlmMy00ZjczLTkyNGYtY2FkOTdjM2Y3ZTQ5LmNzdg%3D%3D&n=MTEw5bm05Lit562J5a245qCh5bir6LOH6aGe56eR5bir6LOH55Sf5a6M5oiQ5a2456eR5bCI6ZaA6Kqy56iLLmNzdg%3D%3D&icon=..csv","UTF-8;BIG5","原始資料","近年中等學校師資類科師資生完成學科專門課程之情況","師資生來源;總計;中等學校普通學科;中等學校職業群科","教育部師資培育及藝術教育司","不定期更新","政府資料開放授權條款-第1版","","免費","王小姐","02-77366345","2018-03-30 00:00:00","2025-12-12 18:02:47","擷取至110年版中華民國師資培育統計年報","3;0"
"169816","臺北市樂齡學習統計資料","檔案資料","求學及進修","白金","CSV","https://data.taipei/api/dataset/6f257d73-2209-4a30-ac10-7837e6cf9d47/resource/db1c4dde-5ce4-4d64-b75f-ae131d8b15be/download","UTF-8","系統介接程式","臺北市樂齡學習場次、人次、性別等統計資料","名稱;場次;女;男;女比率;男比率;總人次","臺北市政府教育局","每1年","政府資料開放授權條款-第1版","","免費","楊家瑋","02-27208889#6423","2024-08-06 00:00:00","2025-12-12 15:49:16","",""
"161579","臺北市立平均每生分攤經費","檔案資料","求學及進修","白金","CSV","https://data.taipei/api/dataset/18667a52-0871-4814-a754-de038b968d71/resource/a094e582-9e3b-4d37-ad9e-c2751d8867a0/download","UTF-8","系統介接程式","103學年度至113學年度臺北市立各學層平均每位學生分攤經費","項次;學年度;市立大學平均每生分攤經費【新臺幣元】;高級中等學校平均每生分攤經費【新臺幣元】;國民中學平均每生分攤經費【新臺幣元】;國民小學平均每生分攤經費【新臺幣元】;幼兒園平均每生分攤經費【新臺幣元】;特殊教育學校平均每生分攤經費【新臺幣元】","臺北市政府教育局","每1年","政府資料開放授權條款-第1版","","免費","邱譯萱","02-27208889#1243","2023-04-10 00:00:00","2025-12-12 15:48:58","",""
"161578","臺北市教育預算數","檔案資料","求學及進修","白金","CSV","https://data.taipei/api/dataset/78a9f8aa-3748-4908-93c1-803f32125cef/resource/b700f76e-e8cc-4f68-9290-ebc00239a31d/download","BIG5","系統介接程式","103年至114年臺北市教育預算數","項次;民國年;教育主管預算數【新臺幣元】;教育局預算數【新臺幣元】;市立大學預算數【新臺幣元】;高級中等學校預算數【新臺幣元】;國民中學預算數【新臺幣元】;國民小學預算數【新臺幣元】;幼兒園預算數【新臺幣元】;特殊教育學校預算數【新臺幣元】;社教機構預算數【新臺幣元】","臺北市政府教育局","每1年","政府資料開放授權條款-第1版","","免費","邱譯萱","02-27208889#1243","2023-04-10 00:00:00","2025-12-12 15:48:57","",""
"157946","臺北市國民中學僑生數","檔案資料","求學及進修","白金","CSV","https://data.taipei/api/dataset/2e256e8d-c0b9-448d-8f7d-e1e31b3ec70c/resource/46306421-6658-43d8-846a-c8ae14a6e61d/download","BIG5","系統介接程式","111學年度至113學年度臺北市國民中學僑生數","項次;學年度;項目;總計【人】;國立【人】;市立【人】;私立【人】","臺北市政府教育局","每1年","政府資料開放授權條款-第1版","","免費","邱譯萱","02-27208889#1243","2022-09-15 00:00:00","2025-12-12 15:48:23","",""
"157945","臺北市國民小學僑生數","檔案資料","求學及進修","白金","CSV","https://data.taipei/api/dataset/78902348-e7d9-4e05-a4d5-55e778b48a33/resource/88083f1c-b481-442b-838c-5273b5df878c/download","BIG5","系統介接程式","111學年度至113學年度臺北市國民小學僑生數","項次;學年度;項目;總計【人】;國立【人】;市立【人】;私立【人】","臺北市政府教育局","每1年","政府資料開放授權條款-第1版","","免費","邱譯萱","02-27208889#1243","2022-09-15 00:00:00","2025-12-12 15:48:22","",""
"157966","臺北市國民中學班級數按年級別、班別分","檔案資料","求學及進修","白金","CSV","https://data.taipei/api/dataset/91af3e4d-b0ed-4e66-a877-c5920d661626/resource/c432b7f7-e760-4aeb-8f3d-cd25031fb723/download","BIG5","系統介接程式","111學年度至113學年度臺北市國民中學班級數按年級別、班別分","項次;項目;總計【統計數值】;按年級分七年級【統計數值】;按年級分八年級【統計數值】;按年級分九年級【統計數值】;按班別分普通班【統計數值】;按班別分體育班【統計數值】;按班別分藝術才能班【統計數值】;按班別分集中式特殊班【統計數值】","臺北市政府教育局","每1年","政府資料開放授權條款-第1版","","免費","邱譯萱","02-27208889#1243","2022-09-16 00:00:00","2025-12-12 15:48:19","",""
"157964","臺北市國民中學補習學校新住民學生數","檔案資料","求學及進修","白金","CSV","https://data.taipei/api/dataset/8bcea442-8f4d-4e0f-9396-64bfb005712a/resource/7960bea5-7d31-4524-89f5-97c65297e7a9/download","BIG5","系統介接程式","111學年度至113學年度臺北市國民中學補習學校新住民學生數","項次;項目;總計【人】;年齡別21歲以下【人】;年齡別22至24歲【人】;年齡別25至44歲【人】;年齡別45至64歲【人】;年齡別65歲以上【人】;國籍別大陸地區及港澳【人】;國籍別越南【人】;國籍別印尼【人】;國籍別泰國【人】;國籍別菲律賓【人】;國籍別日本【人】;國籍別美國【人】;國籍別南韓【人】","臺北市政府教育局","每1年","政府資料開放授權條款-第1版","","免費","邱譯萱","02-27208889#1243","2022-09-16 00:00:00","2025-12-12 15:48:16","",""
"145694","臺北市立大學校園平面圖","檔案資料","求學及進修","白金","ODS","https://data.taipei/api/dataset/4b8d2c76-3a22-4ed1-a309-72ad25936ded/resource/37a59537-cbbe-4cc9-a39c-f2497ca0a7d9/download","UTF-8","系統介接程式","介紹臺北市立大學的校園平面圖資訊","編號;名稱;連結;說明;調整日;機關代碼;統一編號","臺北市政府教育局","不定期更新","政府資料開放授權條款-第1版","","免費","江美雲","02-23113040#1353","2021-03-26 00:00:00","2025-12-12 15:42:58","",""
"136286","臺北市立高級中等以下學校校園場地開放時間調查表","檔案資料","求學及進修","白金","CSV","https://data.taipei/api/dataset/82c0badd-efbe-4e96-8153-885494c72cd1/resource/f37de02a-623d-4f72-bca9-7c7aad2f0e10/download","UTF-8","系統介接程式","臺北市立高級中等以下學校校園場地開放時間序號與校名","序號;校名;行政區;郵遞區號;機關代碼;縣市別代碼;校園場地開放時間","臺北市政府教育局","不定期更新","政府資料開放授權條款-第1版","","免費","黃加明","02-27208889#6386","2021-01-11 00:00:00","2025-12-12 15:40:24","配合國發會110年新規定調整",""
"136287","臺北市高級中等以下學校專任運動教練彙整表","檔案資料","求學及進修","白金","CSV","https://data.taipei/api/dataset/890b3da8-dba8-4116-acbe-f78937a83163/resource/556346ec-03ce-411e-a7c9-9ba96a152682/download","UTF-8","系統介接程式","臺北市高級中等以下學校專任運動教練所屬學層、任職學校與運動種類","縣市代碼;學層;任職學校;行政區;運動種類","臺北市政府教育局","每1年","政府資料開放授權條款-第1版","","免費","徐紫芸","02-27208889#6386","2021-01-11 00:00:00","2025-12-12 15:40:23","",""
"135971","臺北市政府教育局公立國民小學課後照顧班開辦情形","檔案資料","求學及進修","白金","CSV;CSV;CSV;CSV","https://data.taipei/api/dataset/e5b93ec9-6a69-40e2-a38a-eaaa14cbad19/resource/7621675b-94c4-4e30-8bcd-40ec6ed4daa1/download;https://data.taipei/api/dataset/e5b93ec9-6a69-40e2-a38a-eaaa14cbad19/resource/b3fe692a-e1aa-4ab4-8c12-ed7fe2975581/download;https://data.taipei/api/dataset/e5b93ec9-6a69-40e2-a38a-eaaa14cbad19/resource/03b48677-ac78-4864-9966-c514bd33024e/download;https://data.taipei/api/dataset/e5b93ec9-6a69-40e2-a38a-eaaa14cbad19/resource/c0a3db3b-906b-4aea-b909-0664ee933496/download","UTF-8;UTF-8;UTF-8;UTF-8","系統介接程式","臺北市政府教育局112學年度第2學期公立國民小學課後照顧班開辦情形","序號;縣市;行政區;學校名稱;郵遞區號;縣市別代碼;主管機關代碼","臺北市政府教育局","不定期更新","政府資料開放授權條款-第1版","","免費","紀信如"," 02-27208889#6373","2021-01-05 00:00:00","2025-12-12 15:39:51","","142;142"
"135876","臺北市國小學生數按年級分","檔案資料","求學及進修","白金","CSV","https://data.taipei/api/dataset/ba85c45e-d755-44e0-afbb-d01b578450fc/resource/e9879dd5-0d52-48dc-83f6-62e6d13c48b6/download","BIG5","系統介接程式","103學年度至113學年度臺北市國小各年級學生人數","項次;學年度;國小總計學生數【人】;國小一年級學生數【人】;國小二年級學生數【人】;國小三年級學生數【人】;國小四年級學生數【人】;國小五年級學生數【人】;國小六年級學生數【人】","臺北市政府教育局","每1年","政府資料開放授權條款-第1版","","免費","邱譯萱","02-27208889#1243","2020-12-31 00:00:00","2025-12-12 15:39:40","",""
"136291","臺北市高級中等以下學校締結姊妹校資料一覽表","檔案資料","求學及進修","白金","CSV","https://data.taipei/api/dataset/d4ecfc63-8345-4377-bb1c-ed533703dc4d/resource/bfeed2c8-9501-425f-8596-44cbfed80920/download","BIG5","系統介接程式","臺北市高級中等以下學校締結姊妹校城市、交流方式","項次;單位名稱;國家;姊妹校名稱;城市;締結時間【民國年】;交流方式","臺北市政府教育局","每1年","政府資料開放授權條款-第1版","","免費","詹嘉怡","02-27208889#1288","2020-12-29 00:00:00","2025-12-12 15:38:38","",""
"145724","臺北市公私立幼兒園基礎評鑑通過名單","檔案資料","求學及進修","白金","CSV","https://data.taipei/api/dataset/1fa82379-fbb2-4d41-8853-c06ebac04f12/resource/614b626d-7ca4-481b-a00f-159b8966daf7/download","BIG5","系統介接程式","臺北市公私立幼兒園基礎評鑑通過所屬行政區與設立別和評鑑學年度","縣市代碼;行政區;幼兒園;設立別;評鑑學年度","臺北市政府教育局","每1年","政府資料開放授權條款-第1版","","免費","吳亞豈","02-27208889#6383","2020-12-25 00:00:00","2025-12-12 15:37:55","","1"
"135142","臺北市公私立幼兒園幼童專用車清冊","檔案資料","求學及進修","白金","CSV","https://data.taipei/api/dataset/a25d8830-f643-41f9-a4ab-8722da91cc1f/resource/00f7d67d-25ec-4044-8576-b59d2b4ed7ea/download","BIG5","系統介接程式","臺北市公私立幼兒園幼童專用車所屬鄉鎮區與車子相關廠牌型號","序號;縣市;鄉鎮市;公私立;園名;車牌號碼;廠牌型號;出廠年月;使用年限【統計數值】","臺北市政府教育局","不定期更新","政府資料開放授權條款-第1版","","免費","吳小鳳","02-27208889#1415","2020-12-17 00:00:00","2025-12-12 15:36:49","",""
"135143","臺北市廢止設立許可幼兒園名錄","檔案資料","求學及進修","白金","ODS","https://data.taipei/api/dataset/6bf42e55-ea1a-489e-b369-0a814871da16/resource/0883226a-798c-4c53-b42f-05bf74a8e7b8/download","其他","系統介接程式","臺北市廢止設立許可幼兒園區域與幼兒園名稱地址","編號;名稱;連結;說明;調整日;機關代碼","臺北市政府教育局","不定期更新","政府資料開放授權條款-第1版","","免費","劉祐如","02-27208889#1434","2020-12-17 00:00:00","2025-12-12 15:36:48","",""
"135968","臺北市補習學校聯絡資訊一覽表","檔案資料","求學及進修","白金","CSV","https://data.taipei/api/dataset/77abf1ba-4378-46f9-a21f-c92eeef41fd4/resource/f479c552-72c1-4ed5-a697-f4b2e321dbdb/download","BIG5","系統介接程式","臺北市補習學校聯絡資訊國小共計16校，國中共計12校，共計28校。","編號;辦理單位;課程內容;招生對象;開課時段;開課地點;聯絡電話;分機","臺北市政府教育局","每3年","政府資料開放授權條款-第1版","","免費","樂渢文","02-27208889#6440","2020-12-16 00:00:00","2025-12-12 15:36:36","",""
"134933","臺北市原民會族語學習教室","檔案資料","求學及進修","白金","CSV","https://data.taipei/api/dataset/8d62da75-21c9-451d-94cc-1b0bea3bd73d/resource/66ea9ab0-ba19-4f76-92f3-7acaa1b1fa31/download","UTF-8","系統介接程式","每年公告線上族語學習教室及介紹","序號;民國年;場館名稱;網站內容;單位;統一編號","臺北市政府原住民族事務委員會","不定期更新","政府資料開放授權條款-第1版","","免費","劉凱勛","02-27208889#2081","2020-12-14 00:00:00","2025-12-12 15:35:57","",""
"134936","臺北市原住民族部落大學課程開設及人數","檔案資料","求學及進修","白金","CSV","https://data.taipei/api/dataset/ecda0e95-8673-48ab-8de3-39858f907b5a/resource/8ec598ad-df7a-4cad-9952-d57d98236de9/download","UTF-8","系統介接程式","臺北市原住民族部落大學歷年課程開設及人數","年度;學期;招生課程數;實開課程數;學員人數;選課人次;結業人數","臺北市政府原住民族事務委員會","每1年","政府資料開放授權條款-第1版","","免費","張詩佳","02-27208889#2082","2020-12-14 00:00:00","2025-12-12 15:35:54","",""
"134637","臺北市各級學校代碼","檔案資料","求學及進修","白金","CSV","https://data.taipei/api/dataset/99b04b33-2388-433d-bb40-3e7b81db5a2f/resource/d7fe0337-2a54-4a64-95a8-0cd35e66ddd8/download","其他","系統介接程式","113學年臺北市各級學校代碼","隸屬別;學校名稱;代碼;行政區;郵遞區號","臺北市政府教育局","每1年","政府資料開放授權條款-第1版","","免費","王宥威","02-27208889#1243","2020-12-02 00:00:00","2025-12-12 15:35:12","",""
"134639","臺北市國民中小學中途輟學學生概況","檔案資料","求學及進修","白金","CSV","https://data.taipei/api/dataset/29467bd6-52e3-4896-a438-b4e7257c5aac/resource/a3a26c48-3ec9-4c77-9c35-3019cc684b4e/download","BIG5","系統介接程式","111-112學年度臺北市國民中小學中途輟學學生概況","民國年;教育層別;總計;性別男[人數];性別女[人數];背景雙親[人數];背景單親[人數];背景失親[人數];輟學原因個人因素[人數];輟學原因家庭因素[人數];輟學原因學校因素[人數];輟學原因社會因素[人數];輟學原因其他因素[人數]","臺北市政府教育局","每1年","政府資料開放授權條款-第1版","","免費","邱譯萱","02-27208889#1243","2020-12-02 00:00:00","2025-12-12 15:35:12","",""
"134640","臺北市立各級學校決算數","檔案資料","求學及進修","白金","CSV","https://data.taipei/api/dataset/07431f92-1b41-4542-9231-135df21622c2/resource/bbf4c21f-22fe-4633-86f2-9a924e62d33a/download","UTF-8","系統介接程式","111-112年度臺北市立各級學校決算數","項次;民國年;高級中等學校決算數（新臺幣元）;國民中學決算數（新臺幣元）;國民小學決算數（新臺幣元）","臺北市政府教育局","每1年","政府資料開放授權條款-第1版","","免費","邱譯萱","02-27208889#1243","2020-12-02 00:00:00","2025-12-12 15:35:11","",""
"134642","臺北市各級學校特殊班概況","檔案資料","求學及進修","白金","CSV;CSV","https://data.taipei/api/dataset/f7c5bc23-b045-427f-a736-004aae441512/resource/19788ccb-bebd-4d0a-a603-29a560be5b60/download;https://data.taipei/api/dataset/f7c5bc23-b045-427f-a736-004aae441512/resource/4ecb78ee-5f92-41b6-ba22-1d0b39d9e970/download","UTF-8;UTF-8","系統介接程式","112-113學年度臺北市各級學校特殊班概況","項目;高級中等學校班級數（統計數值）;高級中等學校學生數（人）;國民中學班級數（統計數值）;國民中學學生數（人）;國民小學班級數（統計數值）;國民小學學生數（人）","臺北市政府教育局","每1年","政府資料開放授權條款-第1版","","免費","邱譯萱","02-27208889#1243","2020-12-02 00:00:00","2025-12-12 15:35:09","",""
"134643","臺北市國中小學校規模(按學生數分)","檔案資料","求學及進修","白金","CSV;CSV","https://data.taipei/api/dataset/1bc8fc60-6a92-4d75-815c-af0132673bf8/resource/60608aa4-ecd2-47fa-a15c-df506108b42b/download;https://data.taipei/api/dataset/1bc8fc60-6a92-4d75-815c-af0132673bf8/resource/acf6fccf-82a0-421c-a286-cfd6d92bc465/download","UTF-8;UTF-8","系統介接程式","112學年度臺北市國中小學校規模(按學生數分)","學年度;組別;國民中學校數（所）;國民小學校數（所）;縣市別代碼","臺北市政府教育局","每1年","政府資料開放授權條款-第1版","","免費","邱譯萱","02-27208889#1243","2020-12-02 00:00:00","2025-12-12 15:35:08","",""
"134651","臺北市各級學校職員及工友數","檔案資料","求學及進修","白金","CSV;CSV","https://data.taipei/api/dataset/d88a63d6-fc6b-465d-b7d0-312751b8eb35/resource/91ffcdcd-f9f2-49cb-9491-0718f6cbeefb/download;https://data.taipei/api/dataset/d88a63d6-fc6b-465d-b7d0-312751b8eb35/resource/880ebc87-ac78-4158-9a7d-2804cebbfaca/download","UTF-8;UTF-8","系統介接程式","112學年度臺北市各級學校職員及工友數","項目;高級中等學校職員數（人）;國民中學職員數（人）;國民小學職員數（人）;高級中等學校工友數（人）;國民中學工友數（人）;國民小學工友數（人）","臺北市政府教育局","每1年","政府資料開放授權條款-第1版","","免費","邱譯萱","02-27208889#1243","2020-12-02 00:00:00","2025-12-12 15:35:01","",""
"134653","臺北市各級學校教師數","檔案資料","求學及進修","白金","CSV","https://data.taipei/api/dataset/98bc29fb-8a12-454c-a547-a57456335d8d/resource/9e738b78-5226-4ff4-83ae-00887dc3c67c/download","BIG5","系統介接程式","103學年度至112學年度臺北市各級學校教師數","項次;民國年;高級中等學校教師數【人】;國民中學教師數【人】;國民小學教師數【人】","臺北市政府教育局","每1年","政府資料開放授權條款-第1版","","免費","邱譯萱","02-27208889#1243","2020-12-02 00:00:00","2025-12-12 15:34:59","",""
"134662","臺北市國中小補習學校概況","檔案資料","求學及進修","白金","CSV","https://data.taipei/api/dataset/4663ce8b-1931-4864-a8a1-9dc7f0b1da4f/resource/beaa03a1-6927-4549-8d7d-342962403c80/download","BIG5","系統介接程式","103學年度至112學年度臺北市國中小補習學校概況","項次;民國年;國中補校校數【統計數值】;國中補校班級數【統計數值】;國中補校學生數【統計數值】;國中補校上學年畢業生數【統計數值】;國小補校校數【統計數值】;國小補校班級數【統計數值】;國小補校學生數【統計數值】;國小補校上學年畢業生數【統計數值】","臺北市政府教育局","每1年","政府資料開放授權條款-第1版","","免費","邱譯萱","02-27208889#1243","2020-12-02 00:00:00","2025-12-12 15:34:50","",""
"134663","臺北市各級學校新住民子女學生數","檔案資料","求學及進修","白金","CSV","https://data.taipei/api/dataset/1c0bf661-355e-43cb-b129-6aa071d5530c/resource/f18b74d3-64ce-4262-bbc6-b006b0e559a4/download","BIG5","系統介接程式","103學年度至112學年度臺北市各級學校新住民子女學生數","項次;民國年;高級中等學校新住民子女學生數【人】;國民中學新住民子女學生數【人】;國民小學新住民子女學生數【人】","臺北市政府教育局","每1年","政府資料開放授權條款-第1版","","免費","邱譯萱","02-27208889#1243","2020-12-02 00:00:00","2025-12-12 15:34:49","",""
"134664","臺北市各級學校原住民學生數","檔案資料","求學及進修","白金","CSV","https://data.taipei/api/dataset/9102bdb0-9863-42df-a59c-6fb5806f2935/resource/62465481-8d06-4a56-a967-d3e9cf7e9007/download","BIG5","系統介接程式","103學年度至112學年度臺北市各級學校原住民學生數","項次;民國年;高級中等學校原住民學生數【人】;國民中學原住民學生數【人】;國民小學原住民學生數【人】","臺北市政府教育局","每1年","政府資料開放授權條款-第1版","","免費","邱譯萱","02-27208889#1243","2020-12-02 00:00:00","2025-12-12 15:34:49","",""
"134602","臺北市各級學校學生數","檔案資料","求學及進修","白金","CSV","https://data.taipei/api/dataset/f439f682-99d9-4054-b1c7-abecc998de10/resource/2972a479-9aae-4704-bbe2-fb057e5f6f0e/download","BIG5","系統介接程式","103學年度至112學年度臺北市各級學校學生數","項次;民國年;高級中等學校學生數【人】;國民中學學生數【人】;國民小學學生數【人】","臺北市政府教育局","每1年","政府資料開放授權條款-第1版","","免費","邱譯萱","02-27208889#1243","2020-12-01 00:00:00","2025-12-12 15:34:36","",""
"130975","臺北市家庭教育中心(推廣家庭教育)113年度辦理情形","檔案資料","求學及進修","白金","CSV","https://data.taipei/api/dataset/a18c679d-bce7-4b82-9cb1-d1a4c4a3c6e2/resource/20656326-de3b-4a64-96b6-288290854332/download","UTF-8","系統介接程式","臺北市家庭教育中心(推廣家庭教育)113年度辦理情形，包含課程名稱、辦理場次、參與人次","序號;課程名稱;辦理場次（場）;參與人次（人次）;縣市別代碼","臺北市政府教育局","不定期更新","政府資料開放授權條款-第1版","","免費","林思均","02-27208889#1216","2020-10-12 00:00:00","2025-12-12 15:17:30","",""
"130979","臺北市社區大學聯絡資訊","檔案資料","求學及進修","白金","CSV","https://data.taipei/api/dataset/bb6884fc-9a2d-49d4-b510-e9a6c85763f6/resource/a2656dca-b8ee-42cd-86df-85c7a4605007/download","UTF-8","系統介接程式","序號、社區大學名稱、聯絡電話、聯絡地址、縣市別代碼","序號;社區大學名稱;聯絡電話;聯絡地址;縣市別代碼","臺北市政府教育局","不定期更新","政府資料開放授權條款-第1版","","免費","林意庭","02-27208889#6423","2020-10-12 00:00:00","2025-12-12 15:17:24","",""
"131074","臺北市立案課照中心資訊","檔案資料","求學及進修","白金","CSV","https://data.taipei/api/dataset/cf409676-40bf-4fcc-90b6-36ee48b3f413/resource/d23ab545-133c-43d9-ad47-8147ab5f3289/download","UTF-8","系統介接程式","臺北市立案課照中心名稱地址與電話聯絡資料","序號;縣市;行政區;郵遞區號;課照中心代碼;課照中心名稱;地址;許可證日期;營業狀態;設立別;電話;負責人;立案狀態;核定人數【人】","臺北市政府教育局","每1年","政府資料開放授權條款-第1版","","免費","張立蓁","02-27208889#6428","2020-10-12 00:00:00","2025-12-12 15:17:23","",""
"130907","臺北市立案補習班資訊","檔案資料","求學及進修","白金","CSV","https://data.taipei/api/dataset/b124a967-fc88-4c45-bea8-41b4ef158a15/resource/4c2d87de-a09b-4636-8a7d-7eec71dc873d/download","UTF-8","系統介接程式","臺北市立案補習班名稱地址聯絡資訊、立案日期、教室面積和立案文號","序號;主管機關文件代碼;補習班中文名稱;補習班中文住址;電話;立案日期;立案文號;教室數;教室面積;班舍總面積","臺北市政府教育局","每1年","政府資料開放授權條款-第1版","","免費","張立蓁","02-27208889#6428","2020-10-08 00:00:00","2025-12-12 15:16:48","",""
"121936","臺北市教保服務機構違反《幼兒教育及照顧法》及《教保服務人員條例》相關規定處理情形","檔案資料","求學及進修","白金","CSV","https://data.taipei/api/dataset/da4531d1-de8f-442d-b0b7-2fce8499d338/resource/510fd1bc-b2f3-4077-981a-3eff84541aad/download","其他","系統介接程式","統計資料","機關代碼;名稱;連結;說明;調整日","臺北市政府教育局","不定期更新","政府資料開放授權條款-第1版","","免費","劉祐如","02-27208889#1434","2020-05-04 22:52:47","2025-12-12 15:13:06","",""
"121718","112學年度臺北市國民中小學餘裕空間情形一覽表","檔案資料","求學及進修","白金","CSV","https://data.taipei/api/dataset/be069086-f70e-4e5b-a676-6edd614a76ff/resource/d6ce692a-d92b-4a4d-bae3-dfd0ae5a9ad3/download","UTF-8","系統介接程式","一、為使本市學校資源有效利用，本局積極辦理校園餘裕空間多元活化，包括提供社會局設置公共托育家園及托嬰中心、非營利幼兒園、樂齡學堂及實驗教育教育團體進駐等。
二、本局所稱餘裕空間，係指依據教育部「國民小學及國民中學設施設備基準」（教學空間、行政辦公室及公共服務空間）、教育部「幼兒園及其分班基本設施設備標準」、「臺北市國民中小學特殊教育班實施要點」、「公共場所哺（集）乳室設置及管理標準」、「學校輔導工作場所設置基準」及「行政院及所屬各機關資料中心設置作業要點」等相關法規（必要使用空間）核算後超出基準之空間。
三、檢附112學年度臺北市國民中小學教室空間設置情形各1份。","序號;行政區;學校名稱;已活化情形/借用單位名稱及使用情形;活化間數;規劃活化情形/用途;規劃活化間數;班級數_含特教;幼兒園班級數_含特幼;學生數（人）;幼兒園學生數（人）;實際使用間數;教育部設備基準及配合法令必要使用空間;超過基準教室間數;尚待補強或補照後方得使用;位於無使用執照合法建物;目前可供會勘使用;備註","臺北市政府教育局","不定期更新","政府資料開放授權條款-第1版","","免費","黃郁文","02-27208889#1249","2020-05-04 22:43:07","2025-12-12 15:11:13","",""
"134684","臺北市私立、準公共及非營利幼兒園通訊資料","檔案資料","求學及進修","白金","ODS","https://data.taipei/api/dataset/3a891368-99e3-40e4-9c4e-a4ea94222938/resource/a2b014eb-39ae-4067-a9f3-06e30bd23012/download","UTF-8","系統介接程式","通訊資訊","編號;名稱;連結;說明;調整日","臺北市政府教育局","不定期更新","政府資料開放授權條款-第1版","","免費","郭玲霜","02-27208889#6387","2020-10-20 00:00:00","2025-12-12 15:01:36","",""
"121144","臺北市公立幼兒園通訊資料","檔案資料","求學及進修","白金","ODS","https://data.taipei/api/dataset/d55531a0-957e-4b27-88db-603b954ba10d/resource/29484504-82f9-4ce0-87f4-9c3f2b7d7512/download","UTF-8","系統介接程式","通訊資訊","編號;名稱;連結;說明;調整日","臺北市政府教育局","不定期更新","政府資料開放授權條款-第1版","","免費","郭玲霜","02-27208889#6387","2012-10-02 00:00:00","2025-12-12 15:00:52","",""
"42158","各學年度大專校院境外學生在臺留學研習人數統計","檔案資料","求學及進修","白金","CSV","https://ws.moe.edu.tw/Download.ashx?u=LzAwMS9VcGxvYWQvNy9yZWxmaWxlLzgwNTMvOTQzMzAvNDQ5MTQ4Y2EtMTVjZC00MDYzLThhNTYtYTNjNDYyNzczMTJhLmNzdg%3d%3d&n=5ZCE5a245bm05bqm5aSn5bCI5qCh6Zmi5aKD5aSW5a2455Sf5Zyo6Ie655WZ5a2456CU57%2bS5Lq65pW457Wx6KiILmNzdg%3d%3d&icon=..csv","UTF-8","原始資料","各學年大專校院境外學生在臺正式修讀學位外國學生、僑生(含港澳生)、正式修讀學位陸生、外國交換生、外國短期研習及個人選讀、大專附設華語文中心學生、大陸研修生、海青班、馬來西亞華裔青年來臺就學輔導及技職研習專班學生人數","學年度;正式修讀學位外國生人數;僑生（含港澳）人數;正式修讀學位陸生人數;外國交換生人數;外國短期研習及個人選讀人數;大專附設華語文中心學生人數;大陸研修生人數;海青班人數;馬來西亞華裔青年來台就學輔導及技職研習專班人數","教育部國際及兩岸教育司","每1年","政府資料開放授權條款-第1版","https://ws.moe.edu.tw/Download.ashx?u=LzAwMS9VcGxvYWQvNy9yZWxmaWxlLzgwNTMvOTQzMzAvNDQ5MTQ4Y2EtMTVjZC00MDYzLThhNTYtYTNjNDYyNzczMTJhLmNzdg%3d%3d&n=5ZCE5a245bm05bqm5aSn5bCI5qCh6Zmi5aKD5aSW5a2455Sf5Zyo6Ie655WZ5a2456CU57%2bS5Lq65pW457Wx6KiILmNzdg%3d%3d&icon=..csv","免費","吳艷秋","02-77366311","2017-01-17 00:00:00","2025-12-12 09:14:23","更新頻率說明: 每年(6-7月)
授權說明網址: http://data.gov.tw/license","0"
"42154","113學年度東南亞國家及印度在臺大專校院正式修讀學位外國學生及僑生就讀學門一覽表","檔案資料","求學及進修","白金","CSV","https://ws.moe.edu.tw/Download.ashx?u=LzAwMS9VcGxvYWQvNy9yZWxmaWxlLzgwNTMvOTQzMjIvN2E3Y2VhZjMtZTY0Yy00MjNhLWIyYWItNDZmNDAwMDFkOTdjLmNzdg%3d%3d&n=MTEz5a245bm05bqm5p2x5Y2X5Lqe5Y%2bK5Y2w5bqm5ZyL5a625Zyo6Ie65aSW5ZyL5a245L2N55Sf5Y%2bK5YOR55Sf5bCx6K6A5a246ZaA5Lq65pW457Wx6KiILmNzdg%3d%3d&icon=..csv","UTF-8","原始資料","113學年度東協10國(印尼、寮國、新加坡、柬埔寨、汶萊、泰國、緬甸、菲律賓、越南、馬來西亞)及印度在臺就讀各大專校院正式修讀外國學生及僑生人數統計","國家代碼;國家;學生類型;人文學門人數;其他學門(含國防醫學院)人數;商業及管理學門人數;工程及工程業學門人數;建築及營建工程學門人數;教育學門人數;數學及統計學門人數;新聞學及圖書資訊學門人數;林業學門人數;法律學門人數;漁業學門人數;物理、化學及地球科學學門人數;獸醫學門人數;環境學門人數;生命科學學門人數;社會及行為科學學門人數;社會福利學門人數;藝術學門人數;衛生及職業衛生服務學門人數;製造及加工學門人數;語文學門人數;資訊通訊科技學門人數;農業學門人數;運輸服務學門人數;醫藥衛生學門人數;餐旅及民生服務學門人數;總人數","教育部國際及兩岸教育司","每1年","政府資料開放授權條款-第1版","https://ws.moe.edu.tw/Download.ashx?u=LzAwMS9VcGxvYWQvNy9yZWxmaWxlLzgwNTMvOTQzMjIvN2E3Y2VhZjMtZTY0Yy00MjNhLWIyYWItNDZmNDAwMDFkOTdjLmNzdg%3d%3d&n=MTEz5a245bm05bqm5p2x5Y2X5Lqe5Y%2bK5Y2w5bqm5ZyL5a625Zyo6Ie65aSW5ZyL5a245L2N55Sf5Y%2bK5YOR55Sf5bCx6K6A5a246ZaA5Lq65pW457Wx6KiILmNzdg%3d%3d&icon=..csv","免費","吳艷秋","02-77366311","2017-01-17 00:00:00","2025-12-11 15:11:03","更新頻率說明: 每年(6-7月)
授權說明網址: http://data.gov.tw/license","0"
"32958","Schools for International Residents in ROC","檔案資料","求學及進修","白金","CSV","https://ws.moe.edu.tw/Download.ashx?u=LzAwMS9VcGxvYWQvNy9yZWxmaWxlLzgwNTMvOTQzMzMvNWFhYjIxZTItYjA1Ni00YzU1LThlZjAtNGJkNDJmMmNjMWI0LmNzdg%3d%3d&n=U2Nob29scyBmb3IgSW50ZXJuYXRpb25hbCBSZXNpZGVudHMgaW4gUk9DLmNzdg%3d%3d&icon=..csv","UTF-8","原始資料","提供外國僑民學校學校名稱、學制、聯絡電話、通訊地址及網頁","CountyCode;county;School name;Grade;Postal Code 3+3;Address;LocalCall Service;Website","教育部國際及兩岸教育司","每1年","政府資料開放授權條款-第1版","https://ws.moe.edu.tw/Download.ashx?u=C099358C81D4876CC7586B178A6BD6D5E522FE56CEFF96220EB1041A58D7307426AC78AEFF290CB65FAB654BA0993F4178357E8BB3A56FAA0D2997B98A93C0CF7D98F918AE9CF58FA03B03E2BD3BFB80&n=418086A8F09E6E015170F738BA06E5054DEBC8600EC30E7B0ACA492C64681266C7F303765F1502DF8891119FFB20390F&icon=..csv","免費","吳艷秋","02-77366311","2016-08-22 00:00:00","2025-12-11 15:03:30","授權說明網址: http://data.gov.tw/license","0"
"42155","各學年度東協10國南亞6國紐澳2國學生在臺大專校院留學研習人數統計表","檔案資料","求學及進修","白金","CSV","https://ws.moe.edu.tw/Download.ashx?u=LzAwMS9VcGxvYWQvNy9yZWxmaWxlLzgwNTMvOTQzMjgvMzI4MTVjZTEtMTA3ZS00NmFmLWJmZDUtOTAxMjdiYTQ1NzI5LmNzdg%3d%3d&n=5ZCE5a245bm05bqm5p2x5Y2U5Y2X5Lqe57SQ5r6z5a2455Sf5Zyo6Ie65aSn5bCI5qCh6Zmi55WZ5a2456CU57%2bS5Lq65pW457Wx6KiILmNzdg%3d%3d&icon=..csv","UTF-8","原始資料","各學年東協10國(印尼、寮國、新加坡、柬埔寨、汶萊、泰國、緬甸、菲律賓、越南、馬來西亞)、南亞6國(印度、巴基斯坦、尼泊爾、孟加拉、斯里蘭卡、不丹)及紐澳2國(紐西蘭、澳洲)在臺大學校院學位生及非學位生人數統計","國家代碼;國家;99學年度學位生人數;99學年度非學位生人數;100學年度學位生人數;100學年度非學位生人數;101學年度學位生人數;101學年度非學位生人數;102學年度學位生人數;102學年度非學位生人數;103學年度學位生人數;103學年度非學位生人數;104學年度學位生人數;104學年度非學位生人數;105學年度學位生人數;105學年度非學位生人數;106學年度學位生人數;106學年度非學位生人數;107學年度學位生人數;107學年度非學位生人數;108學年度學位生人數;108學年度非學位生人數;109學年度學位生人數;109學年度非學位生人數;110學年度學位生人數;110學年度非學位生人數;111學年度學位生人數;111學年度非學位生人數;112學年度學位生人數;112學年度非學位生人數;113學年度學位生人數;113學年度非學位生人數","教育部國際及兩岸教育司","每1年","政府資料開放授權條款-第1版","https://ws.moe.edu.tw/Download.ashx?u=LzAwMS9VcGxvYWQvNy9yZWxmaWxlLzgwNTMvOTQzMjgvMzI4MTVjZTEtMTA3ZS00NmFmLWJmZDUtOTAxMjdiYTQ1NzI5LmNzdg%3d%3d&n=5ZCE5a245bm05bqm5p2x5Y2U5Y2X5Lqe57SQ5r6z5a2455Sf5Zyo6Ie65aSn5bCI5qCh6Zmi55WZ5a2456CU57%2bS5Lq65pW457Wx6KiILmNzdg%3d%3d&icon=..csv","免費","吳艷秋","02-77366311","2017-01-17 00:00:00","2025-12-11 14:19:52","更新頻率說明: 每年(6-7月)
授權說明網址: http://data.gov.tw/license","0"
"42153","113學年度東協10國在臺就讀各大專校院學位生人數統計","檔案資料","求學及進修","白金","CSV","https://ws.moe.edu.tw/Download.ashx?u=LzAwMS9VcGxvYWQvNy9yZWxmaWxlLzgwNTMvOTQzMjcvNjhlY2U3OTAtM2QwZS00MDBlLWE0NGItYTNhNzhjZTQ2MDE4LmNzdg%3d%3d&n=MTEz5a245bm05bqm5p2x5Y2X5Lqe5ZyL5a625Zyo6Ie65aSn5bCI5qCh6Zmi5q2j5byP5L%2bu6K6A5a245L2N5a2455Sf5YiG5biD5LiA6Ka96KGoLmNzdg%3d%3d&icon=..csv","UTF-8","原始資料","113學年度東協10國(印尼、寮國、新加坡、柬埔寨、汶萊、泰國、緬甸、菲律賓、越南、馬來西亞)在臺就讀各大專校院學位生人數統計","學校名稱;印尼學位生人數;寮國學位生人數;新加坡學位生人數;柬埔寨學位生人數;汶萊學位生人數;泰國學位生人數;緬甸學位生人數;菲律賓學位生人數;越南學位生人數;馬來西亞學位生人數;印尼僑生人數;新加坡僑生人數;柬埔寨僑生人數;汶萊僑生人數;泰國僑生人數;緬甸僑生人數;菲律賓僑生人數;越南僑生人數;馬來西亞僑生人數;學生總數","教育部國際及兩岸教育司","每1年","政府資料開放授權條款-第1版","https://ws.moe.edu.tw/Download.ashx?u=LzAwMS9VcGxvYWQvNy9yZWxmaWxlLzgwNTMvOTQzMjcvNjhlY2U3OTAtM2QwZS00MDBlLWE0NGItYTNhNzhjZTQ2MDE4LmNzdg%3d%3d&n=MTEz5a245bm05bqm5p2x5Y2X5Lqe5ZyL5a625Zyo6Ie65aSn5bCI5qCh6Zmi5q2j5byP5L%2bu6K6A5a245L2N5a2455Sf5YiG5biD5LiA6Ka96KGoLmNzdg%3d%3d&icon=..csv","免費","吳艷秋","02-77366311","2017-01-17 00:00:00","2025-12-11 14:15:46","更新頻率說明: 每年(6-7月)
授權說明網址: http://data.gov.tw/license","0"
"32957","外國僑民學校通訊一覽表","檔案資料","求學及進修","白金","CSV","https://ws.moe.edu.tw/Download.ashx?u=LzAwMS9VcGxvYWQvNy9yZWxmaWxlLzgwNTMvOTQzMzIvNWJjODA2NmEtNWZhMS00MjUzLWE0ZDktODhjODc4ZjBjMzQ2LmNzdg%3d%3d&n=5aSW5ZyL5YOR5rCR5a245qCh6YCa6KiK5LiA6Ka96KGoLmNzdg%3d%3d&icon=..csv","UTF-8","原始資料","提供我國外國僑民學校所在地、學校名稱、招收年級、通訊方式及網址","縣市別代碼;直轄市或省轄縣市;學校名稱;年級;郵遞區號(3+3碼);地址;市話;網址","教育部國際及兩岸教育司","每1年","政府資料開放授權條款-第1版","https://ws.moe.edu.tw/Download.ashx?u=LzAwMS9VcGxvYWQvNy9yZWxmaWxlLzgwNTMvOTQzMzIvNWJjODA2NmEtNWZhMS00MjUzLWE0ZDktODhjODc4ZjBjMzQ2LmNzdg%3d%3d&n=5aSW5ZyL5YOR5rCR5a245qCh6YCa6KiK5LiA6Ka96KGoLmNzdg%3d%3d&icon=..csv","免費","吳艷秋","02-77366311","2016-08-22 00:00:00","2025-12-11 14:03:18","授權說明網址: http://data.gov.tw/license","0"
"159138","大專校院學生兵役業務績優學校","檔案資料","求學及進修","白金","CSV","https://ws.moe.edu.tw/Download.ashx?u=LzAwMS9VcGxvYWQvMTAvcmVsZmlsZS84Nzc4Lzk0ODgzLzIyMzYxZjM2LTRmOWQtNDdkMi04NTdhLTQ2Yjc5YjJmZWZmZS5jc3Y%3d&n=5YW15b2557i%2b5YSq5a245qChLmNzdg%3d%3d&icon=..csv","BIG5","原始資料","瞭解大專校院辦理學生兵役業務現況及成效，並綜合學校推行學生兵役業務之經驗，共同檢討策進，並評選績優之學校及個人於次年兵役節予以獎勵及公開表揚","年度;編號;獲獎學校","教育部學生事務及特殊教育司","每1年","政府資料開放授權條款-第1版","","免費","鄭舒怡","(02)7736-7842","2023-01-03 00:00:00","2025-12-11 11:53:54","","21"
"172231","臺南市各級學校平均每生分攤經費","檔案資料","求學及進修","白金","JSON;CSV","https://soa.tainan.gov.tw/Api/Service/Get/5fd327e5-f478-4fa9-a42a-a218a1a7b23f;https://data.tainan.gov.tw/File/ResourceCsvDownload/5fd327e5-f478-4fa9-a42a-a218a1a7b23f","UTF-8;UTF-8","系統介接程式","提供臺南市各級學校平均每生分攤經費資訊","民國年(民國年);高級中等學校每生分攤經費【新臺幣元】(高級中等學校每生分攤經費【新臺幣元】);國民中學平均每生分攤經費【新臺幣元】(國民中學平均每生分攤經費【新臺幣元】);國民小學平均每生分攤經費【新臺幣元】(國民小學平均每生分攤經費【新臺幣元】);幼兒園平均每生分攤經費【新臺幣元】(幼兒園平均每生分攤經費【新臺幣元】)","臺南市政府教育局","每年","政府資料開放授權條款-第1版","https://data.tainan.gov.tw/DataSet/Detail/6cf94626-b20d-4e29-aa24-4d8447fe97f0","免費","李國生","(06)2991111","2024-12-27 06:31:06","2025-12-11 10:22:34","","0;0"
"161276","大專校院衛生保健組長獲獎名單","檔案資料","求學及進修","白金","CSV","https://ws.moe.edu.tw/Download.ashx?u=LzAwMS9VcGxvYWQvMy9yZWxmaWxlLzc4MjkvOTUyMTYvNDZiYWEwNWEtMDY3ZC00NzE1LTk3MTktYmQ2NmNlOGNiNDJlLmNzdg%3d%3d&n=5aSn5bCI5qCh6Zmi6KGb55Sf5L%2bd5YGl57WE6ZW3542y542O5ZCN5ZauLmNzdg%3d%3d&icon=..csv","UTF-8","原始資料","自107年經本部評選歷年大專校院衛生績優衛生保健組長獲獎名單","年度;學校;姓名","教育部綜合規劃司","不定期更新","政府資料開放授權條款-第1版","https://www.edu.tw/Common/HitCount.ashx?p=C535150A0F617C6860CE01B098F7F2109789188FC445F71F5A68B1573A6310F86138674E06BE6ABD5B6632B1654C1DD20173C893B552014A5AB8F84E450A91333E7DE066D25505A5A40C77638FB45EFE249BF907B39C19E4E0B8D1BB7622CD70&type=FB01D469347C76A7&s=B0BB23BC55950BD0","免費","李小姐","02-77365613","2023-03-15 00:00:00","2025-12-10 17:57:25","","17"
"161277","大專校院學校護理人員獲獎名單","檔案資料","求學及進修","白金","CSV","https://ws.moe.edu.tw/Download.ashx?u=LzAwMS9VcGxvYWQvMy9yZWxmaWxlLzc4MjkvOTUyMTYvMjM3NzJkNWEtMDBiOC00NjgyLTk1OGItNjFjOWQ4MzllY2QwLmNzdg%3d%3d&n=5aSn5bCI5qCh6Zmi5a245qCh6K2355CG5Lq65ZOh542y542O5ZCN5ZauLmNzdg%3d%3d&icon=..csv","UTF-8","原始資料","自107年經本部評選歷年大專校院衛生績優學校護理人員獲獎名單","年度;學校;姓名","教育部綜合規劃司","不定期更新","政府資料開放授權條款-第1版","https://ws.moe.edu.tw/Download.ashx?u=C099358C81D4876CAB90DE64CBBFA2971F48C2379E76B57D5A8197A7CD7D50391AA88E6D12C60E90479C5A4A377DB10414F441FD2D0AC52C68D7F847F8BF748862DA3283E45739DBC055A5889C236E1B&n=8BA6F87D190FEE4220E44AE6B0427C163D4003B13C97130DEA58151542B9F120EB0B678274FE00F037F7B3D49531D022&icon=..csv","免費","李小姐","02-77365613","2023-03-15 00:00:00","2025-12-10 17:56:09","","33"
"161278","大專校院餐飲衛生督導人員獲獎名單","檔案資料","求學及進修","白金","CSV","https://ws.moe.edu.tw/Download.ashx?u=LzAwMS9VcGxvYWQvMy9yZWxmaWxlLzc4MjkvOTUyMTYvMGE1OTFlMTgtNWZiZC00MzQ4LWEyZTUtODBhNjg2NmUzNGE2LmNzdg%3d%3d&n=5aSn5bCI5qCh6Zmi6aSQ6aOy6KGb55Sf552j5bCO5Lq65ZOh542y542O5ZCN5ZauLmNzdg%3d%3d&icon=..csv","UTF-8","原始資料","自107年經本部評選歷年大專校院衛生績優餐飲衛生督導人員獲獎名單","年度;學校;姓名","教育部綜合規劃司","不定期更新","政府資料開放授權條款-第1版","","免費","李小姐","02-77365613","2023-03-15 00:00:00","2025-12-10 17:54:39","","12"
"42603","教育部年度施政計畫","檔案資料","求學及進修","白金","CSV","https://ws.moe.edu.tw/Download.ashx?u=LzAwMS9VcGxvYWQvMy9yZWxmaWxlLzc4MjkvOTUyMjIvMjc1ZGZhZjMtMjI2NC00OGRjLThjNjUtMDdlMzU4OTY1YTdkLmNzdg%3D%3D&n=5pWZ6IKy6YOo5bm05bqm5pa95pS%2F6KiI55WrLmNzdg%3D%3D&icon=..csv","UTF-8","原始資料","提供歷年教育部年度施政計畫。","發佈日期;網址;標題;聯絡人;電子郵件信箱","教育部綜合規劃司","每1年","政府資料開放授權條款-第1版","","免費","柯小姐","0277365989","2017-02-24 00:00:00","2025-12-10 15:47:48","授權說明網址: http://data.gov.tw/license","10"
"31822","105-108年國中小行動學習推動計畫補助學校名單","檔案資料","求學及進修","白金","CSV","https://ws.moe.edu.tw/Download.ashx?u=LzAwMS9VcGxvYWQvOS9yZWxmaWxlLzc4MzYvOTU5OTQvZDIzZWQxZjgtOWZmMS00MzBkLTkwMTMtZWVmMmI5YzA3N2JmLmNzdg%3D%3D&n=MTA1LTEwOOW5tOWci%2BS4reWwj%2BihjOWLleWtuOe%2FkuijnOWKqeWtuOagoeWQjeWWri5jc3Y%3D&icon=..csv","UTF-8","原始資料","一、教育部因應網路雲端技術與行動科技發展趨勢，規劃辦理「國中小行動學習推動計畫」，補助學校善用數位資源精進或創新教學方法，增進學生學習興趣及提升教師教學品質。
二、本資料集提供105-108年獲補助學校名單，又「國中小行動學習推動計畫」執行期程至118年階段性任務完成，故本資料集不再更新。","年度;縣市別;學習階段;學校名稱","教育部資訊及科技教育司","不定期更新","政府資料開放授權條款-第1版","","免費","楊小姐","0277129071","2016-05-31 00:00:00","2025-12-10 14:29:22","授權說明網址: http://data.gov.tw/license","782"
"41560","中小學資訊素養教學教材","檔案資料","求學及進修","白金","CSV","https://ws.moe.edu.tw/Download.ashx?u=LzAwMS9VcGxvYWQvOS9yZWxmaWxlLzc4MzYvNTE4MTIvM2RkMzJmMTgtYTVjZi00YzM3LWIzNzgtOTUyYzE1ZGU1ODY0LmNzdg%3D%3D&n=5pWZ5p2Q6LOH5rqQLmNzdg%3D%3D&icon=..csv","BIG5","原始資料","提供「網路禮儀、網路交友、網咖現象、網路沉迷、網路遊戲、網路安全、網路交易、網路法律、網路霸凌、資訊識讀」等十大主題教案，幫助教師進一步地了解學生的網路世界，協助他們養成「安全、合理、合宜、合法」的態度與使用行為，以適應數位時代的社會與生活。","年度;類別;學習階段;教材名稱;網址","教育部資訊及科技教育司","每1年","政府資料開放授權條款-第1版","https://eteacher.edu.tw","免費","劉小姐","02-77129039","2016-12-22 00:00:00","2025-12-10 14:28:56","授權說明網址: http://data.gov.tw/license","177"
"25628","全國國民中小學可上網電腦設備數量","檔案資料","求學及進修","白金","CSV","https://ws.moe.edu.tw/Download.ashx?u=LzAwMS9VcGxvYWQvOS9yZWxmaWxlLzk4NDUvMTAyMDk1Lzg2OGJkNTcxLWIyODAtNDdkNi1iNDcxLWRmNWZjNTQyM2NmNy5jc3Y%3D&n=5YWo5ZyL5ZyL5rCR5Lit5bCP5a245Y%2Bv5LiK57ay6Zu76IWm6Kit5YKZ5pW46YePLmNzdg%3D%3D&icon=..csv","BIG5","原始資料","提供教育部所屬各縣市國民中小學之教學電腦數.
2019年不再調查更新","縣市;縣市別代砠;鄉鎮市區;學校名稱;教學電腦數","教育部資訊及科技教育司","不定期更新","政府資料開放授權條款-第1版","https://ws.moe.edu.tw/001/Upload/9/relfile/6083/393/489bfa71-2a37-4cfc-9c5d-3ac144fb033c.csv","免費","謝小姐","0277129067","2015-12-23 00:00:00","2025-12-10 14:27:18","更新頻率說明: 不再更新
授權說明網址: http://data.gov.tw/license","998"
"41559","全民資訊素養自評活動題庫","檔案資料","求學及進修","白金","CSV","https://ws.moe.edu.tw/Download.ashx?u=LzAwMS9VcGxvYWQvOS9yZWxmaWxlLzc4MzYvNTE4MDkvM2Q5MjdhNTYtYmQwNi00M2NjLTk4NjItY2UxMTk2ZDNhNzlkLmNzdg%3D%3D&n=6Ieq6KmV5rS75YuV6aGM55uuLmNzdg%3D%3D&icon=..csv","BIG5","原始資料","教育部依據於105年開始辦理「資訊素養自我評量網路活動」,鼓勵學生透過自我檢測方式，增強網路識讀認知及網路使用習慣，107年延用舊用的題。","年度;序號;類別;題目;選項A;選項B;選項C;選項D;答案","教育部資訊及科技教育司","每1年","政府資料開放授權條款-第1版","https://eliteracy.edu.tw/","免費","劉小姐","02-77129039","2016-12-22 00:00:00","2025-12-10 14:26:58","授權說明網址: http://data.gov.tw/license","465"
"45875","歷屆通過認證數位學習課程","檔案資料","求學及進修","白金","CSV","https://ws.moe.edu.tw/Download.ashx?u=LzAwMS9VcGxvYWQvOS9yZWxmaWxlLzc4MzYvOTA2NzcvMzY5ZmNlNzctY2IzMC00ZTQxLWI4YjgtMTM4MTMwZTFhNzU0LmNzdg%3D%3D&n=5q235bGG6YCa6YGO6KqN6K2J5pW45L2N5a2457%2BS6Kqy56iLKOaWsOWinuiHszExMy0yKS5jc3Y%3D&icon=..csv","UTF-8","原始資料","提供由95年起各梯次認證通過之數位學習課程名單","年度;梯次期別;學校名稱;課程名稱","教育部資訊及科技教育司","不定期更新","政府資料開放授權條款-第1版","","免費","李小姐","0277129051","2017-06-30 00:00:00","2025-12-10 14:26:21","授權說明網址: http://data.gov.tw/license","901"
"41555","資訊素養宣導影片","檔案資料","求學及進修","白金","CSV","https://ws.moe.edu.tw/Download.ashx?u=LzAwMS9VcGxvYWQvOS9yZWxmaWxlLzc4MzYvNTE4MTEvYTk0ZTY4NDEtN2YzYy00MWZiLWJlMzQtYTBlZWExNWEzNmRkLmNzdg%3D%3D&n=6LOH6KiK57Sg6aSK5a6j5bCO5b2x54mHLmNzdg%3D%3D&icon=..csv","BIG5","原始資料","資訊素養相關宣導廣告，提醒學生注意網路交友安全及網路合理使用。","年度;類別;動畫名稱;版本;網址","教育部資訊及科技教育司","每1年","政府資料開放授權條款-第1版","","免費","劉小姐","0277129039","2016-12-22 00:00:00","2025-12-10 14:25:10","授權說明網址: http://data.gov.tw/license","10"
"45874","歷屆通過認證數位學習專班","檔案資料","求學及進修","白金","CSV","https://ws.moe.edu.tw/Download.ashx?u=LzAwMS9VcGxvYWQvOS9yZWxmaWxlLzc4MzYvOTA2NzgvMDg3MDE4Y2UtMGQ1Yy00ZDcwLThmMDYtM2Y1MmRlMWQ1OWRhLmNzdg%3D%3D&n=5q235bGG6YCa6YGO6KqN6K2J5pW45L2N5a2457%2BS5bCI54%2BtKOaWsOWinuiHszExNC0xKS5jc3Y%3D&icon=..csv","UTF-8","原始資料","提供由95年起各梯次認證通過之數位學習專班名單","年度;梯次 專班期別;學校名稱;專班名稱","教育部資訊及科技教育司","不定期更新","政府資料開放授權條款-第1版","","免費","李小姐","0277129051","2017-06-30 00:00:00","2025-12-10 14:24:25","授權說明網址: http://data.gov.tw/license","64"
"45873","歷屆通過認證數位學習教材","檔案資料","求學及進修","白金","CSV","https://ws.moe.edu.tw/Download.ashx?u=LzAwMS9VcGxvYWQvOS9yZWxmaWxlLzc4MzYvMTAwNzg0LzQwNmZmOWVlLWU1ZmEtNGM0Ni05NDYzLWNhYzk5MmM1ODU4Mi5jc3Y%3D&n=5q235bGG6YCa6YGO6KqN6K2J5pW45L2N5a2457%2BS5pWZ5p2QKDEwNOW5tOWBnOatouWPl%2BeQhikuY3N2&icon=..csv","BIG5","原始資料","提供95年至103年各梯次認證通過之數位學習教材名單","年度;梯次期別;學校名稱;教材名稱","教育部資訊及科技教育司","不定期更新","政府資料開放授權條款-第1版","","免費","李小姐","0277129051","2017-06-30 00:00:00","2025-12-10 14:22:45","授權說明網址: http://data.gov.tw/license","169"
"157965","臺北市國民小學補習學校新住民學生數","檔案資料","求學及進修","白金","CSV","https://data.taipei/api/dataset/2b1dcb5a-ddb6-4dfa-a582-96b478688f41/resource/66068b32-6263-42f3-bbf7-cd5ceb85b056/download","BIG5","系統介接程式","111學年度至113學年度臺北市國民小學補習學校新住民學生數 ","項次;民國年;項目;總計【人】;年齡別21歲以下【人】;年齡別22-24歲【人】;年齡別25-44歲【人】;年齡別45-64歲【人】;年齡別65歲以上【人】;國籍別大陸地區及港澳;國籍別越南;國籍別印尼;國籍別泰國;國籍別菲律賓;國籍別日本;國籍別馬來西亞;國籍別美國;國籍別南韓;國籍別緬甸;國籍別加拿大;國籍別其他","臺北市政府教育局","每1年","政府資料開放授權條款-第1版","","免費","邱譯萱","02-27208889#1243","2022-09-16 00:00:00","2025-12-10 09:59:00","",""
"155556","中央警察大學教學研究單位","檔案資料","求學及進修","白金","CSV","https://opdadm.moi.gov.tw/api/v1/no-auth/resource/api/dataset/8D4EC55D-5B12-43BF-8898-0F742C20E808/resource/CC328C87-CD8B-4302-9CD9-678F8990C2E6/download","UTF-8","系統介接程式","中央警察大學大學部各系所、研究所博碩士班、中心與學院及中心名稱與隸屬關係等教學研究單位介紹、連絡電話清單","SeqNo(序號);Unit(院別);Department(系所中心別);LocalCallService(市話);Extension(分機);YYYMM(ROC)(最後更新日期)","中央警察大學","不定期更新","政府資料開放授權條款-第1版","","免費","詹培萱","03-3282321#4296","2022-06-07 15:13:11","2025-12-09 17:38:21","","16"
"169097","中央警察大學112學年度研究所及甄試複試體檢結果統計","檔案資料","求學及進修","金","CSV","https://opdadm.moi.gov.tw/api/v1/no-auth/resource/api/dataset/00D99B7A-CE5A-4882-83CD-660FA5E57E8A/resource/9A321D7E-FBB2-41DA-8DED-630310276A02/download","UTF-8","系統介接程式","中央警察大學112學年度研究所及甄試複試體檢結果統計表","Sort(分類);Group_A(碩士班);Group_B(碩士班甄試);Group_C(博士班);Total(合計);Percent(百分比)","中央警察大學","不定期更新","政府資料開放授權條款-第1版","","免費","許宸瑜","03-3281822","2024-06-21 15:55:46","2025-12-09 17:26:39","","5"
"175938","雲林縣政府114年度青年社團發展補助計畫補助名單(按月份分-11月)","檔案資料","求學及進修","白金","XLSX;CSV;XML;JSON","https://ws.yunlin.gov.tw/001/Upload/539/opendata/0/2317/e4cb2832-0b59-4153-9750-ac242590bc94.xlsx;https://ws.yunlin.gov.tw/001/Upload/539/opendata/0/2317/e4cb2832-0b59-4153-9750-ac242590bc94.csv;https://ws.yunlin.gov.tw/001/Upload/539/opendata/0/2317/e4cb2832-0b59-4153-9750-ac242590bc94.xml;https://ws.yunlin.gov.tw/001/Upload/539/opendata/0/2317/e4cb2832-0b59-4153-9750-ac242590bc94.json","UTF-8;UTF-8;UTF-8;UTF-8","系統介接程式","114年度青年社團發展補助計畫補助名單(按月份分-11月)","計畫編號;申請單位;申請補助項目;計畫總經費;自籌經費;申請補助經費;核准補助經費;核銷經費","雲林縣政府勞工處","每1月","政府資料開放授權條款-第1版","","免費","蔡小姐","05-5523622","2025-12-01 00:00:00","2025-12-08 09:49:31","","0;0;0;0"
"169140","中央警察大學行政管理學系暨研究所導師名冊","檔案資料","求學及進修","金","CSV","https://opdadm.moi.gov.tw/api/v1/no-auth/resource/api/dataset/80786C1F-85DB-4EA8-B0DC-D1B73B39CA20/resource/C78467C2-C967-4213-B39A-06AC7F9D5FA8/download","UTF-8","系統介接程式","中央警察大學行政管理學系暨研究所導師資訊","Class(班期);Group(組別);Mentors(導師);Position(職稱);Specialty(專長);Email(電子郵件)","中央警察大學","不定期更新","政府資料開放授權條款-第1版","","免費","王韋凱","03-3282321#4610","2024-06-24 15:01:23","2025-12-07 23:01:00","","21"
"169145","防災所教職通訊錄","檔案資料","求學及進修","白金","CSV","https://opdadm.moi.gov.tw/api/v1/no-auth/resource/api/dataset/87FEED9A-9D87-4E65-B052-40CC0ABADB80/resource/AFBE998D-4665-407B-8F8D-EA3A5DC5289E/download","UTF-8","系統介接程式","警大防災所教職通訊錄","name;email;specialty;URL;COUNTY;VILLAGE","中央警察大學","不定期更新","政府資料開放授權條款-第1版","","免費","王力","03-3282321#4846","2024-06-25 13:43:15","2025-12-07 22:58:58","","0"
"163704","中央警察大學消防系師資表","檔案資料","求學及進修","金","CSV","https://opdadm.moi.gov.tw/api/v1/no-auth/resource/api/dataset/E3E2C24F-29B5-438A-BC26-7FD6BA0A2EFD/resource/FB490488-E5DA-4328-9E8D-A59D449154FD/download","UTF-8","系統介接程式","師資資訊","Name(姓名);Position(職稱);Specialty(專長);Room(研究室);ContactNumber(電話);Email(電子信箱)","中央警察大學","不定期更新","政府資料開放授權條款-第1版","","免費","黃崇豪","03-3282321#4652","2023-06-30 15:17:07","2025-12-07 22:57:56","","8"
"163705","中央警察大學112年西文電子期刊","檔案資料","求學及進修","金","CSV","https://opdadm.moi.gov.tw/api/v1/no-auth/resource/api/dataset/E7D8EE45-4F87-4E10-9AF2-89B3375852FF/resource/A19EA8AC-68EA-4209-936B-939F393CB012/download","UTF-8","系統介接程式","中央警察大學112年採購西文電子期刊清單","NO(編號);TITLE(刊名);ISSN(ISSN);FRE(刊別);PUB(出版社);TYPE(類型)","中央警察大學","不定期更新","政府資料開放授權條款-第1版","","免費","王貴珠","03-3282321#4318","2023-06-30 15:48:11","2025-12-07 22:55:09","","17"
"163708","中央警察大學交通學系教師一覽表","檔案資料","求學及進修","金","CSV","https://opdadm.moi.gov.tw/api/v1/no-auth/resource/api/dataset/EE0D6607-B571-4ED1-8B15-F850B98865B1/resource/620282F5-46E2-4282-B788-8118EA6EB435/download","UTF-8","系統介接程式","中央警察大學交通學系教師一覽表及其研究專長：包含姓名、電子郵件信箱及研究專長。","Name(姓名);Position(職稱);Specialty(專長);Office(研究室);Email(電子信箱);Extension(分機)","中央警察大學","不定期更新","政府資料開放授權條款-第1版","","免費","廖英志","03-3282321#4291","2023-06-30 18:20:35","2025-12-07 22:54:08","","9"
"163122","中央警察大學行政警察學系專任教師專長","檔案資料","求學及進修","金","CSV;CSV;CSV","https://opdadm.moi.gov.tw/api/v1/no-auth/resource/api/dataset/C25827AA-C968-4F01-A6B8-D2A3743AB3B0/resource/1266E9F4-AC3A-44A7-939F-34C1C70940B5/download;https://opdadm.moi.gov.tw/api/v1/no-auth/resource/api/dataset/C25827AA-C968-4F01-A6B8-D2A3743AB3B0/resource/DE001E72-C404-46FE-96EE-6C760DAF4607/download;https://opdadm.moi.gov.tw/api/v1/no-auth/resource/api/dataset/C25827AA-C968-4F01-A6B8-D2A3743AB3B0/resource/699016A3-E777-487A-9B12-B741BF734712/download","UTF-8;UTF-8;UTF-8","系統介接程式","中央警察大學行政警察學系專任教師專長資料及聯絡資訊","Name(姓名);Position(職稱);Specialty(專長);SEX(性別);Email(電子郵件);DEGREE(學歷);SEMINARLINKS(連結);update(更新日期)","中央警察大學","不定期更新","政府資料開放授權條款-第1版","","免費","劉倩妤","03-3282321#4501","2023-06-27 18:06:05","2025-12-07 22:35:47","","19;10;19"
"163128","中央警察大學防災所教師","檔案資料","求學及進修","金","CSV","https://opdadm.moi.gov.tw/api/v1/no-auth/resource/api/dataset/BBDFF9C0-00CF-4632-A332-FB14185CB5D9/resource/9F3CB1F7-9685-4997-8D2C-094054F37A75/download","UTF-8","系統介接程式","防災所教師及其研究專長","Name(姓名);Email(電子郵件);Specialty(專長)","中央警察大學","不定期更新","政府資料開放授權條款-第1版","","免費","王力","03-3282321#4846","2023-06-28 11:52:08","2025-12-07 22:34:46","","6"
"163129","中央警察大學刑事警察學系專任教師專長","檔案資料","求學及進修","金","CSV;CSV","https://opdadm.moi.gov.tw/api/v1/no-auth/resource/api/dataset/9DC0F488-E05E-4C71-A12C-AA3D17797D1D/resource/F3F85327-402F-4911-A9E4-6A4E61E9D28A/download;https://opdadm.moi.gov.tw/api/v1/no-auth/resource/api/dataset/9DC0F488-E05E-4C71-A12C-AA3D17797D1D/resource/2E0558E8-73A7-43DD-B424-FD77E9610CAA/download","UTF-8;UTF-8","系統介接程式","中央警察大學刑事警察學系專任教師職稱、專長資料及電子郵件聯絡資訊","Name;Position;Specialty;Email;Extension;Office","中央警察大學","不定期更新","政府資料開放授權條款-第1版","","免費","陳玟璋","03-3282321#5021","2023-06-28 14:25:56","2025-12-07 22:33:45","","0;11"
"163051","中央警察大學111學年度研究所博碩士班及甄試招生複試體檢結果統計 ","檔案資料","求學及進修","金","CSV","https://opdadm.moi.gov.tw/api/v1/no-auth/resource/api/dataset/CDF9E68D-6273-4E3D-A57C-DC2BF4BEEF5C/resource/60C0A190-E52F-4060-9BA3-9607E8B426F9/download","UTF-8","系統介接程式","中央警察大學111學年度研究所碩士班、碩士班甄試入學及博士班招生複試體檢結果統計說明(包含應到人數、到考人數、合格人數、不合格人數及缺考人數)","Sort;Group_A;Group_B;Group_C;Total;Percent","中央警察大學","不定期更新","政府資料開放授權條款-第1版","","免費","許宸瑜","03-3281822","2023-06-21 17:36:07","2025-12-07 22:22:40","","0"
"163109","中央警察大學行政管理學系教師","檔案資料","求學及進修","金","CSV","https://opdadm.moi.gov.tw/api/v1/no-auth/resource/api/dataset/21FEC442-8D84-451B-AEF2-A7457AC75095/resource/E850502F-8FC2-4E63-8F73-AB0F5518184C/download","UTF-8","系統介接程式","中央警察大學行政管理學系教師之職稱、專長以及聯絡之電子郵件","Name(姓名);Position(職稱);Specialty(專長);Office(研究室);Email(電子信箱);Extension(分機)","中央警察大學","不定期更新","政府資料開放授權條款-第1版","","免費","王韋凱","03-3282321#4610","2023-06-27 15:02:09","2025-12-07 22:19:36","","9"
"139645","中央警察大學圖書館中文期刊訂購清單","檔案資料","求學及進修","金","CSV","https://opdadm.moi.gov.tw/api/v1/no-auth/resource/api/dataset/359ED46C-606B-4674-A0B1-C1BED60D1C2C/resource/B4B590D3-345B-4733-8B87-E8EC9FC6A81F/download","UTF-8","系統介接程式","中央警察大學圖書館110年採購中文期刊清單","NO(編號);TITLE(刊名);FRE(刊期       );ORDER(訂期       );TYPE(類型);MEMO(備註)","中央警察大學","不定期更新","政府資料開放授權條款-第1版","","免費","王貴珠","03-3282321#4318","2021-05-19 17:40:45","2025-12-07 21:49:13","","61"
"139658","中央警察大學圖書館日文期刊訂購清單","檔案資料","求學及進修","金","CSV","https://opdadm.moi.gov.tw/api/v1/no-auth/resource/api/dataset/209DF47E-93DE-45A4-9546-5D0CD6187B4E/resource/A7E9569E-4B24-47D6-AF28-98BA2D9D39A6/download","UTF-8","系統介接程式","中央警察大學圖書館110年採購日文期刊清單","No(項目);Journal_No(期刊編號);Journal_Title(刊名);Issue_No(期數);ISSN(國際標準期刊號);Press(出版社);Memo(備註)","中央警察大學","不定期更新","政府資料開放授權條款-第1版","","免費","王貴珠","03-3282321#4318","2021-05-21 10:44:08","2025-12-07 21:48:12","","34"
"139659","中央警察大學圖書館西文期刊訂購清單","檔案資料","求學及進修","金","CSV","https://opdadm.moi.gov.tw/api/v1/no-auth/resource/api/dataset/03A93DDA-F1C9-49FE-B60D-703E7AEDA248/resource/552B9CEB-871B-49AA-AEE9-2D71F087A15C/download","UTF-8","系統介接程式","中央警察大學圖書館110年採購西文期刊清單","No(序號);Journal_Title(刊名);ISSN(國際標準期刊號);Issue_No(期數);Expiration_period(訂閱起訖);Memo(備註)","中央警察大學","不定期更新","政府資料開放授權條款-第1版","","免費","王貴珠","03-3282321#4318","2021-05-21 11:41:33","2025-12-07 21:47:11","","33"
"139660","中央警察大學通識選修教育計畫","檔案資料","求學及進修","金","CSV","https://opdadm.moi.gov.tw/api/v1/no-auth/resource/api/dataset/59B49154-1C3E-42E7-8F01-12A6ED991981/resource/FE36D46D-807B-4DCB-BE89-2BC078DD6EF1/download","UTF-8","系統介接程式","通識選修包括人文藝術、社會科學、自然科學","Course_title(課程名稱);Course_No(科目代號);Course_credits(學分);Subject(修課類別);First_Semester(上);Second_Semester(下);Teaching_hours(時數);Classification_of_course(課程分類)","中央警察大學","不定期更新","政府資料開放授權條款-第1版","","免費","呂豐足","03-3282321#4799","2021-05-21 13:38:28","2025-12-07 21:46:09","","65"
"139661","中央警察大學語文選修教育計畫","檔案資料","求學及進修","金","CSV","https://opdadm.moi.gov.tw/api/v1/no-auth/resource/api/dataset/556A3218-104E-46A9-BEE4-86CE89A1357F/resource/3046FE8F-732F-4AAA-90F3-970E4D09F3D7/download","UTF-8","系統介接程式","為利學生國際接軌及執法需要，提供語文選修課程供學生選修","Course_title;Course_No;Course_credits;Subject;First_Semester_of_First_Grade;Second_Semester_of_First_Grade;First_Semester_of_Second_Grade;Second_Semester_of_Second_Grade;First_Semester_of_Third_Grade;Second_Semester_of_Third_Grade;First_Semester_of_Forth_Grade;Second_Semester_of_Forth_Grade;Teaching_hours;Classification_of_course","中央警察大學","不定期更新","政府資料開放授權條款-第1版","","免費","呂豐足","03-3282321#4799","2021-05-21 14:11:53","2025-12-07 21:45:08","","107"
"126771","中央警察大學學士班四年制歷年最低錄取分數","檔案資料","求學及進修","白金","CSV","https://opdadm.moi.gov.tw/api/v1/no-auth/resource/api/dataset/C6613314-9FF4-45FB-961D-568BC9DDB456/resource/81ABA4C6-7054-4701-B993-DCF981194E98/download","UTF-8","系統介接程式","本資料係一般生第1階段初試合格標準並非本項考試最終結果，同級分者須依各科比序及口試後，始可確定排名。初試及複試均合格者，按其學科採計成績總分高低順序，擇優依其志願錄取為各系正取生，至滿額為止。其餘依學科採計成績高低列為備取生。","SeqNo(序號);Year(年度);Group(組別);Sex(性別);Score(分數);URL(連結網址);Persons(人數)","中央警察大學","不定期更新","政府資料開放授權條款-第1版","","免費","陳晏祥","03-3282321-4134","2020-05-05 14:45:54","2025-12-07 21:21:09","","24"
"126782","中央警察大學刑事警察學系專任教師職位分布表","檔案資料","求學及進修","金","CSV;CSV;CSV;CSV","https://opdadm.moi.gov.tw/api/v1/no-auth/resource/api/dataset/C9AEA226-A5B8-458B-895E-BEE08635D6BC/resource/8B244A9B-F9CB-4E80-97F1-3A16893D3065/download;https://opdadm.moi.gov.tw/api/v1/no-auth/resource/api/dataset/C9AEA226-A5B8-458B-895E-BEE08635D6BC/resource/544BD297-2B9C-4072-847B-3C4E12857E82/download;https://opdadm.moi.gov.tw/api/v1/no-auth/resource/api/dataset/C9AEA226-A5B8-458B-895E-BEE08635D6BC/resource/83AA685B-BFD1-4504-B46C-69B99B2AB7C2/download;https://opdadm.moi.gov.tw/api/v1/no-auth/resource/api/dataset/C9AEA226-A5B8-458B-895E-BEE08635D6BC/resource/ED08E627-F898-457E-8FE8-B17D9F38CF8D/download","UTF-8;UTF-8;UTF-8;UTF-8","系統介接程式","中央警察大學刑事警察學系歷年專任教師職位分布一覽表","Position(職稱);Number of people(人數)","中央警察大學","不定期更新","政府資料開放授權條款-第1版","","免費","陳玟璋","03-3282321#5021","2020-05-05 15:17:42","2025-12-07 21:20:08","","6;0;0;0"
"73236","中央警察大學教科書一覽表","檔案資料","求學及進修","金","CSV;CSV","https://opdadm.moi.gov.tw/api/v1/no-auth/resource/api/dataset/68D0E155-27B7-4340-8AF5-832E5454E01E/resource/BD6CAE8E-3B73-4D9E-900C-17C23EAA4DDD/download;https://opdadm.moi.gov.tw/api/v1/no-auth/resource/api/dataset/68D0E155-27B7-4340-8AF5-832E5454E01E/resource/3B331A7C-DDE4-497B-8CA5-AF5B831C08E6/download","UTF-8;UTF-8","系統介接程式","109年中央警察大學自行出版之教科書，資訊包含：書名、作者、年份、售價等","Title(教材名稱);Category(教材類別);Author(作者);Year(出版年份);Price(定價)","中央警察大學","不定期更新","政府資料開放授權條款-第1版","","免費","陳晏祥","03-3282321-4134","2017-08-29 14:15:47","2025-12-07 20:58:35","","69;13"
"159944","內政部役政署性別平等專區CEDAW教材簡報資料","檔案資料","求學及進修","白金","CSV","https://opdadm.moi.gov.tw/api/v1/no-auth/resource/api/dataset/68D352AB-8A66-4CEF-AFBF-97C79AACC485/resource/B44BED71-B674-4128-A5BB-22D4C81497CD/download","UTF-8","系統介接程式","CEDAW教材簡報資料。因組織變更，有關性別平等業務係由本部綜整辦理，原內政部役政署資料不更新。","民國年;月份;檔案名稱;URL;附言","替代役訓練及管理中心","不定期更新","政府資料開放授權條款-第1版","","免費","黃琇靖","049-2394434","2022-11-24 16:32:21","2025-12-05 18:40:17","","2"
"68266","臺灣青年海外搭僑計畫","檔案資料","求學及進修","白金","CSV","https://oas.ocac.gov.tw/OCAC_openDATA/API/CSV_EXPORT?TableID=A0068266","UTF-8","原始資料","僑務委員會自2017年起推動「臺灣青年海外搭僑計畫」，本資料為歷年辦理地點、活動時間及參加人數之統計。","年度;洲別;國家代碼;國家;地區;活動日期;活動起日;活動迄日;參加人數","僑務委員會","每1年","政府資料開放授權條款-第1版","","免費","翁小姐","02-23272616","2017-12-05 00:00:00","2025-12-04 09:58:35","","102"
"175493","中央警察大學學士班四年制招生入學考試常見問題解答","檔案資料","求學及進修","金","ZIP","https://opdadm.moi.gov.tw/api/v1/no-auth/resource/api/dataset/38F42AF5-2B16-4CC6-BF03-3DC2BCCEFD19/resource/977676D6-124A-419D-AE1A-EB0B751E89B1/download","UTF-8","系統介接程式","中央警察大學學士班四年制招生入學考試常見問題解答，內含，114年報考資格、學系分類、招生考試方式等常見問答。","name 114年中央警察大學學士班四年制招生入學考試常見問題解答.pdf
description 114年中央警察大學學士班四年制招生入學考試常見問題解答","中央警察大學","不定期更新","政府資料開放授權條款-第1版","","免費","陳晏祥","03-3282321#4134","2025-11-04 07:08:58","2025-12-02 16:46:44","","0"
"174955","中央警察大學資訊管理學系專任教師一覽表","檔案資料","求學及進修","金","CSV","https://opdadm.moi.gov.tw/api/v1/no-auth/resource/api/dataset/98761C0D-4F13-4908-A6B5-98D69B9102B6/resource/89DC0BC8-71B6-450E-8253-5C94F6E430A1/download","UTF-8","系統介接程式","提供資訊管理學系所屬教師相關簡介資訊","Number(編號);Name(姓名);Title(職稱);Gender(姓名);Expertise_first(專業科目1);Expertise_second(專業科目2);Expertise_third(專業科目3);email(電子信箱)","中央警察大學","不定期更新","政府資料開放授權條款-第1版","","免費","周韋君","03-3282321#4224","2025-09-18 07:36:31","2025-12-02 13:01:54","","9"
"161505","海洋教育推手獎獲獎名單","檔案資料","求學及進修","白金","CSV","https://ws.moe.edu.tw/001/Upload/3/relfile/7829/88741/bf86ec41-a94d-49a1-9e63-cb635f689e6d.csv","UTF-8","原始資料","經教育部遴選歷年海洋教育推手獎獲獎名單，包括「團體獎」、「個人獎」、「地方政府獎」及「課程教學團隊獎」4獎項。","屆次;年度;獎項;獲獎者;備註(課程教學團隊獎獲獎主題)","教育部綜合規劃司","每2年","政府資料開放授權條款-第1版","https://ws.moe.edu.tw/001/Upload/3/relfile/7829/88741/bf86ec41-a94d-49a1-9e63-cb635f689e6d.csv","免費","高冠如","02-77365716","2023-04-06 00:00:00","2025-11-28 16:43:10","","0"
"172227","臺南市各級學校經費支出","檔案資料","求學及進修","白金","JSON;CSV","https://soa.tainan.gov.tw/Api/Service/Get/44253218-9c88-445e-a257-241ffcb7b305;https://data.tainan.gov.tw/File/ResourceCsvDownload/44253218-9c88-445e-a257-241ffcb7b305","UTF-8;UTF-8","系統介接程式","提供臺南市各級學校經費支出資訊","民國年;高級中等學校經費[新臺幣元];國民中學經費[新臺幣元];國民小學經費[新臺幣元];幼兒園經費[新臺幣元]","臺南市政府教育局","每年","政府資料開放授權條款-第1版","https://data.tainan.gov.tw/DataSet/Detail/f56f80d3-2053-4349-b7ad-538f4d7d6915","免費","李國生","(06)2991111","2024-12-27 06:57:31","2025-11-26 14:34:57","","0;0"
"156055","新竹市公共圖書館通訊","檔案資料","求學及進修","白金","XLSX;CSV;XML;JSON","https://odws.hccg.gov.tw/001/Upload/25/opendataback/9059/78/ed874612-fca5-429d-a64e-63cf1451b011.xlsx;https://odws.hccg.gov.tw/001/Upload/25/opendataback/9059/78/de691f58-c699-4014-94d7-ff077892eb7d.csv;https://odws.hccg.gov.tw/001/Upload/25/opendataback/9059/78/de691f58-c699-4014-94d7-ff077892eb7d.xml;https://odws.hccg.gov.tw/001/Upload/25/opendataback/9059/78/de691f58-c699-4014-94d7-ff077892eb7d.json","UTF-8;UTF-8;UTF-8;UTF-8","系統介接程式","提供本市公共圖書館名冊及通訊方式查詢","圖書館名稱;電話;地址;新竹市代碼;更新日期","新竹市文化局","每1年","政府資料開放授權條款-第1版","","免費","邱玉如|","03-5319756#237","2022-03-15 00:00:00","2025-11-24 10:07:25","","0;0;0;0"
"142938","臺南市國民小學進修部新住民學生數","檔案資料","求學及進修","白金","JSON;CSV","https://soa.tainan.gov.tw/Api/Service/Get/795d9f02-ffde-4701-a044-11e7f2e13047;https://data.tainan.gov.tw/File/ResourceCsvDownload/795d9f02-ffde-4701-a044-11e7f2e13047","UTF-8;UTF-8","系統介接程式","提供臺南市國民小學補習學校新住民學生數資料","國籍別;學生數總計;學生數總計_男;學生數總計_女;初級部學生數合計;初級部學生數_男;初級部學生數_女;高級部1年級學生數合計;高級部1年級學生數_男;高級部1年級學生數_女;高級部2年級學生數合計;高級部2年級學生數_男;高級部2年級學生數_女;上學年度畢業生數合計;上學年度畢業生數_男;上學年度畢業生數_女","臺南市政府教育局","不定期更新","政府資料開放授權條款-第1版","https://data.tainan.gov.tw/DataSet/Detail/45060855-a761-4d61-a5ea-149ed7bd2d54","免費","辛龍香","(06)2991111","2021-06-25 09:18:36","2025-11-23 10:02:09","","1;1"
"67556","新竹市終身教育學習地圖","檔案資料","求學及進修","白金","XLSX;CSV;XML;JSON","https://odws.hccg.gov.tw/001/Upload/25/opendataback/9059/20/a1f8ae24-8725-42e7-98b7-1bb8057bd897.xlsx;https://odws.hccg.gov.tw/001/Upload/25/opendataback/9059/20/a1f8ae24-8725-42e7-98b7-1bb8057bd897.csv;https://odws.hccg.gov.tw/001/Upload/25/opendataback/9059/20/a1f8ae24-8725-42e7-98b7-1bb8057bd897.xml;https://odws.hccg.gov.tw/001/Upload/25/opendataback/9059/20/a1f8ae24-8725-42e7-98b7-1bb8057bd897.json","UTF-8;UTF-8;UTF-8;UTF-8","系統介接程式","提供新竹市終身教育學習地圖資料查詢","學校別;學校名稱;住址;電話1;電話2","教育處","不定期更新","政府資料開放授權條款-第1版","","免費","李炘芸|","03-5216121#275","2017-11-01 00:00:00","2025-11-19 10:47:46","","0;0;0;0"
"67564","新竹市已立案補習班","檔案資料","求學及進修","白金","XLSX;CSV;XML;JSON","https://odws.hccg.gov.tw/001/Upload/25/opendataback/9059/141/8fbbc9ff-a879-4820-9087-14e21d1dbc00.xlsx;https://odws.hccg.gov.tw/001/Upload/25/opendataback/9059/141/8fbbc9ff-a879-4820-9087-14e21d1dbc00.csv;https://odws.hccg.gov.tw/001/Upload/25/opendataback/9059/141/8fbbc9ff-a879-4820-9087-14e21d1dbc00.xml;https://odws.hccg.gov.tw/001/Upload/25/opendataback/9059/141/8fbbc9ff-a879-4820-9087-14e21d1dbc00.json","UTF-8;UTF-8;UTF-8;UTF-8","系統介接程式","提供新竹市已立案補習班資料查詢","補習班名稱;住址;市話;分機;行動電話;設立人;立案日期;立案文號;班主任;教室面積;班舍總面積","教育處","每1年","政府資料開放授權條款-第1版","","免費","宋芃成|","03-5216121#275","2017-10-02 00:00:00","2025-11-19 10:47:33","","0;0;0;0"
"172529","本會獎勵頂尖及傑出僑生來臺就讀大學校院獎學金核發人數-按學校別分","檔案資料","求學及進修","白金","CSV","https://oas.ocac.gov.tw/OCAC_openDATA/API/CSV_EXPORT?TableID=A2025011418444011","UTF-8","原始資料","本會為擴大培育及留用僑生，特訂定「僑務委員會獎勵頂尖及傑出僑生來臺就讀大學校院獎學金核發要點」設置「頂尖及傑出僑生來臺就讀大學校院獎學金」，以鼓勵優秀僑生來臺就學，並提供安心學習的環境；本資料集內容包括歷年核發頂尖及傑出僑生來臺就讀大學校院獎學金人數資料。","學年度;學校;頂尖獎學金人數;傑出獎學金人數","僑務委員會","每1年","政府資料開放授權條款-第1版","https://oas.ocac.gov.tw/OCAC_openDATA/API/CSV_EXPORT?TableID=A2025011418444011","免費","賴小姐","0223272637","2025-01-21 00:00:00","2025-11-19 10:27:35","","95"
"172528","本會獎勵頂尖及傑出僑生來臺就讀大學校院獎學金核發人數-按國別分","檔案資料","求學及進修","白金","CSV","https://oas.ocac.gov.tw/OCAC_openDATA/API/CSV_EXPORT?TableID=A2025011418440299","UTF-8","原始資料","本會為擴大培育及留用僑生，特訂定「僑務委員會獎勵頂尖及傑出僑生來臺就讀大學校院獎學金核發要點」設置「頂尖及傑出僑生來臺就讀大學校院獎學金」，以鼓勵優秀僑生來臺就學，並提供安心學習的環境；本資料集內容包括歷年核發頂尖及傑出僑生來臺就讀大學校院獎學金人數資料。","學年度;國家;頂尖獎學金人數;傑出獎學金人數","僑務委員會","每1年","政府資料開放授權條款-第1版","https://oas.ocac.gov.tw/OCAC_openDATA/API/CSV_EXPORT?TableID=A2025011418440299","免費","賴小姐","0223272637","2025-01-21 00:00:00","2025-11-19 09:43:27","","52"
"169799","海外青年技術訓練班(學士暨副學士班)在學人數統計-按國別分","檔案資料","求學及進修","白金","CSV","https://oas.ocac.gov.tw/OCAC_openDATA/API/CSV_EXPORT?TableID=A0169799","UTF-8","原始資料","透過臺灣優質技術教育與專業訓練，鼓勵海外僑民子弟來臺學習專業技術，畢業後留臺就業，僑委會自111學年度起辦理二年制副學士海外青年技術訓練班、112學年度起辦理四年制產學合作學士海外青年技術訓練班，開設之科別及課程以國家發展政策與國內產（企）業所需類科及學校特色領域為原則。本資料集內容為二年制副學士及四年制學士班每學期各國別學生在學人數統計。","學年度;學期;學制;國家;在學人數","僑務委員會","不定期更新","政府資料開放授權條款-第1版","https://admission.taiwan-world.net/zh_tw/4year/intro4","免費","吳小姐","02-2327-2657","2025-01-21 00:00:00","2025-11-18 09:27:22","","9999"
"7020","海外青年華語文研習班辦理情形統計","檔案資料","求學及進修","無(白名單)","CSV","https://www.ocac.gov.tw/OCAC/File/Attach/1227/File_1916.csv","UTF-8","原始資料","本會為增進海外青(少)年華語文能力，認識傳統中華文化與臺灣多元文化，並促進海內外青年互動交流，每年積極辦理海外青年語文研習班；本資料集內容包括歷年各僑居地青年來臺研習語文人數。","年度;臺灣;香港;印尼;日本;馬來西亞;菲律賓;泰國;韓國;科威特;新加坡;阿拉伯聯合大公國;杜拜;越南;沙烏地阿拉伯;約旦;印度;土耳其;汶萊;俄羅斯;以色列;美國;加拿大;巴西;智利;瓜地馬拉;巴拿馬;祕魯;巴拉圭;玻利維亞;阿根廷;厄瓜多;宏都拉斯;哥斯大黎加;哥倫比亞;墨西哥;薩爾瓦多;蘇利南;多明尼加;貝里斯;多米尼克;尼加拉瓜;聖多明哥;奧地利;比利時;英國;法國;德國;義大利;希臘;西班牙;荷蘭;芬蘭;瑞士;丹麥;波蘭;瑞典;斯洛維尼亞;挪威;斯洛伐克;愛爾蘭;葡萄牙;澳洲;紐西蘭;南非;象牙海岸;史瓦濟蘭;模里西斯;索羅門;馬紹爾群島;男;女","僑務委員會","每1年","政府資料開放授權條款-第1版","","免費","路先生","02-23272960","2013-12-09 00:00:00","2025-11-10 16:08:04","授權說明網址: http://data.gov.tw/license","18"
"160080","歷年嘉義市國中小學生數統計","檔案資料","求學及進修","金","CSV","https://data.chiayi.gov.tw/opendata/api/getResource?oid=f6b1b1fa-53e1-4eec-a9ab-828844761814&rid=69056f54-6d3a-4f61-9a59-580eb20992e2","UTF-8","系統介接程式","101學年度-113學年度嘉義市國中小學生數統計","校名;101學年度;102學年度;103學年度;104學年度;105學年度;106學年度;107學年度;108學年度;109學年度;110學年度;111學年度;112學年度;113學年度;114學年度","嘉義市政府","每1年","政府資料開放授權條款-第1版","https://data.chiayi.gov.tw","免費","教育處國民教育科 吳幸真","05-2254321分機360","2017-05-11 00:00:00","2025-11-07 17:56:53","","27"
"132496","產學攜手合作僑生專班錄取人數統計表-按性別分","檔案資料","求學及進修","白金","CSV","https://oas.ocac.gov.tw/OCAC_openDATA/API/CSV_EXPORT?TableID=A0132496","UTF-8","原始資料","本資料集內容包含近年開辦產學攜手合作僑生專班之各學年度、各地區錄取學生人數。","年度;國家;性別;人數","僑務委員會","每1年","政府資料開放授權條款-第1版","","免費","林先生","02-23272679","2020-11-09 00:00:00","2025-10-31 17:15:25","","146"
"132497","產學攜手合作僑生專班入學人數統計表-按國別分","檔案資料","求學及進修","白金","CSV","https://oas.ocac.gov.tw/OCAC_openDATA/API/CSV_EXPORT?TableID=A0132497","UTF-8","原始資料","本資料集內容包含近年開辦產學攜手合作僑生專班之各學年度、各地區入學學生人數。","年度;國家;人數","僑務委員會","每1年","政府資料開放授權條款-第1版","","免費","林先生","02-23272679","2020-11-09 00:00:00","2025-10-31 17:12:20","","73"
"175379","雲林縣政府114年度青年社團發展補助計畫補助名單(按月份分-10月)","檔案資料","求學及進修","白金","XLSX;CSV;XML;JSON","https://ws.yunlin.gov.tw/001/Upload/539/opendata/0/2310/a8b396a9-cb66-4a6d-ab23-f61907808c22.xlsx;https://ws.yunlin.gov.tw/001/Upload/539/opendata/0/2310/a8b396a9-cb66-4a6d-ab23-f61907808c22.csv;https://ws.yunlin.gov.tw/001/Upload/539/opendata/0/2310/a8b396a9-cb66-4a6d-ab23-f61907808c22.xml;https://ws.yunlin.gov.tw/001/Upload/539/opendata/0/2310/a8b396a9-cb66-4a6d-ab23-f61907808c22.json","UTF-8;UTF-8;UTF-8;UTF-8","系統介接程式","114年度青年社團發展補助計畫補助名單(按月份分-10月)","計畫編號;申請單位;申請補助項目;計畫總經費;自籌經費;申請補助經費;核准補助經費;核銷經費","雲林縣政府勞工處","每1月","政府資料開放授權條款-第1版","","免費","蔡小姐","05-5523622","2025-11-01 00:00:00","2025-10-31 10:45:31","","0;0;0;0"
"26343","運動成績優良學生資料","檔案資料","求學及進修","金","CSV;CSV;CSV;CSV;CSV","https://ws.sports.gov.tw/FS01/FilePath/1/relfile/164/10266/6a95e9e9-159f-4c31-8efa-7a15e711d9be.csv;https://ws.sports.gov.tw/FS01/FilePath/1/relfile/164/10266/a1faed1b-0a84-499c-a29c-94ad3af0058f.csv;https://ws.sports.gov.tw/FS01/FilePath/1/relfile/164/10266/89454f5b-0425-4bb4-a3a1-4db232e5412c.csv;https://ws.sports.gov.tw/FS01/FilePath/1/relfile/164/10266/f827675f-12d0-4209-b3e7-b812c31506ac.csv;https://ws.sports.gov.tw/FS01/FilePath/1/relfile/164/10266/b90a9135-1276-484f-b5b5-c98e7a2e8f51.csv","UTF-8;UTF-8;UTF-8;UTF-8;UTF-8","原始資料","運動成績優良學生相關資料","學年度;學校名稱;招生類別;運動種類;科系組別;招生性別;招生名額;年制別;備註","運動部","每1年","政府資料開放授權條款-第1版","","免費","吳小姐","0287711970","2016-01-19 00:00:00","2025-10-29 17:45:46","授權說明網址: http://data.gov.tw/license","0;0;0;0;0"
"146863","連江縣各類短期補習班家數","檔案資料","求學及進修","銅","PDF","https://www.matsu.edu.tw/Download_File.ashx?id=21682","","原始資料","連江各類短期補習班家數","行政區別;總計;文理類;技藝類","連江縣政府","不定期更新","政府資料開放授權條款-第1版","","免費","曹家輝","0836-25131","2021-12-08 00:00:00","2025-10-20 09:44:16","","0"
"52497","嘉義市公立國中小學校名單","檔案資料","求學及進修","白金","CSV","https://data.chiayi.gov.tw/opendata/api/getResource?oid=05a28b6b-6966-49f5-b11c-da8bcb35daca&rid=9a33cc60-53cf-4001-a192-2a8e0a857023","UTF-8","系統介接程式","國中、國小","校名;電話;傳真;校址;緯度;經度","嘉義市政府","每1年","政府資料開放授權條款-第1版","http://www.cy.edu.tw","免費","教育處國民教育科 吳幸真","05-2254321分機360","2017-08-01 15:51:19","2025-10-09 15:49:04","","28"
"40155","國立臺灣工藝研究發展中心-館藏圖書目錄","檔案資料","求學及進修","金","XML;JSON","https://libm7.moc.gov.tw/webopac/opendata/ntcri.xml;https://libm7.moc.gov.tw/webopac/opendata/ntcri.json","UTF-8;UTF-8","系統介接程式","國立臺灣工藝研究發展中心之館藏圖書目錄資訊，提供館藏圖書、視聽、期刊、電子資源之相關資源。","書名(書本名稱);作者(作者名稱);出版單位(出版單位名稱);版次(出版版本);出版年月(出版日期);標題(標題名稱);中文圖書分類法類號(中文圖書分類法類號碼);美國國會分類法類號(美國國會分類法類號碼);杜威十進分類法類號(杜威十進分類法類號碼);ISBN(ISBN號碼);ISSN(ISSN號碼);ISRC(ISRC號碼);單位(館藏單位名稱);資料來源(資料來源連結網址)","國立臺灣工藝研究發展中心","每1年","政府資料開放授權條款-第1版","","免費","黃振哲 先生","049-2353805#266","2016-03-02 00:00:00","2025-10-08 16:28:33","","13600;13600"
"175030","國立自然科學博物館動物學標本館藏故事","檔案資料","求學及進修","金","JSON","https://web3.nmns.edu.tw/Project/OpenData/digicoll/%E5%8B%95%E7%89%A9%E5%AD%B8.json","UTF-8","原始資料","國立自然科學博物館的「精選典藏」是指該館的線上資料庫，提供數百萬件的生物、地質、考古、民族學等標本的數位化影像與資訊，並以3D模型形式呈現。使用者可透過該網站線上瀏覽科博館豐富的館藏，探索臺灣的自然與人文寶藏。","藏品名稱;館號;類別;藏品簡述;學名;藏品故事;照片URL","國立自然科學博物館","不定期更新","政府資料開放授權條款-第1版","https://digicoll.nmns.edu.tw/zh-Hant","免費","章晨玫 ","04-23226940#320","2025-10-03 00:00:00","2025-10-03 12:54:04","","10"
"40162","國立傳統藝術中心-館藏圖書目錄","檔案資料","求學及進修","金","JSON;XML","https://libm7.moc.gov.tw/webopac/opendata/ncfta.json;https://libm7.moc.gov.tw/webopac/opendata/ncfta.xml","UTF-8;UTF-8","系統介接程式","國立傳統藝術中心-場館收藏之圖書目錄（包含：書刊名、作者、出版者等圖書資訊）","書名(書本名稱);作者(作者名稱);出版單位(出版單位名稱);版次(出版版本);出版年月(出版日期);標題(標題名稱);中文圖書分類法類號(中文圖書分類法類號碼);美國國會分類法類號(美國國會分類法類號碼);杜威十進分類法類號(杜威十進分類法類號碼);ISBN(ISBN號碼);ISSN(ISSN號碼);ISRC(ISRC號碼);單位(館藏單位名稱);資料來源(資料來源連結網址)","國立傳統藝術中心","每1年","政府資料開放授權條款-第1版","","免費","林 小姐","03-9705815#2347","2016-03-02 00:00:00","2025-10-03 10:23:21","","66000;66000"
"31414","教育部磨課師平臺數位學習課程清單","檔案資料","求學及進修","白金","CSV","https://moocs.moe.edu.tw/base/10001/door//OPENDATA/edu%E7%A3%A8%E8%AA%B2%E5%B8%AB%2B%E8%AA%B2%E7%A8%8B%E8%B3%87%E6%96%99.csv","BIG5","原始資料","教育部磨課師平臺主要提供中小學教師職能進修，有適性輔導、多元評量、家庭教育課程、原住民族師資培育及通識等多元領域課程。","課程序號;課程類別;課程名稱;課程屬性;認證時數;修課開始時間;修課結束時間","教育部資訊及科技教育司","每6月","政府資料開放授權條款-第1版","","免費","李小姐","0277129077","2016-05-31 00:00:00","2025-10-03 10:18:49","授權說明網址: http://data.gov.tw/license","998"
"46771","地方政府中小學教師數位學習時數","檔案資料","求學及進修","白金","CSV","https://moocs.moe.edu.tw/base/10001/door//OPENDATA/%E4%B8%AD%E5%B0%8F%E5%AD%B8%E5%90%84%E7%B8%A3%E5%B8%82%E4%BF%AE%E8%AA%B2%E7%B5%B1%E8%A8%88.csv","BIG5","原始資料","求學及進修: 提供各縣市政府所屬中小學教師於edu磨課師+平臺上進修資料","縣市代碼;地方政府名稱;修課期間之中小學註冊教師數;期間;期間修讀課程總通過修課人次;期間修讀課程之總時數","教育部資訊及科技教育司","每6月","政府資料開放授權條款-第1版","","免費","李小姐","0277129077","2017-06-30 00:00:00","2025-10-03 10:17:31","授權說明網址: http://data.gov.tw/license","23"
"175026","國立自然科學博物館地質學標本館藏故事","檔案資料","求學及進修","金","JSON","https://web3.nmns.edu.tw/Project/OpenData/digicoll/%E5%9C%B0%E8%B3%AA%E5%AD%B8.json","UTF-8","原始資料","國立自然科學博物館的「精選典藏」是指該館的線上資料庫，提供數百萬件的生物、地質、考古、民族學等標本的數位化影像與資訊，並以3D模型形式呈現。使用者可透過該網站線上瀏覽科博館豐富的館藏，探索臺灣的自然與人文寶藏。","藏品名稱;館號;類別;藏品簡述;學名;藏品故事;照片URL","國立自然科學博物館","不定期更新","政府資料開放授權條款-第1版","https://digicoll.nmns.edu.tw/zh-Hant","免費","章晨玫","04-23226940#320","2025-10-02 00:00:00","2025-10-02 17:06:21","","10"
"175025","國立自然科學博物館人類學標本館藏故事","檔案資料","求學及進修","金","JSON","https://web3.nmns.edu.tw/Project/OpenData/digicoll/%E4%BA%BA%E9%A1%9E%E5%AD%B8.json","UTF-8","原始資料","國立自然科學博物館的「精選典藏」是指該館的線上資料庫，提供數百萬件的生物、地質、考古、民族學等標本的數位化影像與資訊，並以3D模型形式呈現。使用者可透過該網站線上瀏覽科博館豐富的館藏，探索臺灣的自然與人文寶藏。","藏品名稱;館號;類別;藏品簡述;學名;藏品故事;照片URL","國立自然科學博物館","不定期更新","政府資料開放授權條款-第1版","https://digicoll.nmns.edu.tw/zh-Hant","免費","章晨玫","04-23226940#320","2025-10-02 00:00:00","2025-10-02 17:03:28","","10"
"175011","雲林縣政府114年度青年社團發展補助計畫補助名單(按月份分-9月)","檔案資料","求學及進修","銀","XLSX;CSV;XML;JSON","https://ws.yunlin.gov.tw/001/Upload/539/opendata/0/2291/46cdcaf3-1572-413d-b408-c2f93614477b.xlsx;https://ws.yunlin.gov.tw/001/Upload/539/opendata/0/2291/46cdcaf3-1572-413d-b408-c2f93614477b.csv;https://ws.yunlin.gov.tw/001/Upload/539/opendata/0/2291/46cdcaf3-1572-413d-b408-c2f93614477b.xml;https://ws.yunlin.gov.tw/001/Upload/539/opendata/0/2291/46cdcaf3-1572-413d-b408-c2f93614477b.json","UTF-8;UTF-8;UTF-8;UTF-8","系統介接程式","114年度青年社團發展補助計畫補助名單(按月份分-9月)","計畫編號;申請單位;申請補助項目;計畫總經費;自籌經費;申請補助經費;核准補助經費;核銷經費","雲林縣政府勞工處","每1月","政府資料開放授權條款-第1版","","免費","蔡小姐","05-5523622","2025-10-01 00:00:00","2025-10-01 18:14:20","","0;0;0;0"
"142936","臺南市國民小學僑生數","檔案資料","求學及進修","白金","JSON;CSV","https://soa.tainan.gov.tw/Api/Service/Get/e00171be-9c2a-4d4b-99fc-55eba09c3ed4;https://data.tainan.gov.tw/File/ResourceCsvDownload/e00171be-9c2a-4d4b-99fc-55eba09c3ed4","UTF-8;UTF-8","系統介接程式","提供臺南市國民小學僑生數","項目別(項目別);總計-人數(總計-人數);國立-人數(國立-人數);市立-人數(市立-人數);私立-人數(私立-人數)","臺南市政府教育局","不定期更新","政府資料開放授權條款-第1版","https://data.tainan.gov.tw/DataSet/Detail/bf0b56dd-0405-4c44-b428-1a114d7ea79b","免費","辛龍香","(06)2991111","2021-06-25 09:38:38","2025-09-30 11:14:00","","1;1"
"171548","高雄市政府108年度機關學校公文電子及紙本簽核件數","檔案資料","求學及進修","金","JSON;CSV;JSON;CSV;JSON;CSV;JSON;CSV;JSON;CSV;JSON;CSV;JSON;CSV;JSON;CSV;JSON;CSV;JSON;CSV;JSON;CSV;JSON;CSV;JSON;CSV;JSON;CSV;JSON;CSV;JSON;CSV;JSON;CSV;JSON;CSV","https://openapi.kcg.gov.tw/Api/Service/Get/963e30ad-e71b-4b9f-a159-011a81be25d1;https://data.kcg.gov.tw/File/DirectDownload/963e30ad-e71b-4b9f-a159-011a81be25d1;https://openapi.kcg.gov.tw/Api/Service/Get/e4eb481b-0b3d-4691-aba9-0a02acc17f15;https://data.kcg.gov.tw/File/DirectDownload/e4eb481b-0b3d-4691-aba9-0a02acc17f15;https://openapi.kcg.gov.tw/Api/Service/Get/6760360e-8c5a-4ffc-8c92-196fe434391d;https://data.kcg.gov.tw/File/DirectDownload/6760360e-8c5a-4ffc-8c92-196fe434391d;https://openapi.kcg.gov.tw/Api/Service/Get/81005f5d-b561-47ae-8b21-1afdded3fd11;https://data.kcg.gov.tw/File/DirectDownload/81005f5d-b561-47ae-8b21-1afdded3fd11;https://openapi.kcg.gov.tw/Api/Service/Get/8eb57580-1804-4c1e-bcb5-22d3f7ae892a;https://data.kcg.gov.tw/File/DirectDownload/8eb57580-1804-4c1e-bcb5-22d3f7ae892a;https://openapi.kcg.gov.tw/Api/Service/Get/6bceabbb-ca6b-425b-82a9-3905f1e32fa1;https://data.kcg.gov.tw/File/DirectDownload/6bceabbb-ca6b-425b-82a9-3905f1e32fa1;https://openapi.kcg.gov.tw/Api/Service/Get/dd7a0994-26ac-4867-9d35-391a1d251ec8;https://data.kcg.gov.tw/File/DirectDownload/dd7a0994-26ac-4867-9d35-391a1d251ec8;https://openapi.kcg.gov.tw/Api/Service/Get/faf6fbc6-762e-4f4b-bdee-3f8bdc5a272f;https://data.kcg.gov.tw/File/DirectDownload/faf6fbc6-762e-4f4b-bdee-3f8bdc5a272f;https://openapi.kcg.gov.tw/Api/Service/Get/b11360f7-2b00-4a5e-aded-47d3d93d975e;https://data.kcg.gov.tw/File/DirectDownload/b11360f7-2b00-4a5e-aded-47d3d93d975e;https://openapi.kcg.gov.tw/Api/Service/Get/f5e967a9-f3a5-47d7-817e-7f6de19a16d5;https://data.kcg.gov.tw/File/DirectDownload/f5e967a9-f3a5-47d7-817e-7f6de19a16d5;https://openapi.kcg.gov.tw/Api/Service/Get/31c6081f-686e-4ee0-88af-a888c5ce60a8;https://data.kcg.gov.tw/File/DirectDownload/31c6081f-686e-4ee0-88af-a888c5ce60a8;https://openapi.kcg.gov.tw/Api/Service/Get/19231b0b-94ef-4ff7-a508-ba94c0118e59;https://data.kcg.gov.tw/File/DirectDownload/19231b0b-94ef-4ff7-a508-ba94c0118e59;https://openapi.kcg.gov.tw/Api/Service/Get/cb44d952-4daf-46fd-9ae3-c3f666a80a8a;https://data.kcg.gov.tw/File/DirectDownload/cb44d952-4daf-46fd-9ae3-c3f666a80a8a;https://openapi.kcg.gov.tw/Api/Service/Get/0b70c908-9027-4b5b-b889-d16fe0abaf0c;https://data.kcg.gov.tw/File/DirectDownload/0b70c908-9027-4b5b-b889-d16fe0abaf0c;https://openapi.kcg.gov.tw/Api/Service/Get/a81c1741-7c91-4261-84fd-ebc1cc15414c;https://data.kcg.gov.tw/File/DirectDownload/a81c1741-7c91-4261-84fd-ebc1cc15414c;https://openapi.kcg.gov.tw/Api/Service/Get/d35dacf8-0039-48f4-9225-efbd1bf180a4;https://data.kcg.gov.tw/File/DirectDownload/d35dacf8-0039-48f4-9225-efbd1bf180a4;https://openapi.kcg.gov.tw/Api/Service/Get/0a777071-53b5-4c05-8523-f61f69d39816;https://data.kcg.gov.tw/File/DirectDownload/0a777071-53b5-4c05-8523-f61f69d39816;https://openapi.kcg.gov.tw/Api/Service/Get/989ec3cc-a84c-4d11-b833-fabfa981ff51;https://data.kcg.gov.tw/File/DirectDownload/989ec3cc-a84c-4d11-b833-fabfa981ff51","UTF-8;UTF-8;UTF-8;UTF-8;UTF-8;UTF-8;UTF-8;UTF-8;UTF-8;UTF-8;UTF-8;UTF-8;UTF-8;UTF-8;UTF-8;UTF-8;UTF-8;UTF-8;UTF-8;UTF-8;UTF-8;UTF-8;UTF-8;UTF-8;UTF-8;UTF-8;UTF-8;UTF-8;UTF-8;UTF-8;UTF-8;UTF-8;UTF-8;UTF-8;UTF-8;UTF-8","系統介接程式","高雄市政府所屬機關及高雄市立高中職以下學校(含部分私立學校、幼兒園)108年度每月公文電子及紙本簽核件數。","Seq;學校名稱;電子簽核件數;紙本簽核件數","高雄市政府行政暨國際處","不定期更新","政府資料開放授權條款-第1版","https://data.kcg.gov.tw/DataSet/Detail/393bf113-8b86-4e2b-8748-db8c904861bd","免費","彭博翰","(07)3368333","2024-11-26 04:57:13","2025-09-24 17:25:05","","1;1;1;1;1;1;1;1;1;1;1;1;1;1;1;1;1;1;1;1;1;1;1;1;1;1;1;1;1;1;1;1;1;1;1;1"
"166374","高雄市仁武區國中小學區劃分","檔案資料","求學及進修","金","JSON;CSV;JSON;CSV","https://openapi.kcg.gov.tw/Api/Service/Get/fbb14784-248d-4204-9c60-67ea8826d0ec;https://data.kcg.gov.tw/File/DirectDownload/fbb14784-248d-4204-9c60-67ea8826d0ec;https://openapi.kcg.gov.tw/Api/Service/Get/f998739a-f3fd-49ca-b3e2-b67d4a9fe7c9;https://data.kcg.gov.tw/File/DirectDownload/f998739a-f3fd-49ca-b3e2-b67d4a9fe7c9","UTF-8;UTF-8;UTF-8;UTF-8","系統介接程式","仁武區國中小學區里別劃分","Seq;校名;行政區;里別","高雄市仁武區公所","不定期更新","政府資料開放授權條款-第1版","https://data.kcg.gov.tw/DataSet/Detail/7c80020c-c068-4884-81f8-bd735191f29a","免費","謝明宏","(07)3368333","2022-07-27 07:07:08","2025-09-24 14:39:04"," ","1;1;1;1"
"166370","高雄市國民小學學區劃分一覽表","檔案資料","求學及進修","金","JSON;CSV;JSON;CSV;JSON;CSV","https://openapi.kcg.gov.tw/Api/Service/Get/8ffaa533-6e53-482d-8935-5f6f3b6106a2;https://data.kcg.gov.tw/File/DirectDownload/8ffaa533-6e53-482d-8935-5f6f3b6106a2;https://openapi.kcg.gov.tw/Api/Service/Get/4621ea8c-3bbc-4026-b5f1-7942a83abfbc;https://data.kcg.gov.tw/File/DirectDownload/4621ea8c-3bbc-4026-b5f1-7942a83abfbc;https://openapi.kcg.gov.tw/Api/Service/Get/4194112b-23e4-4a79-b9f2-bd0ea791d93b;https://data.kcg.gov.tw/File/DirectDownload/4194112b-23e4-4a79-b9f2-bd0ea791d93b","UTF-8;UTF-8;UTF-8;UTF-8;UTF-8;UTF-8","系統介接程式","查詢高雄市國民小學學區劃分一覽表","Seq;學校名稱;行政區","高雄市鳥松區公所","不定期更新","政府資料開放授權條款-第1版","https://data.kcg.gov.tw/DataSet/Detail/9e879512-be1e-49b3-a8d6-be61100c8669","免費","何瑞萍","(07)3368333","2022-08-04 07:47:49","2025-09-24 14:39:04"," ","1;1;1;1;1;1"
"166391","大寮區樂齡學習中心課程","檔案資料","求學及進修","金","JSON;CSV","https://openapi.kcg.gov.tw/Api/Service/Get/fa6cf219-8378-4e43-868c-8d8dfe63d650;https://data.kcg.gov.tw/File/DirectDownload/fa6cf219-8378-4e43-868c-8d8dfe63d650","UTF-8;UTF-8","系統介接程式","大寮區樂齡學習中心4-6月課程","Seq;編號;課程名稱;上課日期時間;上課地點;講師簡介;課程簡介","高雄市大寮區公所","不定期更新","政府資料開放授權條款-第1版","https://data.kcg.gov.tw/DataSet/Detail/7056ea77-8368-48d8-9d36-8ad4938706e7","免費","葉秀貞","(07)3368333","2021-07-28 23:17:22","2025-09-24 14:38:58"," ","1;1"
"166371","高雄市國民中學學區劃分一覽表","檔案資料","求學及進修","金","JSON;CSV;JSON;CSV;JSON;CSV","https://openapi.kcg.gov.tw/Api/Service/Get/726845d0-cd25-4740-a14e-73d3cfb8a69d;https://data.kcg.gov.tw/File/DirectDownload/726845d0-cd25-4740-a14e-73d3cfb8a69d;https://openapi.kcg.gov.tw/Api/Service/Get/e63afc62-52d2-4b9f-bf8a-9628b41241ba;https://data.kcg.gov.tw/File/DirectDownload/e63afc62-52d2-4b9f-bf8a-9628b41241ba;https://openapi.kcg.gov.tw/Api/Service/Get/d2cfbc80-2c6a-4f9e-8827-e1abad91e61d;https://data.kcg.gov.tw/File/DirectDownload/d2cfbc80-2c6a-4f9e-8827-e1abad91e61d","UTF-8;UTF-8;UTF-8;UTF-8;UTF-8;UTF-8","系統介接程式","查詢高雄市國民中學學區劃分一覽表","Seq;學校名稱;行政區","高雄市鳥松區公所","不定期更新","政府資料開放授權條款-第1版","https://data.kcg.gov.tw/DataSet/Detail/76a0f6f7-ab24-403c-8c74-72a04fd3a375","免費","何瑞萍","(07)3368333","2022-08-04 07:44:45","2025-09-24 14:38:52"," ","243;243;1;1;1;1"
"160225","全國立案兒童課後照顧服務中心基本資料","檔案資料","求學及進修","白金","CSV","https://afterschool.moe.gov.tw/public/file/opendata.csv","UTF-8","原始資料","為提升全國各立案兒童課後照顧服務中心之管理，藉由資訊公開加強各兒童課後照顧服務中心之品質，並充分提供民眾（含學生、家長）知的訊息，掌握選擇合法立案之兒童課後照顧服務中心訊息，避免未立案者影響民眾（含學生、家長）權益。","縣市;名稱;電話;地址;立案時間","教育部終身教育司","每6月","政府資料開放授權條款-第1版","https://afterschool.moe.gov.tw/","免費","張小姐","02-77365705","2023-01-03 00:00:00","2025-09-24 14:29:25","","787"
"130013","臺南市私立幼兒園","檔案資料","求學及進修","白金","JSON;CSV;JSON;CSV","https://soa.tainan.gov.tw/Api/Service/Get/4c872455-255d-4c08-b14e-a9b336da4281;https://data.tainan.gov.tw/File/ResourceCsvDownload/4c872455-255d-4c08-b14e-a9b336da4281;https://soa.tainan.gov.tw/Api/Service/Get/17d7dd6a-ce68-48dc-95bb-fb9a3c1cca5a;https://data.tainan.gov.tw/File/ResourceCsvDownload/17d7dd6a-ce68-48dc-95bb-fb9a3c1cca5a","UTF-8;UTF-8;UTF-8;UTF-8","系統介接程式","區別、幼兒園名稱、核准設立日期、設立許可文號、幼兒園電話、幼兒園住址、核定總招收人數","Seq(Seq);﻿區別(﻿區別);幼兒園名稱(幼兒園名稱);核准設立日期(核准設立日期);設立許可文號(設立許可文號);幼兒園電話(幼兒園電話);分機(分機);幼兒園住址(幼兒園住址);核定總招收人數(核定總招收人數)","臺南市政府教育局","不定期更新","政府資料開放授權條款-第1版","https://data.tainan.gov.tw/DataSet/Detail/5b75090f-2c7a-438d-99ab-9f54ed0061c8","免費","辛龍香","(06)2991111","2020-09-10 03:38:04","2025-09-21 08:39:54","","0;0;1;1"
"53542","臺南市公立幼兒園","檔案資料","求學及進修","白金","JSON;CSV;JSON;CSV","https://soa.tainan.gov.tw/Api/Service/Get/51079231-5b33-45b1-b69f-b7c12f76f6c6;https://data.tainan.gov.tw/File/ResourceCsvDownload/51079231-5b33-45b1-b69f-b7c12f76f6c6;https://soa.tainan.gov.tw/Api/Service/Get/555dddca-bf5a-4a54-9aac-c8e3a0711ad7;https://data.tainan.gov.tw/File/ResourceCsvDownload/555dddca-bf5a-4a54-9aac-c8e3a0711ad7","UTF-8;UTF-8;UTF-8;UTF-8","系統介接程式","提供臺南市公立幼兒園資料

","行政區代碼;區別;幼兒園名稱;核准設立日期;設立許可文號;幼兒園電話;分機;幼兒園住址;核定總招收人數","臺南市政府教育局","不定期更新","政府資料開放授權條款-第1版","https://data.tainan.gov.tw/DataSet/Detail/1311cc72-8bbf-45d0-ad00-7b43ea1957a1","免費","辛龍香","(06)2991111","2016-05-12 07:49:39","2025-09-20 18:38:21","","1;1;0;0"
"45717","大學校院課程清單","檔案資料","求學及進修","金","CSV;CSV","https://ws.moe.edu.tw/001/Upload/4/relfile/0/5049/79ed76b5-adc9-4607-86ba-89ab8a355a19.csv;https://ws.moe.edu.tw/001/Upload/4/relfile/0/5050/440b5fc5-1258-4e9d-a05d-19d901571cb0.csv","UTF-8;UTF-8","原始資料","求學及進修: 係指各種學習、教育等相關資料集","開課年度;開課學期;校名;課程名稱;系所名稱;年級;開課老師;學分數;學制;必選修;總修課人數","教育部高等教育司","不定期更新","政府資料開放授權條款-第1版","","免費","賴小姐","0277365914","2017-05-24 00:00:00","2025-09-18 10:51:35","授權說明網址: http://data.gov.tw/license","144713;139439"
"18742","大學校院英語課程開設情形","檔案資料","求學及進修","金","CSV","https://ws.moe.edu.tw/001/Upload/4/relfile/0/5042/c7b8c3a5-cd9f-4063-91b2-d21afbf18dc3.csv","UTF-8","原始資料","依據大學校院課程資源網資料提供，內容為108學年度大學校院英語課程開設情形","開課年度;開課學期名稱;校名;課程名稱;系所名稱;學分數;總修課人數","教育部高等教育司","不定期更新","政府資料開放授權條款-第1版","","免費","陳小姐","02-77366156","2015-08-05 00:00:00","2025-09-18 10:29:58","授權說明網址: http://data.gov.tw/license","18860"
"24728","大專校院弱勢學生助學計畫助學金學生數","檔案資料","求學及進修","金","CSV","https://ws.moe.edu.tw/001/Upload/4/relfile/0/4739/baff62ef-72c1-40e3-8584-ea38604e4711.csv","UTF-8","原始資料","1.提供大專校院弱勢學生助學計畫受惠學生人數。
2.與大專校院校務資訊公開平臺之「校10.獲弱勢學生助學計畫補助之受惠學生人數及其比率-以『校』統計」資料來源相同。","學年度;設立別;學校類別;學校統計處代碼;學校名稱;在學學生數-小計;在學學生數-男;在學學生數-女;獲弱勢學生助學計畫補助之受惠學生人數-小計;獲弱勢學生助學計畫補助之受惠學生人數-男;獲弱勢學生助學計畫補助之受惠學生人數-女;每千名學生獲弱勢學生助學計畫補助之受惠學生人數比率(%)","教育部高等教育司","不定期更新","政府資料開放授權條款-第1版","https://udb.moe.edu.tw/DetailReportList/%E6%A0%A1%E5%8B%99%E9%A1%9E/SirdAssistancesForStudent/Index","免費","吳先生","02-77365877","2015-11-23 00:00:00","2025-09-17 17:25:32","更新頻率說明: 每年10月
授權說明網址: http://data.gov.tw/license","467"
"15752","技專校院英語課程開設情形","檔案資料","求學及進修","金","CSV","https://ws.moe.edu.tw/001/Upload/5/relfile/6478/60849/6612e25b-ddba-4c3f-956e-cbf9f757299f.csv","UTF-8","原始資料","提供112學年度技專校院英語課程開設情形","開課年度;校名;課程名稱;科系;學分數;總修課人數","教育部技術及職業教育司","不定期更新","政府資料開放授權條款-第1版","https://www.edu.tw/","免費","黃小姐","02-77365863","2015-06-04 00:00:00","2025-09-17 14:25:45","授權說明網址: http://data.gov.tw/license","998"
"15758","技專校院遠距課程開設情形","檔案資料","求學及進修","金","CSV","https://ws.moe.edu.tw/001/Upload/5/relfile/6478/97559/df4292ee-7c01-40fc-8452-bae617a334d6.csv","UTF-8","原始資料","提供112學年度技專校院遠距課程開設情形","開課年度;校名;課程名稱;科系;學分數;總修課人數","教育部技術及職業教育司","不定期更新","政府資料開放授權條款-第1版","","免費","黃小姐","02-77365863","2015-06-04 00:00:00","2025-09-17 14:24:06","授權說明網址: http://data.gov.tw/license","998"
"31630","技專校院課程資源網","檔案資料","求學及進修","金","CSV","https://ws.moe.edu.tw/001/Upload/5/relfile/7831/67004/bc170ba7-084a-486e-8b0e-44579283022c.csv","UTF-8","原始資料","蒐集技專校院開課情形，達到課程資源分享目的，以學年度提供。","系統序號;建立時間;開課時程;開課年度;開課學期;開課學期名稱;級別名;級別碼;校制碼;校碼;校名;英文校名;郵遞區號;課程名稱;英文課程名稱;科系;科系英文名稱;學程;組別;年級;班級;開課老師;學分數;每週開課時數;每週實習時數;課程摘要;課程大綱;課程連結;備註;填表人;男學生修課人數;女學生修課人數;授課語言1;授課語言2;證照1;證照2;部別;學制學程;部校訂;半全年;科目類別;教學型態;必選修;必選修學分;師資來源;跨校選修;專兼任;教師分類;聘書職級;系科屬性;國外合作遠距課程;全英語學程;總修課人數","教育部技術及職業教育司","不定期更新","政府資料開放授權條款-第1版","","免費","黃小姐","02-77365863","2016-05-31 00:00:00","2025-09-17 14:20:24","授權說明網址: http://data.gov.tw/license   ","1000"
"128732","第二期(109-111年度)大學社會責任實踐計畫核定計畫公告","檔案資料","求學及進修","白金","CSV;CSV","https://ws.moe.edu.tw/001/Upload/5/relfile/6478/85760/348a793b-bfca-4cc1-a142-42a83ec6bb0b.csv;https://usr.moe.gov.tw/upload/NewFile/%E7%AC%AC%E4%BA%8C%E6%9C%9F%E5%A4%A7%E5%AD%B8%E7%A4%BE%E6%9C%83%E8%B2%AC%E4%BB%BB%E5%AF%A6%E8%B8%90%E8%A8%88%E7%95%AB%E9%80%9A%E9%81%8E%E8%A8%88%E7%95%AB%E5%85%AC%E5%91%8A%E6%B8%85%E5%96%AE-%E6%8A%80%E5%B0%88%E6%A0%A1%E9%99%A2.csv","UTF-8;UTF-8","原始資料","提供第二期(109-111年)大學社會責任實踐計畫核定計畫公告，此計畫旨在推動各大專校院將社會責任融入校務治理規劃，提出實踐社會責任之具體策略，鼓勵師生將所學貢獻在地與國際社會","序號;分區;學校;計畫類型;計畫名稱","教育部技術及職業教育司","不定期更新","政府資料開放授權條款-第1版","http://usr.moe.gov.tw/plan.php","免費","楊小姐","02-77365857","2020-07-27 00:00:00","2025-09-17 14:12:39","教育部大學社會責任推動中心網站","95;105"
"15948","社區大學獎補助年度統計","檔案資料","求學及進修","白金","ODS","https://ws.moe.edu.tw/001/Upload/6/relfile/7856/101981/c004222e-24e1-46e8-aaa4-f2bdd1c70e60.ods","其他","原始資料","106-114社區大學獎補助年度統計","民國年;縣市別代碼;縣市別;補助經費;獎勵經費;合計","教育部終身教育司","不定期更新","政府資料開放授權條款-第1版","https://cc.moe.edu.tw/open_data","免費","林小姐","0277365676","2015-06-17 00:00:00","2025-09-17 08:45:14","授權說明網址: http://data.gov.tw/license","190"
"7019","海外青年臺灣觀摩團人數統計－按僑居地別分","檔案資料","求學及進修","無(白名單)","CSV","https://oas.ocac.gov.tw/OCAC_openDATA/API/CSV_EXPORT?TableID=A0007019","UTF-8","原始資料","本會為增進海外青年對中華民國發展現況及臺灣多元文化之瞭解，並促進海內外青年互動交流，於返回僑居地後，成為僑社新生力量，增進中華民國與當地國之交流聯繫，每年積極辦理海外青年臺灣觀摩團；本資料集內容包括歷年各僑居地海外青年來臺觀摩人數。","年度;馬來西亞_亞洲;印尼_亞洲;菲律賓_亞洲;泰國_亞洲;日本_亞洲;汶萊_亞洲;韓國_亞洲;新加坡_亞洲;沙烏地阿拉伯_亞洲;科威特_亞洲;越南_亞洲;印度_亞洲;約旦_亞洲;巴西_美洲;加拿大_美洲;巴拿馬_美洲;巴拉圭_美洲;阿根廷_美洲;哥斯大黎加_美洲;波利維亞_美洲;薩爾瓦多_美洲;瓜地馬拉_美洲;美國_美洲;智利_美洲;烏拉圭_美洲;荷蘭_歐洲;法國_歐洲;德國_歐洲;英國_歐洲;義大利_歐洲;奧地利_歐洲;瑞典_歐洲;挪威_歐洲;瑞士_歐洲;比利時_歐洲;盧森堡_歐洲;西班牙_歐洲;斯洛維尼亞_歐洲;斯洛伐克_歐洲;土耳其_歐洲;澳大利亞_大洋洲;紐西蘭_大洋洲;馬紹爾群島_大洋洲;象牙海岸_非洲;模里西斯_非洲;留尼旺_非洲;南非_非洲;賴索托_非洲;史瓦濟蘭_非洲","僑務委員會","每1年","政府資料開放授權條款-第1版","","免費","古小姐","02-23272697","2013-12-09 00:00:00","2025-09-15 11:12:48","授權說明網址: http://data.gov.tw/license","21"
"31649","補助國內大學院校選送學生從事華語文教學實習名單","檔案資料","求學及進修","白金","CSV","https://www.ocac.gov.tw/OCAC/File/Attach/234785/File_53060.csv","UTF-8","原始資料","本資料集主要內容包括100至105年補助國內大學院校選送學生赴海外僑校從事華語文教學實習之人數。該項業務業於106年結束，未來資料不再更新。","核准年度;地區;實習僑校;僑校地址;E-mail;僑校電話;僑校傳真;申請學校;實習科別;實習學生","僑務委員會","不定期更新","政府資料開放授權條款-第1版","","免費","歐陽先生","0223272660","2016-05-27 00:00:00","2025-09-12 09:20:30","授權說明網址: http://data.gov.tw/license","50"
"52280","歷年海外青年臺灣觀摩團人數統計－按性別分","檔案資料","求學及進修","白金","CSV","https://oas.ocac.gov.tw/OCAC_openDATA/API/CSV_EXPORT?TableID=A0052280","UTF-8","原始資料","本資料集內容包含歷年海外青年臺灣觀摩團人數(按性別分)統計。","年度;參加人數;男性人數;女性人數","僑務委員會","每1年","政府資料開放授權條款-第1版","","免費","古小姐","02-23272697","2017-08-22 00:00:00","2025-09-08 14:20:02","","21"
"9741","受理捐贈僑生獎助學金核發情形-按年別分","檔案資料","求學及進修","無(白名單)","CSV","https://oas.ocac.gov.tw/OCAC_openDATA/API/CSV_EXPORT?TableID=A0009741","UTF-8","原始資料","'	
本會受理僑民團體、熱心僑胞及社會人士捐贈獎助學金，以作育優秀之在學僑生，計有100多項基金，每年核發獎助學金金額從新臺幣5千元至2萬5,000餘元不等；本資料集係歷年僑生獲得獎助之人數。","年別;核發人數;核發總金額","僑務委員會","每1年","政府資料開放授權條款-第1版","","免費","林先生","02-23272818","2014-12-15 00:00:00","2025-09-05 15:49:07","授權說明網址: http://data.gov.tw/license","17"
"174774","雲林縣政府114年度青年社團發展補助計畫補助名單(按月份分-8月)","檔案資料","求學及進修","白金","XLSX;CSV;XML;JSON","https://ws.yunlin.gov.tw/001/Upload/539/opendata/0/2264/3ee2cf07-3ff8-405b-b592-e5938b90cb65.xlsx;https://ws.yunlin.gov.tw/001/Upload/539/opendata/0/2264/3ee2cf07-3ff8-405b-b592-e5938b90cb65.csv;https://ws.yunlin.gov.tw/001/Upload/539/opendata/0/2264/3ee2cf07-3ff8-405b-b592-e5938b90cb65.xml;https://ws.yunlin.gov.tw/001/Upload/539/opendata/0/2264/3ee2cf07-3ff8-405b-b592-e5938b90cb65.json","UTF-8;UTF-8;UTF-8;UTF-8","系統介接程式","114年度青年社團發展補助計畫補助名單(按月份分-8月)","計畫編號;申請單位;申請補助項目;計畫總經費;自籌經費;申請補助經費;核准補助經費;核銷經費","雲林縣政府勞工處","每1月","政府資料開放授權條款-第1版","","免費","蔡小姐","05-5523622","2025-09-01 00:00:00","2025-09-03 08:46:32","","0;0;0;0"
"53571","臺南市公共圖書館讀書會辦理情形","檔案資料","求學及進修","白金","JSON;CSV;JSON;CSV;JSON;CSV;JSON;CSV;JSON;CSV;JSON;CSV","https://soa.tainan.gov.tw/Api/Service/Get/3c77e869-8bdf-47ce-8942-3bc50b755684;https://data.tainan.gov.tw/File/ResourceCsvDownload/3c77e869-8bdf-47ce-8942-3bc50b755684;https://soa.tainan.gov.tw/Api/Service/Get/2ed8c995-9e1c-4e95-84b5-49b15c93b4ba;https://data.tainan.gov.tw/File/ResourceCsvDownload/2ed8c995-9e1c-4e95-84b5-49b15c93b4ba;https://soa.tainan.gov.tw/Api/Service/Get/82545979-116f-44e1-8d6d-78aad5e9b173;https://data.tainan.gov.tw/File/ResourceCsvDownload/82545979-116f-44e1-8d6d-78aad5e9b173;https://soa.tainan.gov.tw/Api/Service/Get/5e0a83df-56bd-47ba-9581-a03dcd389284;https://data.tainan.gov.tw/File/ResourceCsvDownload/5e0a83df-56bd-47ba-9581-a03dcd389284;https://soa.tainan.gov.tw/Api/Service/Get/adce3fbc-52d5-4765-bfa2-c7bed67e51ee;https://data.tainan.gov.tw/File/ResourceCsvDownload/adce3fbc-52d5-4765-bfa2-c7bed67e51ee;https://soa.tainan.gov.tw/Api/Service/Get/c1208331-96f0-4d31-b852-f075237a24ec;https://data.tainan.gov.tw/File/ResourceCsvDownload/c1208331-96f0-4d31-b852-f075237a24ec","UTF-8;UTF-8;UTF-8;UTF-8;UTF-8;UTF-8;UTF-8;UTF-8;UTF-8;UTF-8;UTF-8;UTF-8","系統介接程式","臺南市公共圖書館讀書會辦理情形資料，109~111年因疫情關係並無辦理讀書會。","序號(序號);行政區代碼(行政區代碼);﻿館名(﻿館名);讀書會名稱(讀書會名稱);活動日期及時間(活動日期及時間);辦理單位(辦理單位);活動地點(活動地點);參與對象(參與對象);讀書主題(讀書主題);聯絡對口電話(聯絡對口電話)","臺南市政府文化局","每年","政府資料開放授權條款-第1版","https://data.tainan.gov.tw/DataSet/Detail/6686be94-d267-44b5-bc90-711844c17c56","免費","洪鈺宗","(06)2991111","2016-02-19 01:44:12","2025-08-28 17:06:25","OAS標準之API說明文件：https://opengov.tainan.gov.tw/OD/api/doc/od1 Swagger 產生API說明頁面網址：https://petstore.swagger.io/","0;0;1;1;0;0;1;1;0;0;0;0"
"48211","歷年補助清寒在學僑生參加全民健康保險人次","檔案資料","求學及進修","白金","CSV","https://oas.ocac.gov.tw/OCAC_openDATA/API/CSV_EXPORT?TableID=A0048211","UTF-8","原始資料","本資料集內容包含本會歷年補助清寒在學僑生參加全民健康保險人次及金額。","民國年;每年補助人次;金額(千元)","僑務委員會","每1年","政府資料開放授權條款-第1版","","免費","林先生","02-23272818","2017-07-17 00:00:00","2025-08-28 16:14:07","授權說明網址: http://data.gov.tw/license","11"
"46786","印尼僑生來臺升學輔導訓練班錄取分發大學校院人數","檔案資料","求學及進修","白金","CSV","https://oas.ocac.gov.tw/OCAC_openDATA/API/CSV_EXPORT?TableID=A0046786","UTF-8","原始資料","本資料集內容包含歷年印尼僑生錄取分發大學校院人數。","學年度;類組;公立學校;私立學校;師大僑先部","僑務委員會","不定期更新","政府資料開放授權條款-第1版","","免費","潘先生","0223272642","2017-07-03 00:00:00","2025-08-26 16:12:24","授權說明網址: http://data.gov.tw/license","27"
"173250","AIGO自製線上課程清單","檔案資料","求學及進修","白金","CSV","https://www-api.moda.gov.tw/OpenData/Files/15334","UTF-8","原始資料","為補足未來AI人才缺口、提升新世代數位人才的競爭力，規劃AI 教育向下扎根，培養在學高中職生習得AI知識及應用體驗，並激發學習興趣，規劃AI入門線上課程。","年度;合作單位;課程名稱;時數;網址;備註","數位發展部數位產業署","不定期更新","政府資料開放授權條款-第1版","","免費","郭俊祥","02-23808342","2025-04-07 00:00:00","2025-08-26 10:49:17","","7"
"137156","國防大學申請國科會研究計畫清單","檔案資料","求學及進修","白金","CSV","https://www.mnd.gov.tw/NewUpload/202106/國防大學申請國科會研究計畫清單_124831.csv","UTF-8","原始資料","依國科會研究計畫作業要點，執行科學技術研究以提升我國科技研發水準之目標，提供本校歷年申請研究計畫清單資訊(單位系所、計畫主持人、計畫名稱)","SeqNo;IssueNumber;Date;Units;ProjectName;Update;URL","國防大學","不定期更新","政府資料開放授權條款-第1版","","免費","沈先生","03-3801110#303464","2021-02-20 00:00:00","2025-08-25 19:53:36","OAS標準之API文件:https://www.mnd.gov.tw/api/swagger/ui/index#/222833845022823234163000335531222833118526371307403135035336300592816521934","3"
"137177","國防大學德行考核","檔案資料","求學及進修","白金","CSV","https://www.mnd.gov.tw/NewUpload/202012/國防大學德行考核_022884.csv","UTF-8","原始資料","提供學員生在校期間對國家忠誠、品德、才能、生活及人格特質等具體言行表現，實施評鑑考核，做為輔導教育及留優汰劣之依據","SeqNo;Date;DataName;IssueNumber;Units;Update;URL","國防大學","不定期更新","政府資料開放授權條款-第1版","","免費","黃先生","03-3801110#303215","2021-02-25 00:00:00","2025-08-25 19:10:59","OAS標準之API文件:https://www.mnd.gov.tw/api/swagger/ui/index#/2228338450228232341624503348923277126680","2"
"137164","國防大學社團活動","檔案資料","求學及進修","白金","CSV","https://www.mnd.gov.tw/NewUpload/202102/國防大學社團活動_524106.csv","UTF-8","原始資料","提供社團活動宗旨、願景、運作目標及人數統計","SeqNo;Date;DataName;Summary;Units;Update;URL","國防大學","每1年","政府資料開放授權條款-第1版","","免費","林先生","03-3801110#303224","2021-02-25 00:00:00","2025-08-25 19:02:36","OAS標準之API文件:https://www.mnd.gov.tw/api/swagger/ui/index#/2228338450228232341631038222962796321205","5"
"137163","國防大學申訴評議","檔案資料","求學及進修","白金","CSV","https://www.mnd.gov.tw/NewUpload/202104/國防大學申訴評議_024101.csv","UTF-8","原始資料","提供學生（含研究生）申訴管道及處理申訴案件","SeqNo;Date;DataName;Summary;Units;Update;URL","國防大學","不定期更新","政府資料開放授權條款-第1版","","免費","黃先生","03-3801110#303215","2021-02-25 00:00:00","2025-08-25 18:59:00","OAS標準之API文件:https://www.mnd.gov.tw/api/swagger/ui/index#/2228338450228232341630003353803541335696","4"
"137162","國防大學生活須知","檔案資料","求學及進修","白金","CSV","https://www.mnd.gov.tw/NewUpload/202102/國防大學生活須知_472168.csv","UTF-8","原始資料","提供學員生在校生活相關須知","SeqNo;Date;DataName;Summary;Units;Update;URL","國防大學","不定期更新","政府資料開放授權條款-第1版","","免費","黃先生","03-3801110#303215","2021-02-25 00:00:00","2025-08-25 18:56:33","OAS標準之API文件:https://www.mnd.gov.tw/api/swagger/ui/index#/2228338450228232341629983279633892030693","2"
"137160","國防大學入學須知","檔案資料","求學及進修","白金","CSV","https://www.mnd.gov.tw/NewUpload/202102/國防大學入學須知_442592.csv","UTF-8","原始資料","提供學員生入學相關須知","SeqNo;Date;DataName;Summary;Units;Update;URL","國防大學","不定期更新","政府資料開放授權條款-第1版","","免費","黃先生","03-3801110#303215","2021-02-26 00:00:00","2025-08-25 18:50:43","OAS標準之API文件:https://www.mnd.gov.tw/api/swagger/ui/index#/2228338450228232341620837234163892030693","2"
"6484","清寒僑生工讀補助人次-按年度別分","檔案資料","求學及進修","無(白名單)","CSV","https://oas.ocac.gov.tw/OCAC_openDATA/API/CSV_EXPORT?TableID=A0006484","UTF-8","原始資料","本會為協助在臺就學經濟困難之清寒僑生，特訂定「僑務委員會補助僑生工讀金要點」設置「清寒僑生工讀金」，提供清寒僑生在校工讀機會，以扶助其在臺生活，使其安心向學；本資料集內容包括歷年本會補助依「僑生回國就學及輔導辦法」來臺就讀高級中等以上學校之在學僑生(以清寒僑生為優先)工讀人次資料。","年度;合計;上半年;下半年","僑務委員會","每1年","政府資料開放授權條款-第1版","","免費","羅小姐","02-23272815","2013-10-25 00:00:00","2025-08-25 09:35:29","授權說明網址: http://data.gov.tw/license","18"
"52279","僑生春節祭祖暨師生聯歡餐會辦理情形","檔案資料","求學及進修","白金","CSV","https://oas.ocac.gov.tw/OCAC_openDATA/API/CSV_EXPORT?TableID=A0052279","UTF-8","原始資料","本資料集內容包含歷年辦理學校數及總參與人數。","民國年;辦理學校數;總參與人數","僑務委員會","每1年","政府資料開放授權條款-第1版","","免費","羅小姐","02-23272815","2017-08-22 00:00:00","2025-08-25 09:29:04","","12"
"173136","苗栗縣各鄉鎮市圖書館聯絡資訊","檔案資料","求學及進修","銀","CSV","https://webws.miaoli.gov.tw/Download.ashx?u=LzAwMS9VcGxvYWQvb3BlbmRhdGEvMTgxMS83Y2U2NjQwNi1jZjAyLTQyMjEtYmU4YS04YWE3ODgyYzRiNWEuY3N2&n=54K66IuX5qCX57ij5ZCE6YSJ6Y6u5biC5ZyW5pu46aSo5Zyw5Z2A44CB6IGv57Wh6Zu76Kmx44CB6ZaL5LyR6aSo5pmC6ZaT562J5o%2bQ5L6b5rCR6ZaT6ZyA6KaB6ICF5Y%2bD6ICD5L2%2f55SoLmNzdg%3d%3d&icon=.csv","UTF-8","系統介接程式","為苗栗縣各鄉鎮市圖書館地址、聯絡電話、開/休館時間等提供民間需要者參考使用","序號;館名;地址;電話;開館時間;休館日","教育處","不定期更新","政府資料開放授權條款-第1版","https://lib.miaoli.gov.tw/wSite/mp","免費","丁 小姐","037-338227","2025-03-20 00:00:00","2025-08-25 09:03:38","","1"
"173129","苗栗縣113年度公共圖書館全縣各館借閱人次、冊數統計","檔案資料","求學及進修","金","CSV","https://webws.miaoli.gov.tw/Download.ashx?u=LzAwMS9VcGxvYWQvb3BlbmRhdGEvMTgyNi9iOTliMWNlOC1hNTY5LTQxYTItODM2MS1mYTc0YzBhN2U2ZWYuY3N2&n=6IuX5qCX57ijMTEz5bm05bqm5YWs5YWx5ZyW5pu46aSo5YWo57ij5ZCE6aSo5YCf6Zax5Lq65qyh44CB5YaK5pW457Wx6KiILmNzdg%3d%3d&icon=.csv","UTF-8","系統介接程式","苗栗縣全縣公共圖書館借閱書籍人次及冊數統計量供所需民眾參考利用","序號;圖書館名稱;年度;年度借閱人次;年度借閱冊數","教育處","不定期更新","政府資料開放授權條款-第1版","","免費","丁 小姐","037-338227","2025-03-20 00:00:00","2025-08-25 08:59:10","","1"
"139052","臺南市公共圖書館館藏數量統計","檔案資料","求學及進修","白金","JSON;CSV;JSON;CSV;JSON;CSV;JSON;CSV;JSON;CSV","https://soa.tainan.gov.tw/Api/Service/Get/f702b173-a8c9-4e7d-ad5e-4185da3602a6;https://data.tainan.gov.tw/File/ResourceCsvDownload/f702b173-a8c9-4e7d-ad5e-4185da3602a6;https://soa.tainan.gov.tw/Api/Service/Get/f1f3bbd3-fb9f-4459-a55c-815e7a66afdd;https://data.tainan.gov.tw/File/ResourceCsvDownload/f1f3bbd3-fb9f-4459-a55c-815e7a66afdd;https://soa.tainan.gov.tw/Api/Service/Get/32917b91-e8e5-47a4-b75b-c3de1c6514e5;https://data.tainan.gov.tw/File/ResourceCsvDownload/32917b91-e8e5-47a4-b75b-c3de1c6514e5;https://soa.tainan.gov.tw/Api/Service/Get/57fefee1-a5c5-46f2-8d5c-e4f4a71547fe;https://data.tainan.gov.tw/File/ResourceCsvDownload/57fefee1-a5c5-46f2-8d5c-e4f4a71547fe;https://soa.tainan.gov.tw/Api/Service/Get/06536666-a3aa-403d-b2c6-ea1720f874a8;https://data.tainan.gov.tw/File/ResourceCsvDownload/06536666-a3aa-403d-b2c6-ea1720f874a8","UTF-8;UTF-8;UTF-8;UTF-8;UTF-8;UTF-8;UTF-8;UTF-8;UTF-8;UTF-8","系統介接程式","提供臺南市公共圖書館館藏數量統計   ","館別(館別);圖書資料[統計](圖書資料[統計]);非書資料[統計](非書資料[統計]);期刊[統計](期刊[統計]);報紙[統計](報紙[統計]);電子書[統計](電子書[統計]);電子期刊[統計](電子期刊[統計])","臺南市政府文化局","每年","政府資料開放授權條款-第1版","https://data.tainan.gov.tw/DataSet/Detail/80b958cc-682b-47ff-8cf9-1c140e6ef26b","免費","洪鈺宗","(06)2991111","2021-04-13 03:22:05","2025-08-24 16:42:37","","0;0;0;0;0;0;1;1;1;1"
"174454","新竹市114學年度國小普通班班級數及學生人數","檔案資料","求學及進修","白金","XLSX;CSV;XML;JSON","https://odws.hccg.gov.tw/001/Upload/25/opendataback/9059/1875/bef738d1-8fdc-423b-9771-8c530f5de6df.xlsx;https://odws.hccg.gov.tw/001/Upload/25/opendataback/9059/1875/bef738d1-8fdc-423b-9771-8c530f5de6df.csv;https://odws.hccg.gov.tw/001/Upload/25/opendataback/9059/1875/bef738d1-8fdc-423b-9771-8c530f5de6df.xml;https://odws.hccg.gov.tw/001/Upload/25/opendataback/9059/1875/bef738d1-8fdc-423b-9771-8c530f5de6df.json","UTF-8;UTF-8;UTF-8;UTF-8","系統介接程式","新竹市114學年度國小普通班班級數及學生人數表","學年度;學校校名;班級數;一年級學生數;一年級班級數;二年級學生數;二年級班級數;三年級學生數;三年級班級數;四年級學生數;四年級班級數;五年級學生數;五年級班級數;六年級學生數;六年級班級數;下學年度一年級預估學生數;下學年度一年級預估班級數","教育處","每年","政府資料開放授權條款-第1版","","免費","哈嘉琪|","03-5225161#274","2025-08-11 00:00:00","2025-08-22 13:51:35","","0;0;0;0"
"37878","臺灣華文電子書庫書目資料","檔案資料","求學及進修","金","CSV","https://taiwanebook.ncl.edu.tw/digitcenter/TEBOpen.csv","UTF-8","原始資料","公共資訊: 係指各種財政統計報表、政策新聞、資訊服務、法律等相關資料集","SysID;ISBN;RegNo;MainTitle;SubTitle;Creator;Publisher;PublishPlace;PublishDate;Source","國家圖書館","不定期更新","政府資料開放授權條款-第1版","","免費","洪先生","02-23619132#629","2016-11-07 00:00:00","2025-08-21 17:11:55","授權說明網址: https://data.gov.tw/license","926"
"142945","臺南市國民中學圖書室(館)統計","檔案資料","求學及進修","白金","JSON;CSV;JSON;CSV","https://soa.tainan.gov.tw/Api/Service/Get/e6beeca3-c0ed-4cb2-a4d3-6a359f4a0502;https://data.tainan.gov.tw/File/ResourceCsvDownload/e6beeca3-c0ed-4cb2-a4d3-6a359f4a0502;https://soa.tainan.gov.tw/Api/Service/Get/8f31f841-23dc-4394-8662-ba17dd83af96;https://data.tainan.gov.tw/File/ResourceCsvDownload/8f31f841-23dc-4394-8662-ba17dd83af96","UTF-8;UTF-8;UTF-8;UTF-8","系統介接程式","提供臺南市國民中學圖書室館統計","類別(類別);總計(總計);國立[統計](國立[統計]);市立[統計](市立[統計]);私立[統計](私立[統計])","臺南市政府教育局","不定期更新","政府資料開放授權條款-第1版","https://data.tainan.gov.tw/DataSet/Detail/a39bfd00-b3d4-4807-afdc-d3d162553466","免費","辛龍香","(06)2991111","2021-06-26 08:17:31","2025-08-20 15:42:15","","1;1;0;0"
"142955","臺南市國民中學教師主要任教領域統計","檔案資料","求學及進修","白金","JSON;CSV;JSON;CSV","https://soa.tainan.gov.tw/Api/Service/Get/00a0e9ba-a3ce-416c-889a-0409978b4516;https://data.tainan.gov.tw/File/ResourceCsvDownload/00a0e9ba-a3ce-416c-889a-0409978b4516;https://soa.tainan.gov.tw/Api/Service/Get/914059b5-8b73-4977-b262-f73ac31c2241;https://data.tainan.gov.tw/File/ResourceCsvDownload/914059b5-8b73-4977-b262-f73ac31c2241","UTF-8;UTF-8;UTF-8;UTF-8","系統介接程式","提供臺南市國民中學教師主要任教領域統計","id(id);公私立別(公私立別);性別(性別);總計(總計);國語文[統計](國語文[統計]);英語[統計](英語[統計]);數學[統計](數學[統計]);特殊教育[統計](特殊教育[統計]);健康教育[統計](健康教育[統計]);體育[統計](體育[統計]);歷史[統計](歷史[統計]);地理[統計](地理[統計]);公民[統計](公民[統計]);美術[統計](美術[統計]);音樂[統計](音樂[統計]);表演藝術[統計](表演藝術[統計]);生物[統計](生物[統計]);理化[統計](理化[統計]);地球科學[統計](地球科學[統計]);資訊科技[統計](資訊科技[統計]);生活科技[統計](生活科技[統計]);家政[統計](家政[統計]);童軍[統計](童軍[統計]);輔導[統計](輔導[統計]);專任輔導教師[統計](專任輔導教師[統計]);其他[統計](其他[統計]);無[統計](無[統計])","臺南市政府教育局","不定期更新","政府資料開放授權條款-第1版","https://data.tainan.gov.tw/DataSet/Detail/e4b3aefb-26e3-43ee-89f1-79a906d5beff","免費","辛龍香","(06)2991111","2021-06-26 06:27:33","2025-08-20 15:40:02","","1;1;0;0"
"142944","臺南市國民小學圖書室(館)統計","檔案資料","求學及進修","白金","JSON;CSV;JSON;CSV","https://soa.tainan.gov.tw/Api/Service/Get/a4568d70-12fc-43d4-b7c4-b94b5aa3d27d;https://data.tainan.gov.tw/File/ResourceCsvDownload/a4568d70-12fc-43d4-b7c4-b94b5aa3d27d;https://soa.tainan.gov.tw/Api/Service/Get/80c5b308-df2f-4a69-affe-ced7462de27a;https://data.tainan.gov.tw/File/ResourceCsvDownload/80c5b308-df2f-4a69-affe-ced7462de27a","UTF-8;UTF-8;UTF-8;UTF-8","系統介接程式","提供臺南市國民小學圖書室(館)統計","種類(種類);國小[統計](國小[統計])","臺南市政府教育局","不定期更新","政府資料開放授權條款-第1版","https://data.tainan.gov.tw/DataSet/Detail/ef7e692a-808c-47aa-9a70-cba0d68e56a9","免費","辛龍香","(06)2991111","2021-06-26 08:22:08","2025-08-20 15:22:02","","0;0;1;1"
"142954","臺南市國民小學教師主要任教領域統計","檔案資料","求學及進修","白金","JSON;CSV;JSON;CSV","https://soa.tainan.gov.tw/Api/Service/Get/535479cb-be92-4363-8285-6962c1d361e3;https://data.tainan.gov.tw/File/ResourceCsvDownload/535479cb-be92-4363-8285-6962c1d361e3;https://soa.tainan.gov.tw/Api/Service/Get/d90fec14-e4ae-4dc4-8f75-f0532e003fd2;https://data.tainan.gov.tw/File/ResourceCsvDownload/d90fec14-e4ae-4dc4-8f75-f0532e003fd2","UTF-8;UTF-8;UTF-8;UTF-8","系統介接程式","提供臺南市國民小學教師主要任教領域統計","id(id);公私立別(公私立別);性別(性別);總計(總計);級任老師[不含特教]統計(級任老師[不含特教]統計);國語文[統計](國語文[統計]);英語[統計](英語[統計]);數學[統計](數學[統計]);特殊教育[統計](特殊教育[統計]);本土語言/新住民語文[統計](本土語言/新住民語文[統計]);健康與體育[統計](健康與體育[統計]);社會[統計](社會[統計]);藝術與人文[統計](藝術與人文[統計]);自然與生活科技[統計](自然與生活科技[統計]);生活課程[統計](生活課程[統計]);綜合活動[統計](綜合活動[統計]);專任輔導教師[統計](專任輔導教師[統計]);其他科目[統計](其他科目[統計]);無[統計](無[統計])","臺南市政府教育局","不定期更新","政府資料開放授權條款-第1版","https://data.tainan.gov.tw/DataSet/Detail/0255db3a-0b1d-475d-afc6-44c9a3a1fba3","免費","辛龍香","(06)2991111","2021-06-26 06:31:59","2025-08-20 15:19:46","","1;1;0;0"
"142940","臺南市各級學校畢業生人數","檔案資料","求學及進修","白金","JSON;CSV;JSON;CSV;JSON;CSV;JSON;CSV","https://soa.tainan.gov.tw/Api/Service/Get/b4533779-6f3c-42ab-b74f-1423d920b605;https://data.tainan.gov.tw/File/ResourceCsvDownload/b4533779-6f3c-42ab-b74f-1423d920b605;https://soa.tainan.gov.tw/Api/Service/Get/4e32f7a3-4214-476f-a9de-179cff654e7d;https://data.tainan.gov.tw/File/ResourceCsvDownload/4e32f7a3-4214-476f-a9de-179cff654e7d;https://soa.tainan.gov.tw/Api/Service/Get/eb95518a-5732-463f-b4af-7f6b4f93657b;https://data.tainan.gov.tw/File/ResourceCsvDownload/eb95518a-5732-463f-b4af-7f6b4f93657b;https://soa.tainan.gov.tw/Api/Service/Get/8fafaeb1-63a2-46a8-bd13-8aad70970aad;https://data.tainan.gov.tw/File/ResourceCsvDownload/8fafaeb1-63a2-46a8-bd13-8aad70970aad","UTF-8;UTF-8;UTF-8;UTF-8;UTF-8;UTF-8;UTF-8;UTF-8","系統介接程式","提供臺南市各級學校畢業生人數統計資料","縣市代碼(縣市代碼);縣市名稱(縣市名稱);鄉鎮市區(鄉鎮市區);學校代碼(學校代碼);學校名稱(學校名稱);畢業生[人數](畢業生[人數]);男畢業生[人數](男畢業生[人數]);女畢業生[人數](女畢業生[人數])","臺南市政府教育局","不定期更新","政府資料開放授權條款-第1版","https://data.tainan.gov.tw/DataSet/Detail/6effe0fb-d80d-4f05-9437-3dc40a663ead","免費","辛龍香","(06)2991111","2021-06-25 08:02:50","2025-08-19 16:04:51","","0;0;0;0;0;0;1;1"
"169067","TIPS（A級）暨公司治理之智財法遵培訓課程資訊","檔案資料","求學及進修","白金","CSV","https://www.ida.gov.tw/opendata/00/2024_TIPS_course.csv","UTF-8","原始資料","本系統提供TIPS（A級）暨公司治理之智財法遵培訓課程資訊","活動主題;活動起始日期;活動結束日期;活動費用;活動地點;來源網址","經濟部產業發展署","不定期更新","政府資料開放授權條款-第1版","","免費","林小姐","02-27541255#2443","2024-06-25 00:00:00","2025-08-14 16:50:42","","12"
"67561","新竹市113學年度國小普通班班級數及學生人數","檔案資料","求學及進修","白金","XLSX;CSV;XML;JSON","https://odws.hccg.gov.tw/001/Upload/25/opendataback/9059/28/4bfcb144-9e1f-44f8-9b53-f76f2aaba828.xlsx;https://odws.hccg.gov.tw/001/Upload/25/opendataback/9059/28/4bfcb144-9e1f-44f8-9b53-f76f2aaba828.csv;https://odws.hccg.gov.tw/001/Upload/25/opendataback/9059/28/4bfcb144-9e1f-44f8-9b53-f76f2aaba828.xml;https://odws.hccg.gov.tw/001/Upload/25/opendataback/9059/28/4bfcb144-9e1f-44f8-9b53-f76f2aaba828.json","UTF-8;UTF-8;UTF-8;UTF-8","系統介接程式","新竹市113學年度國小普通班班級數及學生人數表","學年度;學校校名;總班級數;一年級學生數;一年級班級數;二年級學生數;二年級班級數;三年級學生數;三年級班級數;四年級學生數;四年級班級數;五年級學生數;五年級班級數;六年級學生數;六年級班級數;下學年度一年級預估數學生數;下學年度一年級預估數班級數","教育處","每1年","政府資料開放授權條款-第1版","","免費","吳碧惠|","03-5216121#274","2017-11-10 00:00:00","2025-08-13 15:44:55","","0;0;0;0"
"174455","新竹市114學年度國中普通班班級數及學生人數","檔案資料","求學及進修","白金","XLSX;CSV;XML;JSON","https://odws.hccg.gov.tw/001/Upload/25/opendataback/9059/1873/6a5c7a9a-7a55-4165-8c3c-5c404be5aba1.xlsx;https://odws.hccg.gov.tw/001/Upload/25/opendataback/9059/1873/6a5c7a9a-7a55-4165-8c3c-5c404be5aba1.csv;https://odws.hccg.gov.tw/001/Upload/25/opendataback/9059/1873/6a5c7a9a-7a55-4165-8c3c-5c404be5aba1.xml;https://odws.hccg.gov.tw/001/Upload/25/opendataback/9059/1873/6a5c7a9a-7a55-4165-8c3c-5c404be5aba1.json","UTF-8;UTF-8;UTF-8;UTF-8","系統介接程式","新竹市113學年度國中普通班班級數及學生人數表","學年度;學校校名;班級數;一年級學生數;一年級班級數;二年級學生數;二年級班級數;三年級學生數;三年級班級數;下學年度一年級預估學生數;下學年度一年級預估班級數","教育處","每年","政府資料開放授權條款-第1版","","免費","哈嘉琪|","03-5225161#274","2025-08-11 00:00:00","2025-08-11 13:35:46","","0;0;0;0"
"67563","新竹市113學年度國中普通班班級數及學生人數","檔案資料","求學及進修","白金","XLSX;CSV;XML;JSON","https://odws.hccg.gov.tw/001/Upload/25/opendataback/9059/74/2b6f0b81-7476-4625-81c3-bd7cd50cba7d.xlsx;https://odws.hccg.gov.tw/001/Upload/25/opendataback/9059/74/2b6f0b81-7476-4625-81c3-bd7cd50cba7d.csv;https://odws.hccg.gov.tw/001/Upload/25/opendataback/9059/74/2b6f0b81-7476-4625-81c3-bd7cd50cba7d.xml;https://odws.hccg.gov.tw/001/Upload/25/opendataback/9059/74/2b6f0b81-7476-4625-81c3-bd7cd50cba7d.json","UTF-8;UTF-8;UTF-8;UTF-8","系統介接程式","新竹市113學年度國民中學普通班班級數及學生人數","學年度;學校校名;班級數;一年級學生數;一年級班級數;二年級學生數;二年級班級數;三年級學生數;三年級班級數;下學年度一年級預估數學生數;下學年度一年級預估數班級數","教育處","每1年","政府資料開放授權條款-第1版","","免費","吳碧惠|","03-5216121#274","2017-11-10 00:00:00","2025-08-11 13:35:29","","0;0;0;0"
"172840","數位發展部資訊職能教育訓練參訓人員性別統計","檔案資料","求學及進修","白金","CSV","https://www-api.moda.gov.tw/OpenData/Files/13336","UTF-8","原始資料","本資料集由數位發展部為了提供參訓人員性別統計，彙整資訊職能教育訓練2023年起的性別統計資料，希望可以提供給資料使用者分析不同課程參訓人員性別差異使用。","訓練日期;課程名稱;男性人數;男性百分比;女性人數;女性百分比;授課方式","數位發展部","每1年","公眾領域貢獻宣告(CC0)","","免費","蔡孟諭","02-23800433","2025-02-14 00:00:00","2025-08-08 18:42:24","","30"
"159743","海洋委員會補助各級學校社團辦理海洋活動統計表","檔案資料","求學及進修","白金","CSV","https://www.oac.gov.tw/filedownload?file=activity/202508081049460.csv&filedisplay=%E6%B5%B7%E6%B4%8B%E5%A7%94%E5%93%A1%E6%9C%83%E8%A3%9C%E5%8A%A9%E5%90%84%E7%B4%9A%E5%AD%B8%E6%A0%A1%E7%A4%BE%E5%9C%98%E8%BE%A6%E7%90%86%E6%B5%B7%E6%B4%8B%E6%B4%BB%E5%8B%95%E7%B5%B1%E8%A8%88%E8%A1%A8.csv&flag=doc","BIG5","原始資料","本資料集記錄了海洋委員會對各級學校社團進行海洋活動補助情形。","年度;機關名稱;計畫名稱;金額(元);縣市;補助類別","海洋委員會","不定期更新","政府資料開放授權條款-第1版","","免費","陳先生","07-3381810#261934","2022-11-15 00:00:00","2025-08-08 11:13:15","","42"
"40159","國立臺灣歷史博物館-館藏圖書目錄","檔案資料","求學及進修","金","JSON;XML","https://libm7.moc.gov.tw/webopac/opendata/nmth.json;https://libm7.moc.gov.tw/webopac/opendata/nmth.xml","UTF-8;UTF-8","系統介接程式","臺史博湖畔圖書館館藏圖書之目錄資訊(本館收藏之圖書以臺灣史料相關書籍為主)","書名(書本名稱);作者(作者名稱);出版單位(出版單位名稱);版次(出版版本);出版年月(出版日期);標題(標題名稱);中文圖書分類法類號(中文圖書分類法類號碼);美國國會分類法類號(美國國會分類法類號碼);杜威十進分類法類號(杜威十進分類法類號碼);ISBN(ISBN號碼);ISSN(ISSN號碼);ISRC(ISRC號碼);單位(館藏單位名稱);資料來源(資料來源連結網址)","國立臺灣歷史博物館","每1年","政府資料開放授權條款-第1版","","免費","陳怡君 小姐","06-3568889#3115","2016-03-03 00:00:00","2025-07-16 17:55:18","","35700;35700"
"110345","身心障礙者社區樂活補給站","檔案資料","求學及進修","白金","JSON;CSV","https://data.nantou.gov.tw/dataset/f8c7dcb0-da5d-473f-9e18-10c67919c7d7/resource/e9931792-a01f-4ff8-87e9-272fcc861def/download/cuserschenya1203desktop1082.csva0054..json;https://data.nantou.gov.tw/dataset/f8c7dcb0-da5d-473f-9e18-10c67919c7d7/resource/cb45a42d-2e95-40f1-b490-4f0c3ec6a469/download/cuserschenya1203desktop1082.csva0054..csv","UTF-8;UTF-8","系統介接程式","提供身心障礙者學習技藝等課程活動之服務單位
","資源彙整機關;辦理單位;連絡電話;傳真;電子郵件;地址;相關網址;X坐標;Y坐標;備註;最後更新時間","南投縣政府","不定期更新","政府資料開放授權條款-第1版","","免費","張秀美","0492243992 分機1841-1843","2019-11-01 00:00:00","2025-07-14 23:00:05","","0;0"
"48209","僑生申請自行來臺就學人數統計表","檔案資料","求學及進修","白金","CSV","https://oas.ocac.gov.tw/OCAC_openDATA/API/CSV_EXPORT?TableID=A0048209","UTF-8","原始資料","自行來臺入學為僑生升學管道之一，辦理方式為櫃檯申辦，本資料集內容包含歷年申請學生人數。","年度;學歷;人數","僑務委員會","不定期更新","政府資料開放授權條款-第1版","","免費","鍾先生","02-23272810","2017-07-17 00:00:00","2025-07-07 11:30:32","授權說明網址: http://data.gov.tw/license","44"
"147141","110學年度幼兒園名冊","檔案資料","求學及進修","白金","JSON;CSV","https://openapi.kcg.gov.tw/Api/Service/Get/84b6150e-f6dd-42da-b509-04ffc1bd8d3f;https://data.kcg.gov.tw/File/DirectDownload/84b6150e-f6dd-42da-b509-04ffc1bd8d3f","UTF-8;UTF-8","系統介接程式","110學年度幼兒園名冊資訊","類別(類別);行政區(行政區);幼兒園名稱-改(幼兒園名稱-改);幼兒園名稱(幼兒園名稱);幼兒園(幼兒園);幼兒園住址(幼兒園住址);幼兒園住址完整(幼兒園住址完整);核定總招收人數(核定總招收人數);地址-縣市(地址-縣市);地址-行政區(地址-行政區);數量(數量)","高雄市政府研究發展考核委員會","不定期更新","政府資料開放授權條款-第1版","https://data.kcg.gov.tw/DataSet/Detail/9c7e0584-74d6-46fa-b632-d992248178bf","免費","黃盟淵","(07)3368333","2021-12-29 07:11:01","2025-06-30 20:46:49","","1;1"
"75771","高雄市勞工大學招生期程(106年起)","檔案資料","求學及進修","白金","JSON;CSV","https://openapi.kcg.gov.tw/Api/Service/Get/c0768dfd-c7fe-4c70-b82a-8aae77733555;https://data.kcg.gov.tw/File/DirectDownload/c0768dfd-c7fe-4c70-b82a-8aae77733555","UTF-8;UTF-8","系統介接程式","106年起-高雄市勞工大學招生期程","Seq;期數;報名起日;報名訖日;課程起日;課程訖日;備註","高雄市政府勞工局","不定期更新","政府資料開放授權條款-第1版","https://data.kcg.gov.tw/DataSet/Detail/28f6e664-80fb-46c4-b078-ef77f33f5543","免費","古涵","(07)3368333","2017-11-23 03:41:54","2025-06-30 14:45:51"," ","1;1"
"75770","高雄市勞工大學成果表(105年起)","檔案資料","求學及進修","白金","JSON;CSV","https://openapi.kcg.gov.tw/Api/Service/Get/8f001754-f7b2-4c59-98d6-994d680d8d69;https://data.kcg.gov.tw/File/DirectDownload/8f001754-f7b2-4c59-98d6-994d680d8d69","UTF-8;UTF-8","系統介接程式","高雄市勞工大學成果表(105年起)資料","Seq;期別;報名人數;上課人數;開辦班數;開課時間","高雄市政府勞工局","不定期更新","政府資料開放授權條款-第1版","https://data.kcg.gov.tw/DataSet/Detail/15752f79-359f-40fa-8d46-bed7af76c869","免費","古涵","(07)3368333","2017-11-23 03:44:48","2025-06-30 14:45:50"," ","1;1"
"87262","高雄市立特殊教育學校通訊資料","檔案資料","求學及進修","白金","JSON;CSV","https://openapi.kcg.gov.tw/Api/Service/Get/3110d3b5-72ef-4e67-ba2c-65bd4b6fbe9a;https://data.kcg.gov.tw/File/DirectDownload/3110d3b5-72ef-4e67-ba2c-65bd4b6fbe9a","UTF-8;UTF-8","系統介接程式","提供高雄市立特殊教育學校通訊資料","Seq;機關名稱;地址;電話;lat;lng","高雄市政府教育局","不定期更新","政府資料開放授權條款-第1版","https://data.kcg.gov.tw/DataSet/Detail/a58035cd-6d3d-4baf-845c-82858c768269","免費","許晉銘","(07)3368333","2017-01-18 03:35:26","2025-06-30 14:45:13"," ","1;1"
"170866","高雄市立圖書館-分館資訊","檔案資料","求學及進修","金","CSV","https://data.kcg.gov.tw/File/DirectDownload/789a13a6-a97b-4d4e-a650-c1ad0c246d5d","UTF-8","系統介接程式","高雄市立圖書館分館資訊","Seq;館舍名稱;電話;傳真;地址;EMAIL;FB;開放時間;閉館時間","高雄市政府文化局","不定期更新","政府資料開放授權條款-第1版","https://data.kcg.gov.tw/DataSet/Detail/8f76daf5-d288-4549-b0df-fc35b73199c6","免費","林敏揚","(07)2225136","2024-09-30 02:14:50","2025-06-30 14:38:44","","61"
"46831","高雄市原民會部落大學社區教室","檔案資料","求學及進修","白金","JSON;CSV","https://openapi.kcg.gov.tw/Api/Service/Get/48371f97-a794-4459-b330-0a5a6b0edfb9;https://data.kcg.gov.tw/File/DirectDownload/48371f97-a794-4459-b330-0a5a6b0edfb9","UTF-8;UTF-8","系統介接程式","行政區、教室、地址","Seq;行政區;教室;地址","高雄市政府原住民事務委員會","不定期更新","政府資料開放授權條款-第1版","https://data.kcg.gov.tw/DataSet/Detail/db9bafb0-4adf-4f0f-aef8-9b1f701b1aa8","免費","王馨媛","(07)3368333","2017-06-23 02:04:59","2025-06-30 14:27:02"," ","0;0"
"46833","高雄市原民會族語學習教室","檔案資料","求學及進修","金","JSON;CSV","https://openapi.kcg.gov.tw/Api/Service/Get/3458d3e4-2836-4e29-b79b-f6f48714d300;https://data.kcg.gov.tw/File/DirectDownload/3458d3e4-2836-4e29-b79b-f6f48714d300","UTF-8;UTF-8","系統介接程式","地點、區會、行政區、地址、電話、族別、語別","Seq;地點;區會;行政區;地址;電話;族別;語別","高雄市政府原住民事務委員會","不定期更新","政府資料開放授權條款-第1版","https://data.kcg.gov.tw/DataSet/Detail/7cfb2d37-693f-4ace-b465-67738ee8b5e6","免費","王馨媛","(07)3368333","2017-06-23 01:04:11","2025-06-30 14:27:01"," ","10;10"
"128130","高雄市銀髮族服務-高齡學習機構-樂齡大學","檔案資料","求學及進修","金","JSON;CSV","https://openapi.kcg.gov.tw/Api/Service/Get/94fcde07-2b94-4b8e-9b06-50b9d45adb47;https://data.kcg.gov.tw/File/DirectDownload/94fcde07-2b94-4b8e-9b06-50b9d45adb47","UTF-8;UTF-8","系統介接程式","高齡學習機構-樂齡大學","id;org_name(org_name);lat(緯度);lng(經度);informaddress(地址);hlink(網頁連結);informtel(電話);servItem(服務項目);servTime(服務時間);dataOrg(權管科室);doOrg(委辦單位)","高雄市政府社會局","不定期更新","政府資料開放授權條款-第1版","https://data.kcg.gov.tw/DataSet/Detail/11a46cf7-09aa-4e38-bdca-30e3718f59d7","免費","黃仁彥","(07)3368333","2020-07-09 03:15:21","2025-06-30 14:24:13","","1;1"
"75640","高雄市政府106年12月至108年2月機關學校公文電子及紙本簽核件數","檔案資料","求學及進修","白金","JSON;CSV;JSON;CSV;JSON;CSV;JSON;CSV;JSON;CSV;JSON;CSV;JSON;CSV;JSON;CSV;JSON;CSV;JSON;CSV;JSON;CSV;JSON;CSV;JSON;CSV;JSON;CSV;JSON;CSV;JSON;CSV;JSON;CSV;JSON;CSV;JSON;CSV;JSON;CSV;JSON;CSV;JSON;CSV;JSON;CSV;JSON;CSV;JSON;CSV;JSON;CSV;JSON;CSV;JSON;CSV;JSON;CSV;JSON;CSV","https://openapi.kcg.gov.tw/Api/Service/Get/1a25c63c-b84b-4b18-bb34-038cf3b44469;https://data.kcg.gov.tw/File/DirectDownload/1a25c63c-b84b-4b18-bb34-038cf3b44469;https://openapi.kcg.gov.tw/Api/Service/Get/b218bd14-2ca2-4b7e-b78f-146e9d0de7d6;https://data.kcg.gov.tw/File/DirectDownload/b218bd14-2ca2-4b7e-b78f-146e9d0de7d6;https://openapi.kcg.gov.tw/Api/Service/Get/6111f0df-bbc6-4287-9c04-16a4f58e3e87;https://data.kcg.gov.tw/File/DirectDownload/6111f0df-bbc6-4287-9c04-16a4f58e3e87;https://openapi.kcg.gov.tw/Api/Service/Get/1bf76803-ee77-4da0-95de-26647671e529;https://data.kcg.gov.tw/File/DirectDownload/1bf76803-ee77-4da0-95de-26647671e529;https://openapi.kcg.gov.tw/Api/Service/Get/7184458d-a04f-4e4f-95e2-3305116faf6e;https://data.kcg.gov.tw/File/DirectDownload/7184458d-a04f-4e4f-95e2-3305116faf6e;https://openapi.kcg.gov.tw/Api/Service/Get/c464ca24-5971-414f-a329-350157764ba2;https://data.kcg.gov.tw/File/DirectDownload/c464ca24-5971-414f-a329-350157764ba2;https://openapi.kcg.gov.tw/Api/Service/Get/214af190-bdc6-4260-a134-385dc05355d0;https://data.kcg.gov.tw/File/DirectDownload/214af190-bdc6-4260-a134-385dc05355d0;https://openapi.kcg.gov.tw/Api/Service/Get/79a4764b-fb03-4144-a8a1-4bd13011b718;https://data.kcg.gov.tw/File/DirectDownload/79a4764b-fb03-4144-a8a1-4bd13011b718;https://openapi.kcg.gov.tw/Api/Service/Get/2b8e5d2d-c076-43e7-a67c-624de3309385;https://data.kcg.gov.tw/File/DirectDownload/2b8e5d2d-c076-43e7-a67c-624de3309385;https://openapi.kcg.gov.tw/Api/Service/Get/eacaed1c-b657-49cb-81f6-711149d7ae91;https://data.kcg.gov.tw/File/DirectDownload/eacaed1c-b657-49cb-81f6-711149d7ae91;https://openapi.kcg.gov.tw/Api/Service/Get/9f90102a-d342-4bf1-a782-79ad1e18b009;https://data.kcg.gov.tw/File/DirectDownload/9f90102a-d342-4bf1-a782-79ad1e18b009;https://openapi.kcg.gov.tw/Api/Service/Get/ef6f6627-8acd-4a0a-b62a-7de061c1275c;https://data.kcg.gov.tw/File/DirectDownload/ef6f6627-8acd-4a0a-b62a-7de061c1275c;https://openapi.kcg.gov.tw/Api/Service/Get/6db8ee50-92c1-4ff8-96b6-83ae48e1de1b;https://data.kcg.gov.tw/File/DirectDownload/6db8ee50-92c1-4ff8-96b6-83ae48e1de1b;https://openapi.kcg.gov.tw/Api/Service/Get/87b01e18-ea26-4233-88e6-8587b603f775;https://data.kcg.gov.tw/File/DirectDownload/87b01e18-ea26-4233-88e6-8587b603f775;https://openapi.kcg.gov.tw/Api/Service/Get/d2020198-e722-443a-a948-8a37b9a12103;https://data.kcg.gov.tw/File/DirectDownload/d2020198-e722-443a-a948-8a37b9a12103;https://openapi.kcg.gov.tw/Api/Service/Get/87fe14c4-455d-4509-9faa-8afec600c85d;https://data.kcg.gov.tw/File/DirectDownload/87fe14c4-455d-4509-9faa-8afec600c85d;https://openapi.kcg.gov.tw/Api/Service/Get/40115e64-2834-4112-a4ff-91ac43f1160c;https://data.kcg.gov.tw/File/DirectDownload/40115e64-2834-4112-a4ff-91ac43f1160c;https://openapi.kcg.gov.tw/Api/Service/Get/ea2ef2a9-31c1-4be0-9b4e-93a3900dd1cb;https://data.kcg.gov.tw/File/DirectDownload/ea2ef2a9-31c1-4be0-9b4e-93a3900dd1cb;https://openapi.kcg.gov.tw/Api/Service/Get/e600806a-5e0c-43b8-b695-9c0e35b5769e;https://data.kcg.gov.tw/File/DirectDownload/e600806a-5e0c-43b8-b695-9c0e35b5769e;https://openapi.kcg.gov.tw/Api/Service/Get/05eaa594-81c9-45d7-9468-b7d32d49a37c;https://data.kcg.gov.tw/File/DirectDownload/05eaa594-81c9-45d7-9468-b7d32d49a37c;https://openapi.kcg.gov.tw/Api/Service/Get/f7fb7c7d-de50-4ec9-99a4-bb498cb0f62f;https://data.kcg.gov.tw/File/DirectDownload/f7fb7c7d-de50-4ec9-99a4-bb498cb0f62f;https://openapi.kcg.gov.tw/Api/Service/Get/6f106026-0888-4ce1-a41c-bf16af10b2fd;https://data.kcg.gov.tw/File/DirectDownload/6f106026-0888-4ce1-a41c-bf16af10b2fd;https://openapi.kcg.gov.tw/Api/Service/Get/3f656aec-a956-4c4f-aed0-c09eb3608649;https://data.kcg.gov.tw/File/DirectDownload/3f656aec-a956-4c4f-aed0-c09eb3608649;https://openapi.kcg.gov.tw/Api/Service/Get/4bd50e04-7704-461b-9c6c-ca78b04401d1;https://data.kcg.gov.tw/File/DirectDownload/4bd50e04-7704-461b-9c6c-ca78b04401d1;https://openapi.kcg.gov.tw/Api/Service/Get/8c6abc46-01eb-4c90-ac5d-d142bdff587c;https://data.kcg.gov.tw/File/DirectDownload/8c6abc46-01eb-4c90-ac5d-d142bdff587c;https://openapi.kcg.gov.tw/Api/Service/Get/d1329d61-0122-4c2c-95fa-e816453b5583;https://data.kcg.gov.tw/File/DirectDownload/d1329d61-0122-4c2c-95fa-e816453b5583;https://openapi.kcg.gov.tw/Api/Service/Get/c4bcb314-ff56-4b7b-96f4-efa25a350ce1;https://data.kcg.gov.tw/File/DirectDownload/c4bcb314-ff56-4b7b-96f4-efa25a350ce1;https://openapi.kcg.gov.tw/Api/Service/Get/d4a027a1-6fbb-4285-8674-f2ffb79ecd61;https://data.kcg.gov.tw/File/DirectDownload/d4a027a1-6fbb-4285-8674-f2ffb79ecd61;https://openapi.kcg.gov.tw/Api/Service/Get/3cd4b8b1-556a-498c-8af3-f4b3f60c4d4f;https://data.kcg.gov.tw/File/DirectDownload/3cd4b8b1-556a-498c-8af3-f4b3f60c4d4f;https://openapi.kcg.gov.tw/Api/Service/Get/d9324401-40a3-4a93-894a-fd5f1c2ffeb9;https://data.kcg.gov.tw/File/DirectDownload/d9324401-40a3-4a93-894a-fd5f1c2ffeb9","UTF-8;UTF-8;UTF-8;UTF-8;UTF-8;UTF-8;UTF-8;UTF-8;UTF-8;UTF-8;UTF-8;UTF-8;UTF-8;UTF-8;UTF-8;UTF-8;UTF-8;UTF-8;UTF-8;UTF-8;UTF-8;UTF-8;UTF-8;UTF-8;UTF-8;UTF-8;UTF-8;UTF-8;UTF-8;UTF-8;UTF-8;UTF-8;UTF-8;UTF-8;UTF-8;UTF-8;UTF-8;UTF-8;UTF-8;UTF-8;UTF-8;UTF-8;UTF-8;UTF-8;UTF-8;UTF-8;UTF-8;UTF-8;UTF-8;UTF-8;UTF-8;UTF-8;UTF-8;UTF-8;UTF-8;UTF-8;UTF-8;UTF-8;UTF-8;UTF-8","系統介接程式","高雄市政府106年12月至108年2月所屬機關及高雄市立高中職以下學校(含部分私立學校、幼兒園)每月公文電子及紙本簽核件數。","Seq;機關名稱;電子簽核件數;紙本簽核件數","高雄市政府行政暨國際處","不定期更新","政府資料開放授權條款-第1版","https://data.kcg.gov.tw/DataSet/Detail/6a35afb0-66b9-4b70-9bc2-ff6ce18b25f6","免費","彭博翰","(07)3368333","2018-02-02 03:31:55","2025-06-30 14:22:56"," ","1;1;1;1;1;1;1;1;1;1;1;1;1;1;1;1;1;1;1;1;1;1;1;1;1;1;1;1;1;1;1;1;1;1;1;1;1;1;1;1;1;1;1;1;1;1;1;1;1;1;1;1;1;1;1;1;1;1;1;1"
"132788","高雄市立空中大學開放課程清單","檔案資料","求學及進修","白金","JSON;CSV","https://openapi.kcg.gov.tw/Api/Service/Get/943d7cc4-59a7-474a-9bed-23731dedb7b5;https://data.kcg.gov.tw/File/DirectDownload/943d7cc4-59a7-474a-9bed-23731dedb7b5","UTF-8;UTF-8","系統介接程式","提供高雄市立空中大學開放課程清單","Seq;開放課程名稱;課程數;講師;網址","高雄市政府","不定期更新","政府資料開放授權條款-第1版","https://data.kcg.gov.tw/DataSet/Detail/1e2345e6-c168-48f7-ad47-92ea5e32d7bd","免費","鄭原平","(07)3368333","2020-11-13 02:08:13","2025-06-30 14:03:56","","2;2"
"86306","學校通訊資料","檔案資料","求學及進修","白金","CSV","https://data.kcg.gov.tw/File/DirectDownload/657098cf-5918-4996-919e-2c3145752cc1","UTF-8","系統介接程式","提供高雄空中大學學校通訊資料","id(學校名稱);郵遞區號(3+3碼);縣市別代碼;地址-行政區域代碼;地址-村里;地址-街路門牌;tel;fax;web;空間位置-經度;空間位置-緯度","高雄市政府","不定期更新","政府資料開放授權條款-第1版","https://data.kcg.gov.tw/DataSet/Detail/c94ffa3c-4661-435c-9001-d602cf77f903","免費","鄭原平","(07)8012008","2018-06-22 02:28:57","2025-06-30 14:00:24","","1"
"103757","臺南市社區大學資訊","檔案資料","求學及進修","白金","JSON;CSV;JSON;CSV","https://soa.tainan.gov.tw/Api/Service/Get/e91167cb-9955-4341-b6e5-2bb57f3b90c7;https://data.tainan.gov.tw/File/ResourceCsvDownload/e91167cb-9955-4341-b6e5-2bb57f3b90c7;https://soa.tainan.gov.tw/Api/Service/Get/8d134afc-55c5-4c70-9a58-945342621133;https://data.tainan.gov.tw/File/ResourceCsvDownload/8d134afc-55c5-4c70-9a58-945342621133","UTF-8;UTF-8;UTF-8;UTF-8","系統介接程式","社區大學名稱、承辦單位、地址、電話","社區大學;承辦單位;地址;電話","臺南市政府教育局","不定期更新","政府資料開放授權條款-第1版","https://data.tainan.gov.tw/DataSet/Detail/3d158e1d-b302-45be-9417-bc72a68860f8","免費","辛龍香","(06)2991111","2019-06-04 01:34:55","2025-06-28 00:35:30","","0;0;0;0"
"26166","國立自然科學博物館921電子報","檔案資料","求學及進修","金","JSON","https://sciamb.nmns.edu.tw/Project/2024opendata/epaper-921/api.json","UTF-8","原始資料","地震教育園區發行之電子報帶您認識各館展示品還有最新活動報導及訊息,以及地震防災相關知識","title;url;month","國立自然科學博物館","不定期更新","政府資料開放授權條款-第1版","https://www.nmns.edu.tw/park_921/epaper/","免費"," 黃先生","04-23390906 分機906","2016-01-22 00:00:00","2025-06-27 15:02:53","授權說明網址: http://data.gov.tw/license","36"
"171262","臺南市教師研習課程資訊","檔案資料","求學及進修","金","JSON","https://soa.tainan.gov.tw/Api/Service/Get/5d8002ba-3ec5-4000-8383-7e0f232c79dd","UTF-8","系統介接程式","本資料集提供臺南市教師學習護照研習課程資訊。參數說明 year=民國年","courseOption(研習限制);courseSchool(承辦學校);courseClass(研習類別);courseDIV(研習區分);MasterEmail(承辦人EMail);courseTarget(研習對象);courseTotal2(報名人數);courseLocation2(研習地點2);courseName(研習名稱);courseLocation(研習地點);courseDay(研習日期);MasterTel(承辦人電話);courseNum(研習代號);courseProperty(研習屬性);courseTotal(名額);courseMaster(承辦人)","臺南市政府教育局","不定期更新","政府資料開放授權條款-第1版","https://data.tainan.gov.tw/DataSet/Detail/bd2f8730-8032-4a4b-80a5-71abfe3f95dc","免費","辛龍香","(06)2991111","2024-10-23 03:06:48","2025-06-27 13:49:56","","0"
"31786","教育部認可環境教育人員認證展延研習清冊","檔案資料","求學及進修","白金","CSV","https://www.greenschool.moe.edu.tw/gs2/dl.ashx?k=563CC2D2193235227473382EC54A8DACB1340430FF29CF7CA858C43C2497853FCE253606CB73B9C48EE6E605DB5316A64C514A6F3D1A902AC4AD48C2504A4B8D6DA7F2BEDE778220926AD9FEB460A4C45DFB107F4263CF1F94D81A71CFB4684F","UTF-8","原始資料","經教育部認定符合「環境教育人員認證及管理辦法」第15條第2項第1款，經教育部認可舉辦之環境相關領域展延研習資訊彙整。
環境部於112年8月11日發布修正「環境教育人員認證及管理辦法」部分條文，已刪除「核發機關認可舉辦之」及「核發機關認可之研習」等文字。現環境教育人員認證展延時數無須經本部認可，因此本部自112年8月11日起停止更新此清冊。","年分;主辦單位;研習開始日期;研習結束日期;研習名稱;課程類別
1.國內外政策
1.1.環境教育法規
2.環境教育專業知能
3.環境相關專業議題;研習課程名稱(時數);時數;涵蓋領域;研習對象;研習地點;報名方式;核定文;","教育部資訊及科技教育司","不定期更新","政府資料開放授權條款-第1版","https://www.greenschool.moe.edu.tw/gs2/ee/authstudy2.aspx?t=09BCB53E613FDE611326D84A45DF45D3","免費","黃小姐","0277129126","2016-05-30 00:00:00","2025-06-26 18:15:08","授權說明網址: http://data.gov.tw/license","493"
"6482","獲得學行優良僑生獎學金人數-按學年度別分","檔案資料","求學及進修","白金","CSV","https://www.ocac.gov.tw/OCAC/File/Attach/1239/File_1926.csv","UTF-8","原始資料","本會為獎勵傑出及學行優良在學僑生，特訂定「僑務委員會獎勵學行優良僑生獎學金核發要點」，頒發傑出僑生獎學金及學行優良僑生獎學金，以鼓勵學行優良在學僑生學業精進，使其專心就學；本資料集內容包括歷年度就讀中等學校二年級以上(不含碩、博士班研究生)獲得學行優良僑生獎學金人數資料。","學年度別;大專優良僑生;中等學校優良僑生","僑務委員會","每1年","政府資料開放授權條款-第1版","","免費","林先生","02-23272818","2013-10-25 00:00:00","2025-06-26 16:28:27","授權說明網址: http://data.gov.tw/license","15"
"6486","海外華裔青（少）年暑期研習營人數","檔案資料","求學及進修","無(白名單)","CSV","https://www.ocac.gov.tw/OCAC/File/Attach/1234/File_1921.csv","UTF-8","原始資料","為使海外華裔青（少）年能對中華文化及臺灣政經進步情形有所瞭解，並爭取其向心與認同，自民國55年起，每年舉辦海外華裔青年暑期福爾摩莎營活動（98年名稱修改為「海外華裔青(少)年暑期研習營」）；本資料集內容包括海外各僑居地華裔青（少）年男、女性參與暑期研習營人數等3大類資料。本資料為99年至101年海外各僑居地華裔青(少)年參與暑期研習營人數，本活動自102年起停辦，不再更新資料。","僑居地別;99年/男;99年/女;100年/男;100年/女;101年/男;101年/女;102年後未再辦理","僑務委員會","不定期更新","政府資料開放授權條款-第1版","","免費","徐小姐","0223272797","2013-10-25 00:00:00","2025-06-26 14:26:04","授權說明網址: http://data.gov.tw/license","18"
"21856","金融研訓院最近課程人數統計","檔案資料","求學及進修","白金","CSV","https://www.tabf.org.tw/BECommon/Doc/FormEdit/1549.csv","UTF-8","原始資料","最近3年各課程類別的報名人數統計(金融研訓院)","西元年;課程類別;報名人數;報表製作日期_年;報表製作日期_月;報表製作日期_日","金融監督管理委員會銀行局","不定期更新","政府資料開放授權條款-第1版","","免費","賴先生","02-33653581;02-33653666#581","2015-09-17 00:00:00","2025-06-25 13:54:45","授權說明網址: https://data.gov.tw/license
OAS標準之API說明文件網址https://stat.fsc.gov.tw/FSC_OAS3_RESTORE/swagger/docs/v1","106"
"16461","全國立案短期補習班基本資料","檔案資料","求學及進修","白金","JSON;JSON;JSON;JSON;JSON;JSON;JSON;JSON;JSON;JSON;JSON;JSON;JSON;JSON;JSON;JSON;JSON;JSON;JSON;JSON;JSON;JSON","https://bsb.kh.edu.tw/afterschool/opendata/afterschool_json.jsp?city=24;https://bsb.kh.edu.tw/afterschool/opendata/afterschool_json.jsp?city=20;https://bsb.kh.edu.tw/afterschool/opendata/afterschool_json.jsp?city=21;https://bsb.kh.edu.tw/afterschool/opendata/afterschool_json.jsp?city=33;https://bsb.kh.edu.tw/afterschool/opendata/afterschool_json.jsp?city=35;https://bsb.kh.edu.tw/afterschool/opendata/afterschool_json.jsp?city=36;https://bsb.kh.edu.tw/afterschool/opendata/afterschool_json.jsp?city=37;https://bsb.kh.edu.tw/afterschool/opendata/afterschool_json.jsp?city=42;https://bsb.kh.edu.tw/afterschool/opendata/afterschool_json.jsp?city=47;https://bsb.kh.edu.tw/afterschool/opendata/afterschool_json.jsp?city=55;https://bsb.kh.edu.tw/afterschool/opendata/afterschool_json.jsp?city=49;https://bsb.kh.edu.tw/afterschool/opendata/afterschool_json.jsp?city=52;https://bsb.kh.edu.tw/afterschool/opendata/afterschool_json.jsp?city=53;https://bsb.kh.edu.tw/afterschool/opendata/afterschool_json.jsp?city=62;https://bsb.kh.edu.tw/afterschool/opendata/afterschool_json.jsp?city=70;https://bsb.kh.edu.tw/afterschool/opendata/afterschool_json.jsp?city=87;https://bsb.kh.edu.tw/afterschool/opendata/afterschool_json.jsp?city=39;https://bsb.kh.edu.tw/afterschool/opendata/afterschool_json.jsp?city=38;https://bsb.kh.edu.tw/afterschool/opendata/afterschool_json.jsp?city=89;https://bsb.kh.edu.tw/afterschool/opendata/afterschool_json.jsp?city=69;https://bsb.kh.edu.tw/afterschool/opendata/afterschool_json.jsp?city=82;https://bsb.kh.edu.tw/afterschool/opendata/afterschool_json.jsp?city=83","UTF-8;UTF-8;UTF-8;UTF-8;UTF-8;UTF-8;UTF-8;UTF-8;UTF-8;UTF-8;UTF-8;UTF-8;UTF-8;UTF-8;UTF-8;UTF-8;UTF-8;UTF-8;UTF-8;UTF-8;UTF-8;UTF-8","原始資料","為提升全國各立案短期補習班之管理，藉由資訊公開加強各短其補習補之品質，並充分提供民眾（含學生、家長）知的訊息，掌握選擇合法立案之短期補習班訊息，避免未立案者影響民眾（含學生、家長）權益","地區縣市;短期補習班名稱;主管機關文件單位代碼;電子郵件;短期補習班類別;地址;立案時間;各地短期補習班數量","教育部終身教育司","每1日","政府資料開放授權條款-第1版","","免費","王小姐","02-77365698","2015-06-26 00:00:00","2025-06-25 11:34:39","授權說明網址: http://data.gov.tw/license","207;2607;2901;1375;488;515;306;2915;976;353;214;281;196;1436;1881;416;309;158;101;31;41;2"
"72343","金融研訓院FinTech 推薦商品","檔案資料","求學及進修","白金","CSV","https://www.tabf.org.tw/BECommon/Doc/FormEdit/1969.csv","UTF-8","原始資料","數位金融相關的推薦商品","商品種類;商品名稱;購買開始日期_年;購買開始日期_月;購買開始日期_日;購買結束日期_年;購買結束日期_月;購買結束日期_日;購買網址","金融監督管理委員會銀行局","不定期更新","政府資料開放授權條款-第1版","","免費","賴先生","02-33653581;02-33653666#581","2017-12-18 00:00:00","2025-06-25 11:10:28","授權說明網址: https://data.gov.tw/license","7"
"14044","金融研訓院近期課程","檔案資料","求學及進修","白金","CSV","https://www.tabf.org.tw/BECommon/Doc/FormEdit/1491.csv","UTF-8","原始資料","本資料集為金融研訓院開辦且已上架提供報名的所有課程班次，內容包括班期名稱、時數、開辦起迄及班期地區、費用及課程連結等資訊。","地區;課程名稱;總時數;上課日期開始區間_年;上課日期開始區間_月;上課日期開始區間_日;上課日期結束區間_年;上課日期結束區間_月;上課日期結束區間_日;現金定價;點數定價;課程連結","金融監督管理委員會銀行局","不定期更新","政府資料開放授權條款-第1版","","免費","賴先生","02-33653581;02-33653666#581","2015-04-17 00:00:00","2025-06-25 10:51:34","授權說明網址: https://data.gov.tw/license","518"
"13312","金融研訓院金融訓練精選課程","檔案資料","求學及進修","白金","CSV","https://service.tabf.org.tw/BECommon/Doc/FormEdit/1504.csv","UTF-8","原始資料","本資料集為金融研訓院開辦的課程中，將點閱次數前10名或報名人數前20名或各式新種創新班級整合而成，協助對金融研訓院開設課程有興趣，同時想了解金融機構對哪些課程有興趣的人士參考。","課程名稱;上課地區;課程時數;開課日期開始區間_年;開課日期開始區間_月;開課日期開始區間_日;開課日期結束區間_年;開課日期結束區間_月;開課日期結束區間_日;現金定價;點數定價;更新日期_年;更新日期_月;更新日期_日","金融監督管理委員會銀行局","不定期更新","政府資料開放授權條款-第1版","","免費","賴先生","02-33653581;02-33653666#581","2015-03-24 00:00:00","2025-06-25 10:50:22","授權說明網址: https://data.gov.tw/license","73"
"46323","大專校院研究所及科系數－按學門別分","檔案資料","求學及進修","白金","CSV;JSON","https://stats.moe.gov.tw/files/opendata/edu_B_5_3.csv;https://stats.moe.gov.tw/files/opendata/edu_B_5_3.json","UTF-8;UTF-8","原始資料","提供大專校院各學制之研究所數、科系數之學門別資料，本資料集以每年10月15日為資料標準日。","學年度;學門別;研究所數-公立;研究所數-私立;科系數-公立大學四年制;科系數-私立大學四年制;科系數-公立大學二年制;科系數-私立大學二年制;科系數-公立學士後學士學位;科系數-私立學士後學士學位;科系數-公立二專;科系數-私立二專;科系數-公立五專;科系數-私立五專","教育部統計處","每1年","政府資料開放授權條款-第1版","","免費","鄭小姐","0277365753","2017-06-15 00:00:00","2025-06-24 11:08:59","更新頻率說明: 每學年度
授權說明網址: http://data.gov.tw/license","239;239"
"46324","大專校院校數及研究所、科系數－按學校類型與設立別分","檔案資料","求學及進修","白金","CSV;JSON","https://stats.moe.gov.tw/files/opendata/edu_B_5_2.csv;https://stats.moe.gov.tw/files/opendata/edu_B_5_2.json","UTF-8;UTF-8","原始資料","提供各大專校院類型(大學、獨立學院及專科學校)之校數、研究所數及科系數，不含軍警大專校院、宗教研修學院及空大；本資料集以每年10月15日為資料標準日","學年度;學校類型;校數_專設日間部者;校數_日間及進修部兼設者;校數_單設有碩士班者;校數_兼設有博士及碩士班者;校數_未設有研究所者;研究所數_博士班;研究所數_博士在職專班;研究所數_碩士班;研究所數_碩士在職專班;科系數_大學四年制;科系數_大學二年制;科系數_學士後學士學位;科系數_二專;科系數_五專","教育部統計處","每1年","政府資料開放授權條款-第1版","","免費","鄭小姐","0277365753","2017-06-15 00:00:00","2025-06-24 11:04:01","更新頻率說明: 每學年度
授權說明網址: http://data.gov.tw/license","54;54"
"31436","各級學校概況—學生數及畢業生數","檔案資料","求學及進修","白金","CSV;JSON","https://stats.moe.gov.tw/files/opendata/edu_B_1_2.csv;https://stats.moe.gov.tw/files/opendata/edu_B_1_2.json","UTF-8;UTF-8","原始資料","全臺灣各級學校之學生數及畢業生數資料","學年度;項目;學生數[人];公立男學生數[人];公立女學生數[人];私立男學生數[人];私立女學生數[人];上學年畢業生[人];上學年公立男畢業生[人];上學年公立女畢業生[人];上學年私立男畢業生[人];上學年私立女畢業生[人]","教育部統計處","每1年","政府資料開放授權條款-第1版","","免費","吳先生","0277366370","2016-06-15 00:00:00","2025-06-23 18:49:22","更新頻率說明: 每學年度
授權說明網址: http://data.gov.tw/license","420;420"
"31437","各級學校概況—校數、專任教師數及職員數","檔案資料","求學及進修","白金","CSV;JSON","https://stats.moe.gov.tw/files/opendata/edu_B_1_1.csv;https://stats.moe.gov.tw/files/opendata/edu_B_1_1.json","UTF-8;UTF-8","原始資料","全臺灣各級學校之校數、專任教師數及職員數資料","學年度;項目;校數;公立校數;私立校數;專任教師數[人];公立專任教師數[人];私立專任教師數[人];職員數[人];公立職員數[人];私立職員數[人]","教育部統計處","每1年","政府資料開放授權條款-第1版","","免費","吳先生","0277366370","2016-06-15 00:00:00","2025-06-23 17:58:36","更新頻率說明: 每學年度
授權說明網址: http://data.gov.tw/license","166;166"
"173847","113學年度連江縣國民中學學校概況","檔案資料","求學及進修","金","ODS","https://www.matsu.gov.tw/chhtml/adddownloadcount/371030000A/101703?mcfilename=Mcfile2&type=D","其他","原始資料","113學年度連江縣各鄉國民中學學校概況","設立別及行政區別;校數;教師數;男教師數;女教師數;職員數;男職員數;女職員數;班級數合計;七年級班數;八年級班數;九年級班數;合計學生人數;合計男學生數;合計女學生數;七年級男學生數;七年級女學生數;八年級男學生數;八年級女學生數;九年級男學生數;九年級女學生數;上學年度畢業生合計;上學年度男畢業生合計;上學年度女畢業生合計","連江縣政府","不定期更新","政府資料開放授權條款-第1版","","免費","黃典政","0836-25139#6563","2025-06-23 00:00:00","2025-06-23 10:09:58","","7"
"173846"," 113學年度連江縣國民中學學生裸眼視力檢查","檔案資料","求學及進修","金","ODS","https://www.matsu.gov.tw/chhtml/adddownloadcount/371030000A/101702?mcfilename=Mcfile2&type=D","其他","原始資料","113學年度連江縣國民中學學生裸眼視力檢查統計","性別及年級別;檢查人數(人);視力不良(人);視力不良率","連江縣政府","不定期更新","政府資料開放授權條款-第1版","","免費","黃典政","0836-25139#6563","2025-06-23 00:00:00","2025-06-23 10:07:39","","13"
"173845"," 113學年度連江縣國民中學新移民子女就學概況","檔案資料","求學及進修","銅","ODS","https://www.matsu.gov.tw/chhtml/adddownloadcount/371030000A/101701?mcfilename=Mcfile2&type=D","其他","原始資料","113學年度連江縣國民中學新移民子女就學概況統計","項目別;大陸、港澳地區;越南;印尼;泰國;菲律賓;柬埔寨;日本;馬來西亞;美國;南韓;緬甸;新加坡;加拿大;其他","連江縣政府","不定期更新","政府資料開放授權條款-第1版","","免費","黃典政","0836-25139#6563","2025-06-23 00:00:00","2025-06-23 10:05:04","","13"
"173844","113學年度連江縣國民中學原住民學生數","檔案資料","求學及進修","金","ODS","https://www.matsu.gov.tw/chhtml/adddownloadcount/371030000A/101700?mcfilename=Mcfile2&type=D","其他","原始資料","113學年度連江縣國民中學原住民學生數統計","項目別;阿美族;泰雅族;排灣族;布農族;卑南族;鄒(曹)族;魯凱族;賽夏族;雅美族或達悟族;邵族;噶瑪蘭族;太魯閣族;撒奇萊雅族;賽德克族;拉阿魯哇族;卡那卡那富族;尚未申報族籍","連江縣政府","不定期更新","政府資料開放授權條款-第1版","","免費","黃典政","0836-25139#6563","2025-06-23 00:00:00","2025-06-23 10:01:38","","16"
"173843"," 113學年度連江縣國民小學學校概況","檔案資料","求學及進修","金","ODS","https://www.matsu.gov.tw/chhtml/adddownloadcount/371030000A/101699?mcfilename=Mcfile2&type=D","其他","原始資料","113學年度連江縣各鄉國民小學學校概況","設立別及行政區別;校數;教師數;男教師數;女教師數;職員數;男職員數;女職員數;班級數合計;一年級班數;二年級班數;三年級班數;四年級班數;五年級班數;六年級班數;合計學生人數;合計男學生數;合計女學生數;一年級男學生數;一年級女學生數;二年級男學生數;二年級女學生數;三年級男學生數;三年級女學生數;四年級男學生數;四年級女學生數;五年級男學生數;五年級女學生數;六年級男學生數;六年級女學生數;上學年度畢業生合計;上學年度男畢業生合計;上學年度女畢業生合計","連江縣政府","不定期更新","政府資料開放授權條款-第1版","","免費","黃典政","0836-25139#6563","2025-06-23 00:00:00","2025-06-23 09:58:10","","7"
"173842"," 113學年度連江縣國民小學學生裸眼視力檢查","檔案資料","求學及進修","金","ODS","https://www.matsu.gov.tw/chhtml/adddownloadcount/371030000A/101698?mcfilename=Mcfile2&type=D","其他","原始資料","113學年度連江縣國民小學學生裸眼視力檢查統計","性別及年級別;檢查人數(人);視力不良(人);視力不良率","連江縣政府","不定期更新","政府資料開放授權條款-第1版","","免費","黃典政","0836-25139#6563","2025-06-23 00:00:00","2025-06-23 09:55:31","","22"
"173841","113學年度連江縣國民小學新移民子女就學概況","檔案資料","求學及進修","金","ODS","https://www.matsu.gov.tw/chhtml/adddownloadcount/371030000A/101697?mcfilename=Mcfile2&type=D","其他","原始資料","113學年度連江縣國民小學新移民子女就學概況統計","項目別;大陸、港澳地區;越南;印尼;泰國;菲律賓;柬埔寨;日本;馬來西亞;美國;南韓;緬甸;新加坡;加拿大;其他","連江縣政府","不定期更新","政府資料開放授權條款-第1版","","免費","黃典政","0836-25139#6563","2025-06-23 00:00:00","2025-06-23 09:52:33","","22"
"173840"," 113學年度連江縣國民小學原住民學生數","檔案資料","求學及進修","金","ODS","https://www.matsu.gov.tw/chhtml/adddownloadcount/371030000A/101696?mcfilename=Mcfile2&type=D","其他","原始資料","113學年度連江縣國民小學原住民學生數統計","項目別;阿美族;泰雅族;排灣族;布農族;卑南族;鄒(曹)族;魯凱族;賽夏族;雅美族或達悟族;邵族;噶瑪蘭族;太魯閣族;撒奇萊雅族;賽德克族;拉阿魯哇族;卡那卡那富族;尚未申報族籍","連江縣政府","不定期更新","政府資料開放授權條款-第1版","","免費","黃典政","0836-25139#6563","2025-06-23 00:00:00","2025-06-23 09:50:17","","25"
"173839"," 113學年度連江縣高級中學學校概況","檔案資料","求學及進修","金","ODS","https://www.matsu.gov.tw/chhtml/adddownloadcount/371030000A/101695?mcfilename=Mcfile2&type=D","其他","原始資料","113學年度連江縣高級中學學校概況統計","設立別及行政區別;一年級班級數;二年級班級數;三年級班級數;總學生數;男學生總計;女學生總計;一年級男;一年級女;二年級男;二年級女;三年級男;三年級女;延修生男;延修生女;上屆畢業生合計;上屆畢業生男;上屆畢業生女","連江縣政府","不定期更新","政府資料開放授權條款-第1版","","免費","黃典政","0836-25139#6563","2025-06-23 00:00:00","2025-06-23 09:48:05","","7"
"173838","113學年度連江縣高級中等學校教職員概況","檔案資料","求學及進修","金","ODS","https://www.matsu.gov.tw/chhtml/adddownloadcount/371030000A/101694?mcfilename=Mcfile2&type=D","其他","原始資料","113學年度連江縣高級中等學校教職員統計","設立別及行政區別;校數(所);教師數;男教師數;女教師數;職員數;男職員數;女職員數","連江縣政府","不定期更新","政府資料開放授權條款-第1版","","免費","黃典政","0836-25139#6563","2025-06-23 00:00:00","2025-06-23 09:45:00","","7"
"173837"," 113學年度連江縣高級中等學校原住民學生數","檔案資料","求學及進修","金","ODS","https://www.matsu.gov.tw/chhtml/adddownloadcount/371030000A/101693?mcfilename=Mcfile2&type=D","其他","原始資料","113學年度連江縣公私立高級中等學校原住民學生數","項目別分;阿美族;泰雅族;排灣族;布農族;卑南族;鄒(曹)族;魯凱族;賽夏族;雅美族或達悟族;邵族;噶瑪蘭族;太魯閣族;撒奇萊雅族;賽德克族;拉阿魯哇族;卡那卡那富族;尚未申報族籍","連江縣政府","不定期更新","政府資料開放授權條款-第1版","","免費","黃典政","0836-25139#6563","2025-06-23 00:00:00","2025-06-23 09:42:18","","19"
"173836","113學年度連江縣各級學校學生人數","檔案資料","求學及進修","金","ODS","https://www.matsu.gov.tw/chhtml/adddownloadcount/371030000A/101692?mcfilename=Mcfile2&type=D","其他","原始資料","113學年度連江縣各級學校學生人數詳細","學校類別;總計人數;總計男;總計女;公立總人數;公立男;公立女;私立總人數;私立男;私立女","連江縣政府","不定期更新","政府資料開放授權條款-第1版","","免費","黃典政","0836-25139#6563","2025-06-23 00:00:00","2025-06-23 09:39:19","","20"
"173835","113學年度連江縣各級學校畢業生人數","檔案資料","求學及進修","金","ODS","https://www.matsu.gov.tw/chhtml/adddownloadcount/371030000A/101691?mcfilename=Mcfile2&type=D","其他","原始資料","113學年度連江縣各鄉各級學校畢業生人數","學校類別;總計人數;總計男;總計女;公立總人數;公立男;公立女;私立總人數;私立男;私立女","連江縣政府","不定期更新","政府資料開放授權條款-第1版","","免費","黃典政","0836-25139#6563","2025-06-23 00:00:00","2025-06-23 09:34:15","","20"
"173833","113年連江縣各類短期補習班家數","檔案資料","求學及進修","金","ODS","https://www.matsu.gov.tw/chhtml/adddownloadcount/371030000A/101689?mcfilename=Mcfile2&type=D","其他","原始資料","113年連江縣各鄉短期補習班家數","行政區別;總計;合計;文理;外語;法政;電機、汽車修護、建築、工藝、製圖類;資訊;家政、插花、烹飪;縫紉;美容、美髮、理髮;音樂、舞蹈;美術、書法、攝影、美工設計、圍棋;心算、珠算、會計;瑜珈;速讀;其他","連江縣政府","不定期更新","政府資料開放授權條款-第1版","","免費","黃典政","0836-25139#6563","2025-06-23 00:00:00","2025-06-23 09:27:21","","6"
"109362","新竹縣各鄉鎮市國民中學學區","檔案資料","求學及進修","白金","XLSX;CSV;XML;JSON","https://ws.hsinchu.gov.tw/001/Upload/1/opendata/8774/325/6c9c875f-2296-4742-b187-6401c883e57c.xlsx;https://ws.hsinchu.gov.tw/001/Upload/1/opendata/8774/325/6c9c875f-2296-4742-b187-6401c883e57c.csv;https://ws.hsinchu.gov.tw/001/Upload/1/opendata/8774/325/6c9c875f-2296-4742-b187-6401c883e57c.xml;https://ws.hsinchu.gov.tw/001/Upload/1/opendata/8774/325/6c9c875f-2296-4742-b187-6401c883e57c.json","UTF-8;BIG5;UTF-8;UTF-8","系統介接程式","113年新竹縣各鄉鎮市國民中學學區","編號;鄉鎮市區代碼;鄉鎮市;學校名稱;所屬學區","新竹縣政府教育局","不定期更新","政府資料開放授權條款-第1版","","免費","王小姐|女士","03-5518101#2851","2019-09-21 00:00:00","2025-06-20 13:29:43","","0;0;0;0"
"109363","新竹縣學校基本資料","檔案資料","求學及進修","白金","XLSX;CSV;XML;JSON","https://ws.hsinchu.gov.tw/001/Upload/1/opendata/8774/326/eb6c5e3e-f970-409f-8e6f-51c1d14df0f4.xlsx;https://ws.hsinchu.gov.tw/001/Upload/1/opendata/8774/326/eb6c5e3e-f970-409f-8e6f-51c1d14df0f4.csv;https://ws.hsinchu.gov.tw/001/Upload/1/opendata/8774/326/eb6c5e3e-f970-409f-8e6f-51c1d14df0f4.xml;https://ws.hsinchu.gov.tw/001/Upload/1/opendata/8774/326/eb6c5e3e-f970-409f-8e6f-51c1d14df0f4.json","UTF-8;BIG5;UTF-8;UTF-8","系統介接程式","113學年度新竹縣學校基本資料名錄","主題分類;名稱;郵遞區號;住址;電話","新竹縣政府教育局","不定期更新","政府資料開放授權條款-第1版","","免費","林岳申|先生","03-5962103#311","2019-09-21 00:00:00","2025-06-20 13:29:37","","0;0;0;0"
"33512","大專校院僑生及畢業生人數—按性別、校別與僑居地別分","檔案資料","求學及進修","白金","JSON;CSV","https://stats.moe.gov.tw/files/opendata/oversea_B1-1a.json;https://stats.moe.gov.tw/files/opendata/oversea_B1-1a.csv","UTF-8;UTF-8","原始資料","全臺灣按性別、校別與僑居地別分之大專校院僑生及畢業生人數","學年度;學校代碼;學校名稱;等級;僑居地;在學學生人數_男;在學學生人數_女;新生人數;舊生人數;上學年度畢業生人數_男;上學年度畢業生人數_女","教育部統計處","每1年","政府資料開放授權條款-第1版","","免費","潘小姐","02-7736-6381","2016-08-15 00:00:00","2025-06-19 18:50:14","更新頻率說明: 每學年度
授權說明網址: https://data.gov.tw/license","12669;1000"
"33515","大專校院港澳生及畢業生人數—按性別、校別與僑居地別分","檔案資料","求學及進修","白金","JSON;CSV","https://stats.moe.gov.tw/files/opendata/oversea_B1-1b.json;https://stats.moe.gov.tw/files/opendata/oversea_B1-1b.csv","UTF-8;UTF-8","原始資料","全臺灣按性別、校別與僑居地別分之大專校院港澳生及畢業生人數","學年度;學校代碼;學校名稱;等級;僑居地;在學學生人數_男;在學學生人數_女;新生人數;舊生人數;上學年度畢業生人數_男;上學年度畢業生人數_女","教育部統計處","每1年","政府資料開放授權條款-第1版","","免費","潘小姐","02-7736-6381","2016-08-15 00:00:00","2025-06-18 16:22:30","更新頻率說明: 每學年度
授權說明網址: https://data.gov.tw/license","4406;1000"
"67559","新竹市114學年度國中學區","檔案資料","求學及進修","白金","XLSX;CSV;XML;JSON","https://odws.hccg.gov.tw/001/Upload/25/opendataback/9059/12/18091569-01cf-4129-9520-9e0ef7a8a2ca.xlsx;https://odws.hccg.gov.tw/001/Upload/25/opendataback/9059/12/18091569-01cf-4129-9520-9e0ef7a8a2ca.csv;https://odws.hccg.gov.tw/001/Upload/25/opendataback/9059/12/18091569-01cf-4129-9520-9e0ef7a8a2ca.xml;https://odws.hccg.gov.tw/001/Upload/25/opendataback/9059/12/18091569-01cf-4129-9520-9e0ef7a8a2ca.json","UTF-8;UTF-8;UTF-8;UTF-8","系統介接程式","新竹市國中學區","縣市別代碼;機關代碼;行政區別;校名;學區轄里-全部里鄰;學區轄里-部分里鄰","教育處","每1年","政府資料開放授權條款-第1版","","免費","吳碧惠|","03-5216121#274","2017-09-25 00:00:00","2025-06-18 15:39:49","","0;0;0;0"
"67558","新竹市114學年度國小學區","檔案資料","求學及進修","白金","XLSX;CSV;XML;JSON","https://odws.hccg.gov.tw/001/Upload/25/opendataback/9059/75/a4db1a8f-19e4-4076-83a9-278bffda9958.xlsx;https://odws.hccg.gov.tw/001/Upload/25/opendataback/9059/75/a4db1a8f-19e4-4076-83a9-278bffda9958.csv;https://odws.hccg.gov.tw/001/Upload/25/opendataback/9059/75/a4db1a8f-19e4-4076-83a9-278bffda9958.xml;https://odws.hccg.gov.tw/001/Upload/25/opendataback/9059/75/a4db1a8f-19e4-4076-83a9-278bffda9958.json","UTF-8;UTF-8;UTF-8;UTF-8","系統介接程式","新竹市國小學區","縣市別代碼;機關代碼;行政區;校名;學區轄里-全部里鄰;學區轄里-部分里鄰","教育處","每1年","政府資料開放授權條款-第1版","","免費","吳碧惠|","03-5216121#274","2017-09-25 00:00:00","2025-06-18 15:38:36","","0;0;0;0"
"67557","新竹市立國民中小學通訊資訊","檔案資料","求學及進修","白金","XLSX;CSV;XML;JSON","https://odws.hccg.gov.tw/001/Upload/25/opendataback/9059/64/fa2410ad-7873-429e-992f-96b6ca2b71ed.xlsx;https://odws.hccg.gov.tw/001/Upload/25/opendataback/9059/64/fa2410ad-7873-429e-992f-96b6ca2b71ed.csv;https://odws.hccg.gov.tw/001/Upload/25/opendataback/9059/64/fa2410ad-7873-429e-992f-96b6ca2b71ed.xml;https://odws.hccg.gov.tw/001/Upload/25/opendataback/9059/64/fa2410ad-7873-429e-992f-96b6ca2b71ed.json","UTF-8;UTF-8;UTF-8;UTF-8","系統介接程式","新竹市立國中小通訊資料","縣市別代碼;機關代碼;學校;電話;地址","教育處","每1年","政府資料開放授權條款-第1版","","免費","林詩敏|","03-5216121#274","2017-09-13 00:00:00","2025-06-18 15:37:16","","0;0;0;0"
"173786","113年連江縣公共圖書館概況","檔案資料","求學及進修","金","ODS","https://www.matsu.gov.tw/chhtml/adddownloadcount/371030000A/101571?mcfilename=Mcfile2&type=D","其他","原始資料","113年連江縣各鄉公共圖書館使用概況","統計項目;縣立馬祖圖書館;縣立山隴分館;連江縣北竿鄉圖書館;連江縣莒光鄉圖書館;連江縣莒光鄉東莒圖書館;連江縣東引鄉圖書館;總計","連江縣政府","不定期更新","政府資料開放授權條款-第1版","","免費","黃典政","0836-25139#6563","2025-06-13 00:00:00","2025-06-13 11:56:51","","6"
"33599","金融研訓院線上學習課程資訊","檔案資料","求學及進修","白金","CSV","https://www.tabf.org.tw/BECommon/Doc/FormEdit/1751.csv","UTF-8","原始資料","提供線上學習課程資訊(金融研訓院)","課程名稱;線上講師;總時數;現金價(新臺幣(元));點數價;試讀;報名網址","金融監督管理委員會銀行局","不定期更新","政府資料開放授權條款-第1版","","免費","賴先生","02-33653581;02-33653666#581","2016-08-04 00:00:00","2025-06-13 10:09:29","授權說明網址: https://data.gov.tw/license","138"
"142903","臺南市國民中學概況","檔案資料","求學及進修","白金","CSV;JSON","https://data.tainan.gov.tw/File/ResourceCsvDownload/5699ee30-1a72-4f81-ad28-e6903db2df01;https://soa.tainan.gov.tw/Api/Service/Get/5699ee30-1a72-4f81-ad28-e6903db2df01","UTF-8;UTF-8","系統介接程式","提供臺南市國民中學概況","id;設立別及行政區別;校數[所];教師人數合計;教師人數[男];教師人數[女];職員人數合計;職員人數[男];職員人數[女];班級數合計;班級數[七年級];班級數[八年級];班級數[九年級];學生人數合計;學生人數[男];學生人數[女];學生人數_七年級[男];學生人數_七年級[女];學生人數_八年級[男];學生人數_八年級[女];學生人數_九年級[男];學生人數_九年級[女];上學年度畢業生人數合計;上學年度畢業生人數[男];上學年度畢業生人數[女]","臺南市政府教育局","不定期更新","政府資料開放授權條款-第1版","https://data.tainan.gov.tw/DataSet/Detail/588c3571-ff10-46c9-8d0d-ff238858ef08","免費","辛龍香","(06)2130669#39","2021-06-25 07:45:10","2025-06-10 10:28:12","","0;1"
"168504","南投縣國小課後照顧服務班辦理情形表","檔案資料","求學及進修","白金","CSV","https://data.nantou.gov.tw/dataset/c9d5fe90-d509-447d-a2d5-44219f8cbf94/resource/8bb2af44-be2c-4586-bf5a-375c1d34ec7e/download/113051302.csv","UTF-8","系統介接程式","南投縣112學年度國小課後照顧服務班辦理情形表
參加課後照顧之學生人數總計(人)","編號;學校名稱;參加課後照顧之學生人數自辦（男）;參加課後照顧之學生人數自辦（女）;參加課後照顧之學生人數委辦（男）;參加課後照顧之學生人數委辦（女）;總計","南投縣政府","不定期更新","政府資料開放授權條款-第1版","","免費","王蘭媖","049-2222106#1319","2024-05-01 00:00:00","2025-06-09 23:02:42","","0"
"168510","南投縣社區大學位置","檔案資料","求學及進修","金","CSV","https://data.nantou.gov.tw/dataset/68fc6710-5105-4496-a003-b5659a14100b/resource/447d3437-5801-4291-b90b-7b4ae95eb41f/download/113032604.csv","UTF-8","系統介接程式","其他詳細資訊歡迎至
南投縣社區大學聯合資訊網查閱https://ntcun.ntct.edu.tw","社大;校區;連絡電話;地址","南投縣政府","不定期更新","政府資料開放授權條款-第1版","","免費","羅珮文","049-2222106#1334","2024-05-01 00:00:00","2025-06-09 23:02:28","","0"
"168505","南投縣身心障礙類特殊教育班設置概況(國中)","檔案資料","求學及進修","金","CSV","https://data.nantou.gov.tw/dataset/19cc544b-0f95-4207-b113-65fe40794ce9/resource/8d84ba72-67b9-43a1-a003-f16f3aed3f87/download/113032608.csv","UTF-8","系統介接程式","112 學年度南投縣身心障礙類特殊教育班設置概況(國中身心障礙特殊教育班)","編號;鄉鎮;學校;設班教育階段;集中式特教班智障（集中式）;資源式特教班不分類（身障類資源班）;不分類巡迴輔導班;其他巡迴輔導;在家教育;小計","南投縣政府","不定期更新","政府資料開放授權條款-第1版","","免費","劉芯玓","049-2222106#1364","2024-05-01 00:00:00","2025-06-09 23:02:22","","0"
"168519","南投縣身心障礙類特殊教育班設置概況(學前)","檔案資料","求學及進修","金","CSV","https://data.nantou.gov.tw/dataset/3490c18e-51ce-4b86-bb8d-bf281940c3d1/resource/d76fa699-003d-4060-9f35-6b2e18c9062b/download/113032611.csv","UTF-8","系統介接程式","112 學年度南投縣身心障礙類特殊教育班設置概況(學前身心障礙特殊教育班)","編號;鄉鎮;學校;設班教育階段;集中式特教班不分類（集中式）;不分類巡迴輔導班;小計","南投縣政府","不定期更新","政府資料開放授權條款-第1版","","免費","劉芯玓","049-2222106#1364","2024-05-02 00:00:00","2025-06-09 23:00:28","","0"
"168511","南投縣設置特殊型之學校名冊(藝術才能班)","檔案資料","求學及進修","白金","CSV","https://data.nantou.gov.tw/dataset/85165c9b-1890-4b8d-9b67-7c36752a0daa/resource/1c0264eb-a5c7-4fde-9791-449a2d834456/download/113032610.csv","UTF-8","系統介接程式","藝術才能班","編號;鄉鎮;校名;藝才班類別;藝才班班級數;電話;學校地址;學校網址","南投縣政府","不定期更新","政府資料開放授權條款-第1版","","免費","陳昭瑩","049-2222106#1361","2024-05-01 00:00:00","2025-06-09 23:00:13","","0"
"139053","臺南市公共圖書館借閱人次及借閱冊數統計","檔案資料","求學及進修","白金","JSON;CSV;JSON;JSON;JSON;JSON;CSV;CSV;CSV;CSV;JSON","https://soa.tainan.gov.tw/Api/Service/Get/050fdcf9-0f73-425f-8f2c-8748890d9bd6;https://data.tainan.gov.tw/File/ResourceCsvDownload/050fdcf9-0f73-425f-8f2c-8748890d9bd6;https://soa.tainan.gov.tw/Api/Service/Get/82b7d393-beea-4d3f-a129-7d12d87bf751;https://soa.tainan.gov.tw/Api/Service/Get/a1fc9cf6-41f9-4f0a-90ad-ffc8d57d0a3d;https://soa.tainan.gov.tw/Api/Service/Get/3f532ddc-9048-4a06-9ae5-02869fdaac1e;https://soa.tainan.gov.tw/Api/Service/Get/c536b71e-f5f7-4a38-a9d4-24810f94c6b6;https://data.tainan.gov.tw/File/ResourceCsvDownload/82b7d393-beea-4d3f-a129-7d12d87bf751;https://data.tainan.gov.tw/File/ResourceCsvDownload/3f532ddc-9048-4a06-9ae5-02869fdaac1e;https://data.tainan.gov.tw/File/ResourceCsvDownload/20ffdd4d-eb7d-47a2-8c56-aa477a85ef80;https://data.tainan.gov.tw/File/ResourceCsvDownload/a1fc9cf6-41f9-4f0a-90ad-ffc8d57d0a3d;https://soa.tainan.gov.tw/Api/Service/Get/20ffdd4d-eb7d-47a2-8c56-aa477a85ef80","UTF-8;UTF-8;UTF-8;UTF-8;UTF-8;UTF-8;UTF-8;UTF-8;UTF-8;UTF-8;UTF-8","系統介接程式","借閱人次及借閱冊數統計","館別;借閱人次;借閱冊數","臺南市政府文化局","每年","政府資料開放授權條款-第1版","https://data.tainan.gov.tw/DataSet/Detail/c2e72bd1-cd4c-46a5-9913-197953789c46","免費","洪鈺宗","(06)3035855#164","2021-04-13 03:13:31","2025-06-09 17:25:27","OAS標準之API說明文件：https://opengov.tainan.gov.tw/OD/api/doc/od1 Swagger 產生API說明頁面網址：https://petstore.swagger.io/","1;0;1;0;0;0;1;0;0;0;0"
"142948","臺南市國民小學班級規模別統計","檔案資料","求學及進修","白金","JSON;CSV","https://soa.tainan.gov.tw/Api/Service/Get/1a4a689a-300f-4420-96cd-bc909b25a2e1;https://data.tainan.gov.tw/File/ResourceCsvDownload/1a4a689a-300f-4420-96cd-bc909b25a2e1","UTF-8;UTF-8","系統介接程式","提供臺南市國民小學班級規模別統計","id;項目別;年級別;國私立;總計[班];20人以下;21-30人;31-35人;36-40人;41-45人;46-50人;51人以上","臺南市政府教育局","不定期更新","政府資料開放授權條款-第1版","https://data.tainan.gov.tw/DataSet/Detail/e50aa0b8-7d88-4a6b-bfeb-d441360061fa","免費","辛龍香","(06)2130669#39","2021-06-26 07:29:12","2025-06-09 16:58:50","","1;0"
"142950","臺南市國民中學校數按班級數學生數別統計","檔案資料","求學及進修","白金","JSON;CSV","https://soa.tainan.gov.tw/Api/Service/Get/b042e808-8545-47c6-bc14-1ae200cf81fc;https://data.tainan.gov.tw/File/ResourceCsvDownload/b042e808-8545-47c6-bc14-1ae200cf81fc","UTF-8;UTF-8","系統介接程式","提供臺南市國民中學校數按班級數學生數別統計資料","Seq;項目別;總計_國民中學;國立國民中學;市立國民中學;私立國民中學;總計_附設國中部;國立附設國中部;市立附設國中部;私立附設國中部","臺南市政府教育局","不定期更新","政府資料開放授權條款-第1版","https://data.tainan.gov.tw/DataSet/Detail/86c2f631-a8e2-432a-b347-5fe4c77c6fcd","免費","辛龍香","(06)2991111","2021-06-26 07:09:55","2025-06-09 15:52:03","","1;0"
"122530","臺南市政府108年勞工領袖大學課程","檔案資料","求學及進修","白金","CSV;CSV;CSV;JSON;CSV;JSON;JSON;JSON","https://data.tainan.gov.tw/File/ResourceCsvDownload/9eb6a821-8700-4616-8bb8-9e61342f9083;https://data.tainan.gov.tw/File/ResourceCsvDownload/51a8ee5d-03ab-44ef-96aa-559ecbd75623;https://data.tainan.gov.tw/File/ResourceCsvDownload/b8d2c74f-70d3-4835-a30c-e61bfb48e1bb;https://soa.tainan.gov.tw/Api/Service/Get/9eb6a821-8700-4616-8bb8-9e61342f9083;https://data.tainan.gov.tw/File/ResourceCsvDownload/7f28669d-72a0-4621-b2dd-bef9b3a029a9;https://soa.tainan.gov.tw/Api/Service/Get/7f28669d-72a0-4621-b2dd-bef9b3a029a9;https://soa.tainan.gov.tw/Api/Service/Get/b8d2c74f-70d3-4835-a30c-e61bfb48e1bb;https://soa.tainan.gov.tw/Api/Service/Get/51a8ee5d-03ab-44ef-96aa-559ecbd75623","UTF-8;UTF-8;UTF-8;UTF-8;UTF-8;UTF-8;UTF-8;UTF-8","系統介接程式","臺南市政府108年勞工領袖大學課程表","日期;課程內容;授課師資;時數;服務單位及職稱","臺南市政府勞工局","不定期更新","政府資料開放授權條款-第1版","https://data.tainan.gov.tw/DataSet/Detail/2eeb27af-1f9c-4031-95bf-7bb7ba94608b","免費","林融達","(06)2991111#6319","2020-05-13 00:59:48","2025-06-09 15:31:37","OAS標準之API說明文件：https://opengov.tainan.gov.tw/Od/api/doc/od2 Swagger 產生API說明頁面網址：https://petstore.swagger.io/","0;0;0;1;0;1;1;1"
"140039","臺南市政府近5年終身學習訓練人次統計","檔案資料","求學及進修","白金","CSV;JSON","https://data.tainan.gov.tw/File/ResourceCsvDownload/bee389e1-473f-45e7-813f-e0d02752a004;https://soa.tainan.gov.tw/Api/Service/Get/bee389e1-473f-45e7-813f-e0d02752a004","UTF-8;UTF-8","系統介接程式","臺南市政府近5年終身學習訓練人次統計資料","年度;數位;實體","人事處","不定期更新","政府資料開放授權條款-第1版","https://data.tainan.gov.tw/DataSet/Detail/c3fd1206-3645-4ec1-a93e-862bbdb7689c","免費","江玟慧","(06)2991111","2021-06-15 09:41:46","2025-06-09 15:07:47","","0;0"
"12012","教育部國民及學前教育署政策宣導廣告執行情形(102-103年度)","檔案資料","求學及進修","白金","CSV;CSV","https://www.k12ea.gov.tw//files/common_unit/a1cca67c-2ebc-4589-85f6-c4e18eb11412/doc/教育部國民及學前教育署政策宣導廣告執行情形(102年度).csv;https://www.k12ea.gov.tw/files/common_unit/f95d6434-9e11-4d7f-bc12-7929f43f9bde/doc/教育部國民及學前教育署政策宣導廣告執行情形(103年度).csv","UTF-8;UTF-8","原始資料","提供教育部國民及學前教育署102及103年政策宣導廣告執行情形相關資訊","廣告主要內容;刊登或播出時間;次數;託播對象;金額","教育部國民及學前教育署","不定期更新","政府資料開放授權條款-第1版","","免費","黃小姐","04-37061817","2015-03-01 00:00:00","2025-06-05 13:16:37","原資料集類型:其他
授權說明網址: http://data.gov.tw/license","28;67"
"173664","雲林縣政府114年度青年社團發展補助計畫補助名單(按月份分-5月)","檔案資料","求學及進修","白金","XLSX;CSV;XML;JSON","https://ws.yunlin.gov.tw/001/Upload/539/opendata/0/2194/c3024eac-2066-40a2-bce2-ffd488a8493d.xlsx;https://ws.yunlin.gov.tw/001/Upload/539/opendata/0/2194/c3024eac-2066-40a2-bce2-ffd488a8493d.csv;https://ws.yunlin.gov.tw/001/Upload/539/opendata/0/2194/c3024eac-2066-40a2-bce2-ffd488a8493d.xml;https://ws.yunlin.gov.tw/001/Upload/539/opendata/0/2194/c3024eac-2066-40a2-bce2-ffd488a8493d.json","UTF-8;UTF-8;UTF-8;UTF-8","系統介接程式","114年度青年社團發展補助計畫補助名單(按月份分-5月)","計畫編號;申請單位;申請補助項目;計畫總經費;自籌經費;申請補助經費;核准補助經費;核銷經費","雲林縣政府","每1月","政府資料開放授權條款-第1版","","免費","蔡小姐","05-5523622","2025-05-22 00:00:00","2025-06-02 11:38:30","","0;0;0;0"
"103756","臺南市數位機會中心(DOC)","檔案資料","求學及進修","白金","JSON","https://odata.tn.edu.tw/OpenDataWeb/ToJson/DisplayOpenData?csvfilename=15臺南市數位機會中心","UTF-8","系統介接程式","提供臺南市數位機會中心(DOC)資訊","中心名稱;承辦單位;連絡電話;CountyCode;AreaCode;Village;StreetDoorPlate","臺南市政府教育局","不定期更新","政府資料開放授權條款-第1版","https://data.tainan.gov.tw/DataSet/Detail/adfd4097-d6cb-41bc-b8a9-d351a5308500","免費","辛龍香","(06)2991111","2019-06-04 01:36:50","2025-05-29 19:16:27","","1"
"142902","臺南市國民小學概況","檔案資料","求學及進修","白金","JSON;CSV","https://soa.tainan.gov.tw/Api/Service/Get/dea63dd5-0ecf-4297-859d-d67b3f368c50;https://data.tainan.gov.tw/File/ResourceCsvDownload/dea63dd5-0ecf-4297-859d-d67b3f368c50","UTF-8;UTF-8","系統介接程式","提供臺南市國民小學概況","設立別及行政區別;校數[所];教師人數合計;教師人數[男];教師人數[女];職員人數合計;職員人數[男];職員人數[女];班級數合計;班級數[一年級];班級數[二年級];班級數[三年級];班級數[四年級];班級數[五年級];班級數[六年級];學生人數合計;學生人數合計[男];學生人數合計[女];學生人數_一年級[男];學生人數_一年級[女];學生人數_二年級[男];學生人數_二年級[女];學生人數_三年級[男];學生人數_三年級[女];學生人數_四年級[男];學生人數_四年級[女];學生人數_五年級[男];學生人數_五年級[女];學生人數_六年級[男];學生人數_六年級[女];上學年度畢業生人數合計;上學年度畢業生人數[男];上學年度畢業生人數[女]","臺南市政府教育局","不定期更新","政府資料開放授權條款-第1版","https://data.tainan.gov.tw/DataSet/Detail/0b95344c-92b3-4127-9668-a43d02400414","免費","辛龍香","(06)2991111","2021-06-25 07:59:55","2025-05-29 19:14:29","","1;1"
"85845","臺南市國小兒童課後照顧服務班開辦學校名單","檔案資料","求學及進修","白金","CSV;JSON","https://data.tainan.gov.tw/File/ResourceCsvDownload/a4a74f1d-54fe-41b5-bdf1-cc89d199b743;https://soa.tainan.gov.tw/Api/Service/Get/a4a74f1d-54fe-41b5-bdf1-cc89d199b743","UTF-8;UTF-8","系統介接程式","提供國小兒童課後照顧服務班開辦學校名單資料","序號;行政區;行政區域代碼;學校名稱","臺南市政府教育局","不定期更新","政府資料開放授權條款-第1版","https://data.tainan.gov.tw/DataSet/Detail/9daea691-beab-4c4d-a22c-8145240ec3c9","免費","辛龍香","(06)2991111","2018-06-05 08:00:06","2025-05-29 19:07:12","","0;1"
"157019","臺南市立各級學校游泳池一覽表","檔案資料","求學及進修","白金","JSON;CSV","https://soa.tainan.gov.tw/Api/Service/Get/c4e579fe-462e-41d4-9f8e-63600e2bf790;https://data.tainan.gov.tw/File/ResourceCsvDownload/c4e579fe-462e-41d4-9f8e-63600e2bf790","UTF-8;UTF-8","系統介接程式","提供臺南市立各級學校游泳池相關資料","游泳池管理單位;經營方式;游泳池類型;目前是否開放民眾使用;CountyCode;AreaCode;Village;StreetDoorPlate;連絡電話","臺南市政府體育局","不定期更新","政府資料開放授權條款-第1版","https://data.tainan.gov.tw/DataSet/Detail/ecac7d02-016c-422a-a10c-ca49c748604f","免費","李家樺","(06)2991111","2022-08-01 06:35:48","2025-05-29 18:58:26","","1;0"
"142951","臺南市國民小學校數按班級數學生數別統計","檔案資料","求學及進修","白金","CSV;JSON","https://data.tainan.gov.tw/File/ResourceCsvDownload/a861a684-6f5c-4bd3-a7e9-d44be74a9527;https://soa.tainan.gov.tw/Api/Service/Get/a861a684-6f5c-4bd3-a7e9-d44be74a9527","UTF-8;UTF-8","系統介接程式","提供臺南市國民小學校數按班級數學生數別統計","班級數;總計國民小學;國立國民小學;市立國民小學;私立國民小學;總計附設國小部;國立附設國小部;市立附設國小部;私立附設國小部","臺南市政府教育局","不定期更新","政府資料開放授權條款-第1版","https://data.tainan.gov.tw/DataSet/Detail/34c65d17-d9c6-49cb-8d8e-845eac4854e2","免費","辛龍香","(06)2130669#39","2021-06-26 07:08:04","2025-05-29 18:58:15","","0;1"
"142949","臺南市國民中學班級規模別統計","檔案資料","求學及進修","白金","CSV;JSON","https://data.tainan.gov.tw/File/ResourceCsvDownload/35c9f4f9-982b-4063-bc56-c799ccd730ab;https://soa.tainan.gov.tw/Api/Service/Get/35c9f4f9-982b-4063-bc56-c799ccd730ab","UTF-8;UTF-8","系統介接程式","提供臺南市國民中學班級規模別統計","id;項目別;年級別;國私立;總計[班];20人以下;21-30人;31-35人;36-40人;41-45人;46-50人;51人以上","臺南市政府教育局","不定期更新","政府資料開放授權條款-第1版","https://data.tainan.gov.tw/DataSet/Detail/43699618-7e66-469c-b145-74aac1da89eb","免費","辛龍香","(06)2991111","2021-06-26 07:21:32","2025-05-29 18:47:15","","0;1"
"160235","教育部臺灣台語及臺灣客語文學獎歷屆得獎名單","檔案資料","求學及進修","白金","CSV","https://language.moe.gov.tw/001/Upload/6/RelFile/6507/7824/教育部臺灣台語及臺灣客語文學獎歷屆得獎名單.csv","UTF-8","原始資料","教育部臺灣台語及臺灣客語文學獎自97年開始辦理，100年起改為每2年舉辦1屆，112年舉辦第9屆。
","語言別;屆期;年度;月分;姓名;文類;組別;名次;作品名稱","教育部終身教育司","每2年","政府資料開放授權條款-第1版","","免費","湯怡祥","0277366818","2023-01-04 00:00:00","2025-05-20 15:15:51","依據並配合行政院111年8月22日院臺文字第1110025587號函及文化部113年6月20日文版字第1133016496號函，優先使用第一組書面建議用語「臺灣原住民族語言、臺灣平埔族群語言、臺灣客語、臺灣台語、馬祖語、臺灣手語」。","630"
"134152","新住民學習中心網-開班訊息-成人教育班","檔案資料","求學及進修","無(品檢未過)","CSV;JSON","https://immi.cyhg.gov.tw/OpenData.aspx?SN=83B77909170BE333;https://immi.cyhg.gov.tw/OpenData.aspx?SN=99CED06B421C0B91","UTF-8;UTF-8","系統介接程式","新住民學習中心網-開班訊息-成人教育班_資料集描述","ArticleType,FileName,Link,Source,title,檔案說明,相關檔案,相關連結,相關圖片,相關影音","嘉義縣政府","不定期更新","政府資料開放授權條款-第1版","","免費","黃先生|先生 先生","05-3652001#","2016-10-26 15:18:48","2025-05-20 11:50:34","",""
"165771","109年臺東縣國民中學學校","檔案資料","求學及進修","金","CSV","https://ttone.taitung.gov.tw/download?id=71niJgqqySp04tOeTMte9Q%3D%3D","BIG5","系統介接程式","109年度臺東縣智慧福利服務躍升計畫OpenData資料收集","資源彙整機關;辦理單位;連絡電話;傳真;電子郵件;地址;X坐標;Y坐標;服務時間;服務項目;相關網址;備註;最後更新時間","社會處","不定期更新","政府資料開放授權條款-第1版","","免費","侯小姐","089-350731","2020-10-19 00:00:00","2025-05-20 11:07:12","","0"
"165770","109年臺東縣國民小學學校","檔案資料","求學及進修","金","CSV","https://ttone.taitung.gov.tw/download?id=niMxaGWn9ZTl4V7aTF%2BGOg%3D%3D","BIG5","系統介接程式","109年度臺東縣智慧福利服務躍升計畫OpenData資料收集","資源彙整機關;辦理單位;連絡電話;傳真;電子郵件;地址;X坐標;Y坐標;服務時間;服務項目;相關網址;備註;最後更新時間","社會處","不定期更新","政府資料開放授權條款-第1版","","免費","侯小姐","089-350731","2020-10-19 00:00:00","2025-05-20 11:07:11","","0"
"165769","109年臺東縣幼兒園","檔案資料","求學及進修","金","CSV","https://ttone.taitung.gov.tw/download?id=lnB%2FA68QyHp7FSvYc6T6Uw%3D%3D","BIG5","系統介接程式","109年度臺東縣智慧福利服務躍升計畫OpenData資料收集","資源彙整機關;性質;辦理單位;連絡電話;地址;相關網址;X坐標;Y坐標;備註;最後更新時間","社會處","不定期更新","政府資料開放授權條款-第1版","","免費","侯小姐","089-350731","2020-10-19 00:00:00","2025-05-20 11:07:06","","0"
"165553","109年度臺東縣特殊教育學校","檔案資料","求學及進修","金","CSV","https://ttone.taitung.gov.tw/download?id=3bYqeVrWG%2FZui8vKMQuvrw%3D%3D","BIG5","系統介接程式","109年度臺東縣智慧福利服務躍升計畫OpenData資料收集","資源彙整機關;學校名稱;連絡電話;傳真;地址;設立別;教育階段;相關網址;X坐標;Y坐標;備註;最後更新時間","社會處","不定期更新","政府資料開放授權條款-第1版","","免費","侯小姐","089-350731","2020-10-19 00:00:00","2025-05-20 11:06:28","","0"
"8797","人才培訓計畫課程資訊","檔案資料","求學及進修","白金","CSV","https://www.ida.gov.tw/opendata/01/8797.csv","UTF-8","原始資料","產業人才發展攸關產業發展及其長期競爭力，經濟部產業發展署持續推動產業創新所需之中高階人才課程，滿足產業對創新、跨領域之人才發展需求。
本署培訓課程辦理範疇涵蓋：工具機、機械、離岸風電、印刷、食品、紡織、醫療器材、藥品製造、能源技術等重點產業。
前述培訓課程資訊皆可於「工業技術人才培訓全球資訊網」(https://ipd.nat.gov.tw/idatrain/)查詢，歡迎各界多加利用。","課程類型;計畫名稱;課程名稱;開課單位;開課日期;結束日期;上課時數;學員負擔費用;政府負擔費用;講師;預定人數;聯絡人;聯絡電話;上課地點;招生對象;培訓班簡介;網址","經濟部產業發展署","不定期更新","政府資料開放授權條款-第1版","https://ipd.nat.gov.tw/idatrain/","免費","錢先生","0227541255#2648","2016-01-01 00:00:00","2025-05-20 10:54:39","授權說明網址: http://data.gov.tw/license","92"
"173459","雲林縣政府114年度青年社團發展補助計畫補助名單(按月份分-4月)","檔案資料","求學及進修","白金","XLSX;CSV;XML;JSON","https://ws.yunlin.gov.tw/001/Upload/539/opendata/0/2189/3d1b4fee-4f06-475b-b156-9e755b16acb8.xlsx;https://ws.yunlin.gov.tw/001/Upload/539/opendata/0/2189/3d1b4fee-4f06-475b-b156-9e755b16acb8.csv;https://ws.yunlin.gov.tw/001/Upload/539/opendata/0/2189/3d1b4fee-4f06-475b-b156-9e755b16acb8.xml;https://ws.yunlin.gov.tw/001/Upload/539/opendata/0/2189/3d1b4fee-4f06-475b-b156-9e755b16acb8.json","UTF-8;UTF-8;UTF-8;UTF-8","系統介接程式","114年度青年社團發展補助計畫補助名單(按月份分-4月)","計畫編號;申請單位;申請補助項目;計畫總經費;自籌經費;申請補助經費;核准補助經費;核銷經費","雲林縣政府勞工處","每1月","政府資料開放授權條款-第1版","","免費","蔡小姐","05-5523622","2025-05-01 00:00:00","2025-05-09 09:15:09","","0;0;0;0"
"173364","雲林縣政府114年度青年社團發展補助計畫補助名單(按月份分-3月)","檔案資料","求學及進修","白金","XLSX;CSV;XML;JSON","https://ws.yunlin.gov.tw/001/Upload/539/opendata/0/2162/340229df-33f6-4cd4-a048-4881d40bcc7f.xlsx;https://ws.yunlin.gov.tw/001/Upload/539/opendata/0/2162/340229df-33f6-4cd4-a048-4881d40bcc7f.csv;https://ws.yunlin.gov.tw/001/Upload/539/opendata/0/2162/340229df-33f6-4cd4-a048-4881d40bcc7f.xml;https://ws.yunlin.gov.tw/001/Upload/539/opendata/0/2162/340229df-33f6-4cd4-a048-4881d40bcc7f.json","UTF-8;UTF-8;UTF-8;UTF-8","系統介接程式","114年度青年社團發展補助計畫補助名單(按月份分-3月)","計畫編號;申請單位;申請補助項目;計畫總經費;自籌經費;申請補助經費;核准補助經費;核銷經費","雲林縣政府勞工處","每1月","政府資料開放授權條款-第1版","","免費","蔡小姐","05-5523622","2025-04-01 00:00:00","2025-04-24 15:30:57","","0;0;0;0"
"173362","雲林縣政府114年度青年社團發展補助計畫補助名單(按月份分-1月)","檔案資料","求學及進修","白金","XLSX;CSV;XML;JSON","https://ws.yunlin.gov.tw/001/Upload/539/opendata/0/2160/ae0ae8a4-5c25-468a-b924-c5a9781a3df2.xlsx;https://ws.yunlin.gov.tw/001/Upload/539/opendata/0/2160/ae0ae8a4-5c25-468a-b924-c5a9781a3df2.csv;https://ws.yunlin.gov.tw/001/Upload/539/opendata/0/2160/ae0ae8a4-5c25-468a-b924-c5a9781a3df2.xml;https://ws.yunlin.gov.tw/001/Upload/539/opendata/0/2160/ae0ae8a4-5c25-468a-b924-c5a9781a3df2.json","UTF-8;UTF-8;UTF-8;UTF-8","系統介接程式","114年度青年社團發展補助計畫補助名單(按月份分-1月)","計畫編號;申請單位;申請補助項目;計畫總經費;自籌經費;申請補助經費;核准補助經費;核銷經費","雲林縣政府勞工處","每1月","政府資料開放授權條款-第1版","","免費","蔡小姐","05-5523622","2025-02-03 00:00:00","2025-04-19 15:53:43","","0;0;0;0"
"173363","雲林縣政府114年度青年社團發展補助計畫補助名單(按月份分-2月)","檔案資料","求學及進修","白金","XLSX;CSV;XML;JSON","https://ws.yunlin.gov.tw/001/Upload/539/opendata/0/2161/c31a6764-7b8c-4ee7-9ef7-09a15411389a.xlsx;https://ws.yunlin.gov.tw/001/Upload/539/opendata/0/2161/c31a6764-7b8c-4ee7-9ef7-09a15411389a.csv;https://ws.yunlin.gov.tw/001/Upload/539/opendata/0/2161/c31a6764-7b8c-4ee7-9ef7-09a15411389a.xml;https://ws.yunlin.gov.tw/001/Upload/539/opendata/0/2161/c31a6764-7b8c-4ee7-9ef7-09a15411389a.json","UTF-8;UTF-8;UTF-8;UTF-8","系統介接程式","114年度青年社團發展補助計畫補助名單(按月份分-2月)","計畫編號;申請單位;申請補助項目;計畫總經費;自籌經費;申請補助經費;核准補助經費;核銷經費","雲林縣政府勞工處","每1月","政府資料開放授權條款-第1版","","免費","蔡小姐","05-5523622","2025-03-03 00:00:00","2025-04-19 15:53:22","","0;0;0;0"
"173360","雲林縣政府113年度青年社團發展補助計畫補助名單(按月份分-11月)","檔案資料","求學及進修","白金","XLSX;CSV;XML;JSON","https://ws.yunlin.gov.tw/001/Upload/539/opendata/0/2158/caed705b-89d8-431e-a083-4da515e45b01.xlsx;https://ws.yunlin.gov.tw/001/Upload/539/opendata/0/2158/caed705b-89d8-431e-a083-4da515e45b01.csv;https://ws.yunlin.gov.tw/001/Upload/539/opendata/0/2158/caed705b-89d8-431e-a083-4da515e45b01.xml;https://ws.yunlin.gov.tw/001/Upload/539/opendata/0/2158/caed705b-89d8-431e-a083-4da515e45b01.json","UTF-8;UTF-8;UTF-8;UTF-8","系統介接程式","113年度青年社團發展補助計畫補助名單(按月份分-11月)","計畫編號;申請單位;申請補助項目;計畫總經費;自籌經費;申請補助經費;核准補助經費;核銷經費","雲林縣政府勞工處","每1月","政府資料開放授權條款-第1版","","免費","蔡小姐","05-5523622","2024-12-02 00:00:00","2025-04-19 15:50:52","","0;0;0;0"
"173361","雲林縣政府113年度青年社團發展補助計畫補助名單(按月份分-12月)","檔案資料","求學及進修","白金","XLSX;CSV;XML;JSON","https://ws.yunlin.gov.tw/001/Upload/539/opendata/0/2159/d9c032d2-eb35-4429-aab1-475bd7babf24.xlsx;https://ws.yunlin.gov.tw/001/Upload/539/opendata/0/2159/d9c032d2-eb35-4429-aab1-475bd7babf24.csv;https://ws.yunlin.gov.tw/001/Upload/539/opendata/0/2159/d9c032d2-eb35-4429-aab1-475bd7babf24.xml;https://ws.yunlin.gov.tw/001/Upload/539/opendata/0/2159/d9c032d2-eb35-4429-aab1-475bd7babf24.json","UTF-8;UTF-8;UTF-8;UTF-8","系統介接程式","113年度青年社團發展補助計畫補助名單(按月份分-12月)","計畫編號;申請單位;申請補助項目;計畫總經費;自籌經費;申請補助經費;核准補助經費;核銷經費","雲林縣政府勞工處","每1月","政府資料開放授權條款-第1版","","免費","蔡小姐","05-5523622","2025-01-01 00:00:00","2025-04-19 15:50:33","","0;0;0;0"
"171308","雲林縣政府113年度青年社團發展補助計畫補助名單(按月份分-10月)","檔案資料","求學及進修","白金","XLSX;CSV;XML;JSON","https://ws.yunlin.gov.tw/001/Upload/539/opendata/0/2098/4cc6868c-5661-46ce-8c45-ce73d9dc5e6e.xlsx;https://ws.yunlin.gov.tw/001/Upload/539/opendata/0/2098/4cc6868c-5661-46ce-8c45-ce73d9dc5e6e.csv;https://ws.yunlin.gov.tw/001/Upload/539/opendata/0/2098/4cc6868c-5661-46ce-8c45-ce73d9dc5e6e.xml;https://ws.yunlin.gov.tw/001/Upload/539/opendata/0/2098/4cc6868c-5661-46ce-8c45-ce73d9dc5e6e.json","UTF-8;UTF-8;UTF-8;UTF-8","系統介接程式","113年度青年社團發展補助計畫補助名單(按月份分-10月)","計畫編號;申請單位;申請補助項目;計畫總經費;自籌經費;申請補助經費;核准補助經費;核銷經費","雲林縣政府勞工處","每1月","政府資料開放授權條款-第1版","","免費","蔡小姐","05-5523622","2024-10-29 00:00:00","2025-04-19 15:36:52","","0;0;0;0"
"9341","高中職生目前吸菸率-依性別分","檔案資料","求學及進修","無(白名單)","ODS","https://www.hpa.gov.tw/Pages/ashx/GetFile.ashx?lang=c&type=1&sid=cdf75bacd163466ab7ab8431fe9c3629","其他","原始資料","1.資料來源:國民健康署青少年吸菸行為調查
2.過去30天內曾經嘗試吸菸，即使只吸一、兩口之百分比。","年份別;有效樣本數;合計 (%);男性 (%);女性 (%)","衛生福利部國民健康署","每2年","政府資料開放授權條款-第1版","","免費","鍾小姐","02-25220888#606","2013-02-01 00:00:00","2025-04-11 14:02:59","更新頻率說明: 不定期
授權說明網址: http://data.gov.tw/license","9"
"26219","大學、技專校院各校生師比","檔案資料","求學及進修","金","CSV","https://ws.moe.edu.tw/001/Upload/4/relfile/0/4748/ea807110-8b6c-4574-a39e-bddd26fbae0c.csv","UTF-8","原始資料","1.大專校院各校生師比。
2.與大專校院校務資訊公開平臺之「教5.日間學制生師比-以『校』統計」資料相同。","學年度;設立別;學校類別;學校統計處代碼;學校名稱;日間學制學生數;日間專任教師(含助教);日間生師比(%)","教育部高等教育司","不定期更新","政府資料開放授權條款-第1版","","免費","洪小姐","02-77365878","2016-01-06 00:00:00","2025-03-31 08:38:42","更新頻率說明: 每年10月
授權說明網址: http://data.gov.tw/license","479"
"26236","大學校院各系離島地區個人申請保送一般大學核定外加名額","檔案資料","求學及進修","金","CSV","https://ws.moe.edu.tw/001/Upload/4/relfile/0/5037/15aee9f2-6651-47f4-a6b0-398bf391d0af.csv","UTF-8","原始資料","大學校院各學系，離島地區（金門、馬祖、澎湖、臺東、屏東等），於個人申請外，外加保送一般大學核定名額。","學校名稱;校系組名稱;核定外加名額-澎湖縣;核定外加名額-金門縣;核定外加名額-連江縣
(馬祖);核定外加名額-臺東縣
(綠島、蘭嶼);核定外加名額-屏東縣
(琉球)","教育部高等教育司","不定期更新","政府資料開放授權條款-第1版","","免費","李先生","0277365875","2016-01-06 00:00:00","2025-03-31 08:32:31","授權說明網址: http://data.gov.tw/license","220"
"160250","【適合嬰幼兒閱讀之優良圖書入選書單】資料集","檔案資料","求學及進修","白金","CSV","https://ws.moe.edu.tw/001/Upload/6/relfile/7856/87376/03b5b80c-f895-4ed5-aec7-5425dbea79c3.csv","UTF-8","原始資料","教育部為評選適合0-5歲嬰幼兒閱讀之圖書，逐年由專家學者選出嬰幼兒閱讀之優良圖書入選書單，供相關單位及家長參考。","年度;書名;作者；繪者；譯者;建議適讀年齡","教育部終身教育司","不定期更新","政府資料開放授權條款-第1版","https://www.pccr.tw/","免費","趙以琳","02-77365701","2023-01-04 00:00:00","2025-03-28 16:22:28","","1000"
"168507","南投縣國民中小學各年級普通班學生人數","檔案資料","求學及進修","白金","CSV","https://data.nantou.gov.tw/dataset/ba1453b2-cb23-4fa6-92ce-2eae7cc8f37f/resource/f0d06912-bcc8-4687-8222-a32af63d4e7e/download/20250303135449.csv","BIG5","系統介接程式","113學年度南投縣國民中小學各年級普通班學生人數","年級別;普通班學生人數","南投縣政府","不定期更新","政府資料開放授權條款-第1版","","免費","莊宗翰","049-2222106#1321","2024-05-01 00:00:00","2025-03-26 23:00:02","","0"
"25847","高級中等學校評鑑成績","檔案資料","求學及進修","金","CSV","https://www.k12ea.gov.tw//files/common_unit/dc12d613-cf04-47bd-87a9-a774f28d4215/doc/高級中等學校評鑑成績.csv","UTF-8","原始資料","提供各年度評鑑項目成績","年度;學校;校長領導;行政管理;課程教學;師資質量;學務輔導;環境設備;校務發展;社群互動;實習輔導;績效表現;專業群科","教育部國民及學前教育署","不定期更新","政府資料開放授權條款-第1版","","免費","吳小姐","0437061123","2015-12-29 00:00:00","2025-03-24 15:11:35","授權說明網址: http://data.gov.tw/license","745"
"173135","苗栗縣113年度各公共圖書館辦證量","檔案資料","求學及進修","金","CSV","https://webws.miaoli.gov.tw/Download.ashx?u=LzAwMS9VcGxvYWQvb3BlbmRhdGEvMTgyMC84ZjNmODc3Yy0xOGI4LTQ0MjMtYThmNC0wZDJmOWQ3ZGYzNjYuY3N2&n=5o%2bQ5L6b6IuX5qCX57ijMTjphInpjq7luILlhazlhbHlnJbmm7jppKjmlrwxMTPlubQxMuW6leatouWQhOmkqOS5i%2bi%2bpuitieaVuOmHj%2bS%2bm%2bawkemWk%2bWPg%2biAg%2bS9v%2beUqC5jc3Y%3d&icon=.csv","UTF-8","系統介接程式","提供苗栗縣18鄉鎮市公共圖書館於113年度12月底止各館之辦證數量供民間參考使用","序號;館別;累計辦證數;113年12月底各鄉鎮人口數","教育處","不定期更新","政府資料開放授權條款-第1版","","免費","丁 小姐","037-329077","2025-03-20 00:00:00","2025-03-24 09:47:23","","1"
"173106","苗栗縣立案公私立幼兒園清冊1140310","檔案資料","求學及進修","銀","ODS","https://webws.miaoli.gov.tw/Download.ashx?u=LzAwMS9VcGxvYWQvb3BlbmRhdGEvMTgzMi8xMDI0MWUyNi0wMWEyLTRjYzMtYTA2Ni0wMzFhYWZjYTFmNTAub2Rz&n=6IuX5qCX57ij56uL5qGI5bm85YWS5ZySLm9kcw%3d%3d&icon=.ods","UTF-8","系統介接程式","苗栗縣立案幼兒園_1140310","名稱;地址;電話;核定人數;兼辦國小課後照顧人數;招收年齡","教育處","每1年","政府資料開放授權條款-第1版","","免費","邱 小姐","037-559301","2025-03-14 00:00:00","2025-03-14 16:32:18","","1"
"173052","特殊教育","檔案資料","求學及進修","銀","CSV","https://webws.miaoli.gov.tw/Download.ashx?u=LzAwMS9VcGxvYWQvb3BlbmRhdGEvMTc5OS8xYmUyNTQwNi1hYjI1LTQ4YTYtOGU1My1hMmEyNTQxY2E5YTQuY3N2&n=MTEz5a245bm05bqm54m55q6K5pWZ6IKy6Lqr5b%2bD6Zqc56SZ54%2bt54%2bt57Sa5pW45LiA6Ka96KGoLmNzdg%3d%3d&icon=.csv","UTF-8","系統介接程式","身心障礙類特殊教育班設置概況","身心障礙類特殊教育班設置概況","教育處","每1年","政府資料開放授權條款-第1版","","免費","范雅婷 小姐","037-337811","2025-03-11 00:00:00","2025-03-11 11:25:29","","1"
"86269","新南向國家人才培訓課程計畫","檔案資料","求學及進修","白金","CSV","https://www.trade.gov.tw/OpenData/getOpenData.aspx?oid=6D107545318A8D05","UTF-8","原始資料","為協助廠商於新南向市場拓展策略，貿易署提供新南向國家人才培育課程，包括：國際企業經營班（越語組、印尼語組、泰語組）、新南向人才儲備專班、駐外印尼語文化初階班、駐外泰語及越語文化初階班，以培育臺灣新南向市場專才，俾利開發新南向市場。","培訓課程名稱;開始日期;結束日期;目標國家;參訓人數","經濟部國際貿易署","不定期更新","政府資料開放授權條款-第1版","","免費","吳麗惠","02-23977312","2018-06-29 00:00:00","2025-03-11 10:38:19","每項資料間，以逗號區隔","54"
"22678","補助國內大學院校學生赴新興市場企業實習計畫","檔案資料","求學及進修","白金","CSV","https://www.trade.gov.tw/OpenData/getOpenData.aspx?oid=6B7F57AAFDE15F54","UTF-8","原始資料","提供補助大學院校選送國內學生赴新興市場企業實習之計畫","學校名稱及系所;計畫名稱;實習國家;實習國家別;實習天數;核定補助金額NT$","經濟部國際貿易署","不定期更新","政府資料開放授權條款-第1版","","免費","黃小姐","0223977324","2015-10-05 00:00:00","2025-03-07 17:54:18","授權說明網址: http://data.gov.tw/license","26"
"172827","非營利組織數據應用輔導清單","檔案資料","求學及進修","白金","CSV","https://www-api.moda.gov.tw/OpenData/Files/15048","UTF-8","原始資料","提供參與「數據賦能 公益創新」客製化數據應用輔導之NGO/NPO名單及數據轉型成果列表，供我國NGO/NPO作為數據轉型參考典範案例。","年度;團隊名稱;輔導成果","數位發展部","不定期更新","政府資料開放授權條款-第1版","","免費","詹壹雯","02-23800397","2025-02-14 00:00:00","2025-02-14 09:45:03","","8"
"172826","政府機關及公營事業資料應用輔導清單","檔案資料","求學及進修","白金","CSV","https://www-api.moda.gov.tw/OpenData/Files/15046","UTF-8","原始資料","提供歷年參與資料創新應用輔導之政府機關名稱及提案資料，作為政府機關推動智慧化政府公共服務之參考。","年度;受輔導機關單位;輔導成果","數位發展部","不定期更新","政府資料開放授權條款-第1版","","免費","蔡依婷","02-23800363","2025-02-14 00:00:00","2025-02-14 09:45:03","","11"
"129885","大專校院特殊教育學生人數","檔案資料","求學及進修","金","CSV;CSV","https://ws.moe.edu.tw/001/Upload/10/relfile/7837/76793/ef70681f-ee0c-4096-80fe-1d4077fd1fd2.csv;https://ws.moe.edu.tw/001/Upload/10/relfile/7837/76791/0fea002e-36e4-4ed1-b3ba-4bd995a6270f.csv","UTF-8;BIG5","原始資料","本資料集提供大專校院階段通過特殊教育鑑定以及提出放棄身分之學生人數","104學年度至108學年度大專校院特殊教育鑑定通過人數統計表;","教育部學生事務及特殊教育司","不定期更新","政府資料開放授權條款-第1版","","免費","鄭浩宇","02-77367890","2020-09-03 00:00:00","2024-12-31 18:27:01","","6;6"
"32303","大陸地區高等學校認可名冊","檔案資料","求學及進修","金","CSV","https://ws.moe.edu.tw/001/Upload/4/relfile/0/4765/469a44a3-c95f-4d25-8f68-8aa0cda37f45.csv","UTF-8","原始資料","提供教育部認可之大陸地區高等學校或機構之校名、網址及所在地","校名;網址;所在地","教育部高等教育司","不定期更新","政府資料開放授權條款-第1版","","免費","周小姐","0277366752","2016-06-20 00:00:00","2024-12-31 17:00:56","授權說明網址: http://data.gov.tw/license","155"
"25694","大學校院原住民專班核定外加名額","檔案資料","求學及進修","金","CSV","https://ws.moe.edu.tw/001/Upload/4/relfile/0/4713/4628c617-687d-4404-ac79-0c1e8b984b0b.csv","UTF-8","原始資料","提供本部核定一般大學原住民專班招收原住民學生之外加名額","學校;專班名稱;核定名額","教育部高等教育司","不定期更新","政府資料開放授權條款-第1版","","免費","陳小姐","0277366088","2016-01-06 00:00:00","2024-12-31 17:00:04","授權說明網址: http://data.gov.tw/license","26"
"28387","高中職以上學校學生就學貸款統計","檔案資料","求學及進修","金","CSV","https://ws.moe.edu.tw/001/Upload/4/relfile/0/4764/e2270c3b-2f9a-458b-b582-c661eb83aeb6.csv","UTF-8","原始資料","103-107學年度高級中等以上學校學生申請就學貸款人次、人數及貸款金額","學年度;項目;公立大專校院;私立大專校院;公立高中職;私立高中職","教育部高等教育司","不定期更新","政府資料開放授權條款-第1版","","免費","陳小姐","0277365884","2016-03-23 00:00:00","2024-12-31 16:59:17","授權說明網址: http://data.gov.tw/license","15"
"26204","私立大專校院學校各項經常支出情形","檔案資料","求學及進修","金","CSV","https://ws.moe.edu.tw/001/Upload/4/relfile/0/4743/764ec2ef-f5ef-4f70-9e4a-0443947e5706.csv","UTF-8","原始資料","1.提供私立大專校院學校各項經常支出情形。
（1） 各項經常支出係指人事費支出(含退休撫卹+超額年金)、業務費(不含折舊及攤銷)、折舊及攤銷、獎學金支出、補助弱勢清寒學生之助學性支出、建築物及設備之維護費用、利息費用、(各項投資、基金及附屬機構損失)、其他校務支出及合計。
（2）業務費係學校處理一般事務所需之各項費用，包括行政及教學所需之文具、紙張、印刷、郵電、水電、運費、差旅費、租金、保險費、燃料、物品、公關、慶典福利、研究訓練、進修補助及各項雜支等屬之。
（3）其他校務支出主要為學校試務費、財產交易短絀、雜項支出與董事會之出席及交通費等。
（4）本表之各項金額數據以新臺幣「千元」為統計單位。
（5）105學年度決算尚未備查者：中國文化大學、明道大學。106學年度決算尚未備查者：中國文化大學、明道大學、亞太學校財團法人亞太創意技術學院。
2.與大專校院校務資訊公開平臺之「財2-7.私立學校各項經常支出情形-以『校』統計」資料相同。","學年度;設立別;學校類別;學校統計處代碼;學校名稱;人事費支出(含退休撫卹+超額年金)金額(單位：千元);人事費支出(含退休撫卹+超額年金)(%);業務費(不含折舊及攤銷)金額(單位：千元);業務費(不含折舊及攤銷)(%);折舊及攤銷金額(單位：千元);折舊及攤銷(%);獎學金支出金額(單位：千元);獎學金支出(%);補助弱勢清寒學生之助學性支出金額(單位：千元);補助弱勢清寒學生之助學性支出(%); 建築物及設備之維護費用金額(單位：千元); 建築物及設備之維護費用(%);利息費用金額(單位：千元);利息費用(%);各項投資、基金及附屬機構損失金額(單位：千元);各項投資、基金及附屬機構損失(%);其他校務支出金額(單位：千元);其他校務支出(%);合計金額(單位：千元);合計(%)","教育部高等教育司","不定期更新","政府資料開放授權條款-第1版","","免費","張小姐","02-77365960","2016-01-06 00:00:00","2024-12-31 16:56:58","更新頻率說明: 每年10月
授權說明網址: http://data.gov.tw/license","332"
"24739","教育部獎勵私立大學校院校務發展計畫之各校核定經費","檔案資料","求學及進修","金","CSV","https://ws.moe.edu.tw/001/Upload/4/relfile/0/5043/5cdace78-00df-4e92-afdc-b712446467cf.csv","UTF-8","原始資料","公布教育部獎勵私立大學校院校務發展計畫之獲補助學校及其核定金額","學校名稱;103年度獎補助經費;104年度獎補助經費;105年度獎補助經費;106年度獎補助經費;107年度獎補助經費;108年度獎補助經費","教育部高等教育司","不定期更新","政府資料開放授權條款-第1版","","免費","趙小姐","0277366758","2015-11-23 00:00:00","2024-12-31 16:55:53","授權說明網址: http://data.gov.tw/license","44"
"28415","大學校院總量增設調整核定表","檔案資料","求學及進修","金","CSV","https://ws.moe.edu.tw/001/Upload/4/relfile/0/5036/9f3a737e-1805-4272-a28f-51803918021e.csv","UTF-8","原始資料","公告大學校院增設、調整院、系、所、學位學程資料","學校名稱;申請類型;班別;院系所學位學程名稱;備註","教育部高等教育司","不定期更新","政府資料開放授權條款-第1版","","免費","洪小姐","0277365878","2016-03-31 00:00:00","2024-12-31 16:54:58","授權說明網址: http://data.gov.tw/license","254"
"147228","國立自然科學博物館大自然的真相影片","檔案資料","求學及進修","金","JSON","https://web3.nmns.edu.tw/Project/API/nature/api.json","UTF-8","原始資料","蒐藏庫是一般觀眾接觸不到的博物館後臺，每樣化石或標本都有著精彩故事，也是揭露科學真相的重要線索。即日起限時免費完整公開大自然真相系列影片，邀請大家一同來觀賞。","影片名稱;影片介紹;影片網址","國立自然科學博物館","不定期更新","政府資料開放授權條款-第1版","","免費","陳奕廷","04-23226940#727","2022-01-05 00:00:00","2024-12-31 09:49:02","","20"
"109376","新竹縣公私立幼兒園名錄","檔案資料","求學及進修","白金","XLSX;CSV;XML;JSON","https://ws.hsinchu.gov.tw/001/Upload/1/opendata/8774/348/b36fa839-e361-4d3a-b06d-99ae6c78f122.xlsx;https://ws.hsinchu.gov.tw/001/Upload/1/opendata/8774/348/b36fa839-e361-4d3a-b06d-99ae6c78f122.csv;https://ws.hsinchu.gov.tw/001/Upload/1/opendata/8774/348/b36fa839-e361-4d3a-b06d-99ae6c78f122.xml;https://ws.hsinchu.gov.tw/001/Upload/1/opendata/8774/348/b36fa839-e361-4d3a-b06d-99ae6c78f122.json","UTF-8;BIG5;UTF-8;UTF-8","系統介接程式","113學年度新竹縣公私立幼兒園名錄","主題分類;名稱;郵遞區號;住址;電話","新竹縣政府教育局","不定期更新","政府資料開放授權條款-第1版","","免費","卓宥文|先生","03-5518101#2876","2019-09-23 00:00:00","2024-12-28 21:27:30","","0;0;0;0"
"31573","環境教育人員認證研習資訊彙整","檔案資料","求學及進修","白金","CSV","https://www.greenschool.moe.edu.tw/gs2/dl.ashx?k=563CC2D2193235227473382EC54A8DACB1340430FF29CF7CA858C43C2497853F4301838FDA1E6273BF20211F0DB097DDF0F4F245387E2271790B475FF417F2804027C2F042E696606B34E13BFC2ACB67BD5E5BA90BC66B92DD993F75A91C5F02","BIG5","原始資料","經教育部認定符合「環境教育人員認證及管理辦法」第5條第1款之環境教育人員認證研習資訊彙整","研習年度;研習日期;開課單位;研習課程種類;研習課程名稱;研習時數;對象;報名方式;聯絡人;教育部核定文號","教育部資訊及科技教育司","不定期更新","政府資料開放授權條款-第1版","https://www.greenschool.moe.edu.tw/_userinfo/green/EEArea_authstudy/28862/107年24小時清冊1070719.csv","免費","黃小姐","02-77129126","2016-05-30 00:00:00","2024-12-27 17:30:28","授權說明網址: http://data.gov.tw/license","91"
"31572","教育部補助大專校院辦理永續發展、防減災與氣候變遷調適通識課程名單","檔案資料","求學及進修","白金","CSV","https://climatechange.tw/OpenData/%E6%95%99%E8%82%B2%E9%83%A8%E8%A3%9C%E5%8A%A9%E5%A4%A7%E5%B0%88%E6%A0%A1%E9%99%A2%E8%BE%A6%E7%90%86%E6%B0%B8%E7%BA%8C%E7%99%BC%E5%B1%95%E3%80%81%E9%98%B2%E6%B8%9B%E7%81%BD%E8%88%87%E6%B0%A3%E5%80%99%E8%AE%8A%E9%81%B7%E8%AA%BF%E9%81%A9%E9%80%9A%E8%AD%98%E8%AA%B2%E7%A8%8B%E5%90%8D%E5%96%AE.csv","BIG5","原始資料","教育部依據國家氣候變遷調適政策綱領，於101學度年起補助大專校院開設氣候變遷相關課程，自107年改以補助教學活動，鼓勵大專校院更具彈性推動氣候變遷教育。爰未持續補助此項目，資料停止更新。","學年度;學期;開課學校;課程名稱;備註","教育部資訊及科技教育司","不定期更新","政府資料開放授權條款-第1版","https://climatechange.tw/OpenData/通識課程補助.csv","免費","趙先生","0277129004","2016-05-20 00:00:00","2024-12-27 11:56:09","授權說明網址: http://data.gov.tw/license","151"
"31847","高中職行動學習推動計畫補助學校名單","檔案資料","求學及進修","白金","CSV","https://ws.moe.edu.tw/001/Upload/9/relfile/7836/97654/200d8d76-9468-4e54-90c3-012d7cb517bc.csv","UTF-8","原始資料","提供高中職行動學習推動計畫執行各學年度補助學校名單，本計畫已於108年終止執行故不再進行資料更新。","學年度;計畫開始日期;計畫結束日期;學習階段;學校名稱","教育部資訊及科技教育司","不定期更新","政府資料開放授權條款-第1版","","免費","陳先生","0277129049","2016-05-31 00:00:00","2024-12-25 13:53:02","授權說明網址: http://data.gov.tw/license","177"
"13028","金融研訓院網路書店證照測驗/就業/檢定書籍資訊","檔案資料","求學及進修","白金","CSV","https://www.tabf.org.tw/BECommon/Doc/FormEdit/1476.csv","UTF-8","原始資料","本資料集為金融研訓院針對各項證照測驗或就業測驗或檢定考試之參考書籍，提供給需要就業求職或考取證照人員之參考。","書名;語言別;出版社;出版日期_年;出版日期_月;出版日期_日;類別;ISBN;定價;售價","金融監督管理委員會銀行局","不定期更新","政府資料開放授權條款-第1版","","免費","賴先生","02-33653581;02-33653666#581","2015-03-18 00:00:00","2024-12-24 14:55:57","授權說明網址: https://data.gov.tw/license","59"
"13026","金融研訓院網路書店新書快訊","檔案資料","求學及進修","白金","CSV","https://www.tabf.org.tw/BECommon/Doc/FormEdit/1474.csv","UTF-8","原始資料","為金融研訓院最新出版的雜誌或叢書。","書名;作者;譯者;語言別;出版社;出版日期_年;出版日期_月;出版日期_日;類別;ISBN;定價;售價","金融監督管理委員會銀行局","不定期更新","政府資料開放授權條款-第1版","","免費","賴先生","02-33653581;02-33653666#581","2015-03-18 00:00:00","2024-12-24 14:54:38","授權說明網址: https://data.gov.tw/license","26"
"41619","教育部學術倫理課程發展計畫參與學校名單","檔案資料","求學及進修","白金","CSV","https://ws-proj.moe.edu.tw/001/Upload/580/relfile/13336/2474/f4938793-768b-4043-9402-f8d9297a1346.csv","UTF-8","原始資料","教育部推動「校園學術倫理教育與機制發展計畫」其下之「學術倫理課程發展計畫」鼓勵各大學校院規劃開設學術倫理相關課程，訂定「教育部辦理補助學術倫理課程發展計畫徵件須知」，此為104學年度第1學期至105學年度第1學期通過審查之參與學校名單。","序號;年度;學期別;計畫編號;類別;計畫名稱;執行單位;計畫起始日;計畫截止日","教育部資訊及科技教育司","不定期更新","政府資料開放授權條款-第1版","https://proj.moe.edu.tw/HSS-3/","免費","廖先生","02-77129020","2016-12-23 00:00:00","2024-12-24 14:43:36","計畫結束，停止更新。
授權說明網址: https://data.gov.tw/license","182"
"168520","南投縣身心障礙類特殊教育班設置概況(國小)","檔案資料","求學及進修","金","CSV","https://data.nantou.gov.tw/dataset/8c3bf1a1-2c43-48bd-9dfc-4210d982424b/resource/f415a80b-4866-4f34-aa16-518f67b7cec6/download/113032609.csv","UTF-8","系統介接程式","112 學年度南投縣身心障礙類特殊教育班設置概況(國小身心障礙特殊教育班)","編號;鄉鎮;學校;設班教育階段;集中式特教班智障（集中式）;資源式特教班不分類（身障類資源班）;不分類巡迴輔導班;其他巡迴輔導;在家教育;小計","南投縣政府","不定期更新","政府資料開放授權條款-第1版","","免費","劉芯玓","049-2222106#1364","2024-05-02 00:00:00","2024-12-05 23:00:15","","0"
"168521","南投縣所屬學校體育班設置名單","檔案資料","求學及進修","白金","CSV","https://data.nantou.gov.tw/dataset/78e47c22-00a5-4e03-9b9d-100cfd799637/resource/f67cb9ac-65de-4a51-9242-db48a565f540/download/113051303.csv","UTF-8","系統介接程式","所屬學校體育班設置名單","編號;鄉鎮;校名;電話;郵地區號;學校地址;學校網址","南投縣政府","不定期更新","政府資料開放授權條款-第1版","","免費","洪佳靖","049-2222106#1394","2024-05-02 00:00:00","2024-12-05 23:00:06","","0"
"26377","國立公共資訊圖書館數位典藏資源加值文創數位教材","檔案資料","求學及進修","白金","XML","https://www.nlpi.edu.tw/opendata/484b953e-4b9a-40b5-aaab-cbb08c660f00?format=xml","UTF-8","原始資料","將國立公共資訊圖書館典藏之日文舊籍暨舊版報紙等珍貴資源，以從日據至戰後之臺灣人民生活百態為主題，加值產製可運用於國民中小學課堂或課後輔助之數位學習教材，俾使民眾方便親近此類珍貴的數位典藏資源","課程代號;主題;網址;出處","國立公共資訊圖書館","不定期更新","政府資料開放授權條款-第1版","","免費","陳豫宏","0422625100#1306","2016-01-13 00:00:00","2024-12-05 14:08:13","授權說明網址: http://data.gov.tw/license","8"
"169607","新竹縣立案補習班名冊","檔案資料","求學及進修","白金","XLSX;CSV;XML;JSON","https://ws.hsinchu.gov.tw/001/Upload/1/opendata/8774/2560/0361613d-d1be-438a-8fe5-6a67dd915a30.xlsx;https://ws.hsinchu.gov.tw/001/Upload/1/opendata/8774/2560/0361613d-d1be-438a-8fe5-6a67dd915a30.csv;https://ws.hsinchu.gov.tw/001/Upload/1/opendata/8774/2560/0361613d-d1be-438a-8fe5-6a67dd915a30.xml;https://ws.hsinchu.gov.tw/001/Upload/1/opendata/8774/2560/0361613d-d1be-438a-8fe5-6a67dd915a30.json","UTF-8;BIG5;UTF-8;UTF-8","系統介接程式","新竹縣立案補習班名冊及立案資訊","序號;補習班名稱;立案日期;立案文號;補習班地址","新竹縣政府教育局","不定期更新","政府資料開放授權條款-第1版","","免費","李|先生","03-5518101#2896","2024-07-19 00:00:00","2024-12-04 11:29:21","","0;0;0;0"
"171669","苗栗縣縣社區大學名冊聯絡資訊","檔案資料","求學及進修","銀","CSV","https://webws.miaoli.gov.tw/Download.ashx?u=LzAwMS9VcGxvYWQvb3BlbmRhdGEvMTYzOC8yMDY2YjAzYi1lZGIxLTQwNDctOTMxMS0xODNiYmE0ODIyODkuY3N2&n=6LOH5rqQ5b2Z5pW05qmf6Zec44CB56S%2b5aSn5ZCN56ix44CB6L6m55CG5Zau5L2N44CB6Zu76Kmx44CB6Zu75a2Q6YO15Lu244CB5Zyw5Z2A44CB55u46Zec57ay5Z2A44CB5pyA5b6M5pu05paw5pmC6ZaTLmNzdg%3d%3d&icon=.csv","UTF-8","系統介接程式","資源彙整機關、社大名稱、辦理單位、電話、電子郵件、地址、相關網址、最後更新時間","資源彙整機關;社大名稱;辦理單位;電話;電子郵件;地址;相關網址;最後更新時間","教育處","不定期更新","政府資料開放授權條款-第1版","","免費","洪 小姐","037-559689","2024-12-04 00:00:00","2024-12-03 16:47:08","","2"
"160584","MATA獎得獎名單","檔案資料","求學及進修","白金","CSV","https://ws.moe.edu.tw/001/Upload/3/relfile/7829/97223/08742541-c668-4797-a999-10d133a834cd.csv","BIG5","原始資料","收錄MATA獎第1屆至第11屆得獎名單","屆次;年度;序號;類別;獎項;片名;就讀學校;得獎同學","教育部綜合規劃司","每2年","政府資料開放授權條款-第1版","","免費","姚竹音","02-77365718","2023-03-03 00:00:00","2024-11-26 11:11:55","","0"
"99698","國立公共資訊圖書館自修座位數量","檔案資料","求學及進修","金","XML","https://www.nlpi.edu.tw/opendata/a95b2c35-054c-4638-9f3f-43a744da70ab?format=xml","UTF-8","原始資料","本資料集主要提供國立公共資訊圖書館總館及各分館自修座位設置的館別、樓層及數量。","設置位置;席位數量","國立公共資訊圖書館","不定期更新","政府資料開放授權條款-第1版","","免費","王小姐","04-22625100#1118","2019-03-10 00:00:00","2024-11-20 16:43:31","","3"
"109323","新竹縣托育人員專業訓練課程","檔案資料","求學及進修","白金","XLSX;CSV;XML;JSON","https://ws.hsinchu.gov.tw/001/Upload/1/opendata/8774/281/cc7837a0-c21a-4069-afed-38fbda35823a.xlsx;https://ws.hsinchu.gov.tw/001/Upload/1/opendata/8774/281/cc7837a0-c21a-4069-afed-38fbda35823a.csv;https://ws.hsinchu.gov.tw/001/Upload/1/opendata/8774/281/cc7837a0-c21a-4069-afed-38fbda35823a.xml;https://ws.hsinchu.gov.tw/001/Upload/1/opendata/8774/281/cc7837a0-c21a-4069-afed-38fbda35823a.json","UTF-8;BIG5;UTF-8;UTF-8","系統介接程式","新竹縣托育人員專業訓練課程表","編號;梯次;辦理單位;電話;性質;班別;課程日期;預計招收人數;報名總人數;性別;報名人數;結業總人數;結業人數;費用","社會處","不定期更新","政府資料開放授權條款-第1版","","免費","邱小姐|女士","03-5518101#3251","2019-09-21 00:00:00","2024-11-20 08:13:17","","0;0;0;0"
"109212","新竹縣立國民中小學特殊教育班開班學校及班型名冊","檔案資料","求學及進修","白金","XLSX;CSV;XML;JSON","https://ws.hsinchu.gov.tw/001/Upload/1/opendata/8774/11/675f2bb0-640a-4171-a380-85f84decdaf0.xlsx;https://ws.hsinchu.gov.tw/001/Upload/1/opendata/8774/11/675f2bb0-640a-4171-a380-85f84decdaf0.csv;https://ws.hsinchu.gov.tw/001/Upload/1/opendata/8774/11/675f2bb0-640a-4171-a380-85f84decdaf0.xml;https://ws.hsinchu.gov.tw/001/Upload/1/opendata/8774/11/675f2bb0-640a-4171-a380-85f84decdaf0.json","UTF-8;BIG5;UTF-8;UTF-8","系統介接程式","新竹縣立國民中小學特殊教育班開班學校及班型名冊清單","編號;校名;班級類型1120904;地址;電話","新竹縣政府教育局","不定期更新","政府資料開放授權條款-第1版","","免費","鄭宇評|女士","03-5518101#2831","2019-09-21 00:00:00","2024-11-15 12:01:28","","0;0;0;0"
"9744","歷年僑務研究碩博士論文獎助得獎名單","檔案資料","求學及進修","無(白名單)","CSV","https://www.ocac.gov.tw/OCAC/File/Attach/28935/File_24123.csv","UTF-8","原始資料","為鼓勵國內各大學校院碩博士生撰寫僑務相關領域論文，本會自93年起辦理僑務研究碩博士論文獎助，111年配合僑務學術研究業務變革轉型，整併為僑務學術研討會，爰不再更新本項資料集。","年度;學校;科系;學歷;姓名;得獎論文","僑務委員會","不定期更新","政府資料開放授權條款-第1版","","免費","黃小姐","02-23272772","2014-12-15 00:00:00","2024-11-05 10:01:22","授權說明網址: http://data.gov.tw/license","112"
"101445","歷年獎勵僑務學術論著名單","檔案資料","求學及進修","白金","CSV","https://www.ocac.gov.tw/OCAC/File/Attach/9618498/File_154222.csv","UTF-8","原始資料","僑務委員會為鼓勵國內學者從事有關僑務之研究，提升國內僑務學術研究水準，自107年至110年共辦理4次獎勵僑務學術論著，111年配合僑務學術研究業務變革轉型，整併為僑務學術研討會，爰不再更新本項資料集。","年度;類別;姓名;服務機構;論著名稱","僑務委員會","不定期更新","政府資料開放授權條款-第1版","","免費","黃小姐","02-23272772","2019-04-30 00:00:00","2024-11-05 09:28:29","","26"
"97698","不予採認之醫療法所稱醫事人員相關之大陸地區高等學歷名單","檔案資料","求學及進修","金","CSV","https://www.mac.gov.tw/big5/data/97698_不予採認之醫療法所稱醫事人員相關之大陸地區高等學歷名單.csv","UTF-8","原始資料","我國不採認之涉醫療法所稱「醫事人員」相關中國大陸學歷名單","序號;醫事人員;相關之大陸地區高等學歷;備註","大陸委員會","不定期更新","政府資料開放授權條款-第1版","","免費","游先生","02-23975589#8060","2019-01-18 00:00:00","2024-10-22 15:34:48","","17"
"40122","文化部文化資產局-館藏圖書目錄","檔案資料","求學及進修","金","XML;JSON","https://libm7.moc.gov.tw/webopac/opendata/boch.xml;https://libm7.moc.gov.tw/webopac/opendata/boch.json","UTF-8;UTF-8","系統介接程式","資料中心館藏圖書之目錄資訊(本館收藏之圖書以文化資產相關圖書及報告書為主)","書名(書本名稱);作者(作者名稱);出版單位(出版單位名稱);版次(出版版本);出版年月(出版日期);標題(標題名稱);中文圖書分類法類號(中文圖書分類法類號碼);美國國會分類法類號(美國國會分類法類號碼);杜威十進分類法類號(杜威十進分類法類號碼);ISBN(ISBN號碼);ISSN(ISSN號碼);ISRC(ISRC號碼);單位(館藏單位名稱);資料來源(資料來源連結網址)","文化部","不定期更新","政府資料開放授權條款-第1版","","免費","陳宥町 小姐","04-22177561","2016-03-02 00:00:00","2024-10-17 15:08:46","","31000;31000"
"160239","建立縣市圖書館中心實施計畫核定補助館別","檔案資料","求學及進修","白金","CSV","https://ws.moe.edu.tw/001/Upload/6/relfile/7856/87373/dc33e364-ba4e-44f4-b8cc-8bcfa64cbeb5.csv","BIG5","原始資料","「建構合作共享的公共圖書館系統中長程個案計畫」子計畫2.2「建立縣市圖書館中心實施計畫」核定補助館","階段別;縣市;縣市別代碼;館名","教育部終身教育司","不定期更新","政府資料開放授權條款-第1版","","免費","黃淑娟","02-77366798","2022-12-29 00:00:00","2024-10-17 11:41:53","","21"
"111975","新竹縣社區互助教保服務中心/部落互助教保服務中心","檔案資料","求學及進修","白金","XLSX;CSV;XML;JSON","https://ws.hsinchu.gov.tw/001/Upload/1/opendata/8774/551/bf169919-c2fc-44eb-b17c-60681d38b91c.xlsx;https://ws.hsinchu.gov.tw/001/Upload/1/opendata/8774/551/bf169919-c2fc-44eb-b17c-60681d38b91c.csv;https://ws.hsinchu.gov.tw/001/Upload/1/opendata/8774/551/bf169919-c2fc-44eb-b17c-60681d38b91c.xml;https://ws.hsinchu.gov.tw/001/Upload/1/opendata/8774/551/bf169919-c2fc-44eb-b17c-60681d38b91c.json","UTF-8;BIG5;UTF-8;UTF-8","系統介接程式","新竹縣社區互助教保服務中心/部落互助教保服務中心聯絡資訊","編號;資源彙整機關;鄉鎮市區;中心名稱;辦理單位;電話;郵遞區號;地址;最後更新時間","社會處","不定期更新","政府資料開放授權條款-第1版","","免費","李承辦|女士","03-5518101#2809","2019-11-21 00:00:00","2024-10-15 14:03:59","","0;0;0;0"
"112010","新竹縣社區大學名冊","檔案資料","求學及進修","白金","XLSX;CSV;XML;JSON","https://ws.hsinchu.gov.tw/001/Upload/1/opendata/8774/580/b84297f6-79b2-4f6b-a226-4df8de5e67f0.xlsx;https://ws.hsinchu.gov.tw/001/Upload/1/opendata/8774/580/b84297f6-79b2-4f6b-a226-4df8de5e67f0.csv;https://ws.hsinchu.gov.tw/001/Upload/1/opendata/8774/580/b84297f6-79b2-4f6b-a226-4df8de5e67f0.xml;https://ws.hsinchu.gov.tw/001/Upload/1/opendata/8774/580/b84297f6-79b2-4f6b-a226-4df8de5e67f0.json","UTF-8;BIG5;UTF-8;UTF-8","系統介接程式","新竹縣社區大學名冊聯絡資訊","資源彙整機關;中心名稱;辦理單位;電話;分機;傳真機號碼;電子郵件;地址;相關網址;最後更新時間","社會處","不定期更新","政府資料開放授權條款-第1版","","免費","李承辦|女士","03-5518101#2845 ","2019-11-21 00:00:00","2024-10-14 13:13:54","","0;0;0;0"
"43260","勞工體格及健康檢查醫護人員之認可訓練機構名單","檔案資料","求學及進修","白金","CSV;JSON;WEBSERVICES;XML","https://apiservice.mol.gov.tw/OdService/download/A17000000J-030080-v0y;https://apiservice.mol.gov.tw/OdService/download/A17000000J-030080-LI4;https://apiservice.mol.gov.tw/OdService/rest/datastore/A17000000J-030080-Y5B;https://apiservice.mol.gov.tw/OdService/download/A17000000J-030080-Df0","BIG5;UTF-8;UTF-8;UTF-8","系統介接程式","勞動部認可勞工體格及健康檢查醫護人員之認可訓練機構，依規定每3年重新辦理認可，將依訓練機構申請或異動之狀況，不定期更新資料集。","訓練對象;訓練種類;機構名稱;機構網址;電話;分機;有效期限;認可文號","勞動部職業安全衛生署","不定期更新","政府資料開放授權條款-第1版","","免費","許小姐","02-89956666#8129","2017-02-15 14:23:42","2024-10-04 16:30:28","勞動部OAS標準之API說明文件：https://apiservice.mol.gov.tw/OdService/doc/v3.json。 勞動部開放資料Open API 頁面：https://apiservice.mol.gov.tw/OdService/openapi/OAS.html。","0;0;0;0"
"43259","從事勞工健康服務醫師、護理與相關人員訓練之認可訓練機構名單","檔案資料","求學及進修","白金","CSV;JSON;WEBSERVICES;XML","https://apiservice.mol.gov.tw/OdService/download/A17000000J-030079-Oho;https://apiservice.mol.gov.tw/OdService/download/A17000000J-030079-zfb;https://apiservice.mol.gov.tw/OdService/rest/datastore/A17000000J-030079-AuS;https://apiservice.mol.gov.tw/OdService/download/A17000000J-030079-6tz","BIG5;UTF-8;UTF-8;UTF-8","系統介接程式","勞動部認可從事勞工健康服務醫護與相關人員訓練之認可訓練機構，依規定每3年重新辦理認可，將依訓練機構申請或異動之狀況，不定期更新資料集。","訓練對象;訓練種類;機構名稱;機構網址;電話;分機;有效期限;認可文號","勞動部職業安全衛生署","不定期更新","政府資料開放授權條款-第1版","","免費","許小姐","02-89956666#8129","2017-02-15 14:22:51","2024-10-04 16:30:27","勞動部OAS標準之API說明文件：https://apiservice.mol.gov.tw/OdService/doc/v3.json。 勞動部開放資料Open API 頁面：https://apiservice.mol.gov.tw/OdService/openapi/OAS.html。","0;0;0;0"
"170860","雲林縣政府113年度青年社團發展補助計畫補助名單(按月份分-9月)","檔案資料","求學及進修","白金","XLSX;CSV;XML;JSON","https://ws.yunlin.gov.tw/001/Upload/539/opendata/0/2073/bc5d069b-ffb7-4457-8934-1486e3c0e475.xlsx;https://ws.yunlin.gov.tw/001/Upload/539/opendata/0/2073/bc5d069b-ffb7-4457-8934-1486e3c0e475.csv;https://ws.yunlin.gov.tw/001/Upload/539/opendata/0/2073/bc5d069b-ffb7-4457-8934-1486e3c0e475.xml;https://ws.yunlin.gov.tw/001/Upload/539/opendata/0/2073/bc5d069b-ffb7-4457-8934-1486e3c0e475.json","UTF-8;UTF-8;UTF-8;UTF-8","系統介接程式","113年度青年社團發展補助計畫補助名單(按月份分-9月)","計畫編號;申請單位;申請補助項目;計畫總經費;自籌經費;申請補助經費;核准補助經費;核銷經費","雲林縣政府","每1月","政府資料開放授權條款-第1版","","免費","蔡小姐","05-5523622","2024-09-30 00:00:00","2024-09-30 10:19:52","","0;0;0;0"
"29814","「智慧手持裝置核心技術攻堅計畫」人才培訓課程資訊","檔案資料","求學及進修","白金","CSV","https://www.ida.gov.tw/opendata/05/「智慧手持裝置核心技術攻堅計畫」人才培訓課程資訊.csv","BIG5","原始資料","本資訊提供全國民眾課程資訊","計畫名稱;課程名稱;開課單位;開課日期;結束日期;上課時數;學員負擔費用;政府負擔費用;講師;預定人數;聯絡人;聯絡電話;聯絡電話分機;上課地點;招生對象;培訓班簡介;網址","經濟部產業發展署","不定期更新","政府資料開放授權條款-第1版","","免費","方小姐","0227541255#2213","2016-03-31 00:00:00","2024-09-23 10:27:46","授權說明網址: http://data.gov.tw/license","5"
"22369","全國紡織技術論文競賽得獎名單","檔案資料","求學及進修","金","CSV","https://www.ida.gov.tw/opendata/06/CGCID22369.csv","BIG5","原始資料","為強化國內產學研單位技術研究之合作，自民國98年起，每年舉辦全國紡織技術論文競賽，旨在建立一個產學研合作交流平台；期透過競賽獎金與榮耀的雙重激勵，喚起國內莘莘學子對紡織相關領域研發與設計應用的興趣與重視，並且鼓勵學生勇敢跨出校園第一步，讓在校所學之理論，能與業界的實務激起火花，以厚植學子的實力，為產業界培育與發掘人才。
配合政府推動資料開放措施，經濟部工業局即日起開放全國紡織技術論文競賽得獎名單（http://paper.tipo.org.tw/history.aspx），提供歷屆論文競賽得獎廠商名稱、得獎類型、名次及論文名稱，並備有XLS檔案供下載，歡迎各界多加利用。","年度;屆次;活動類別;類別;名次;簡介說明;機關名稱;投稿團隊（敬稱略） *表示指導教授;合作業者（敬稱略）","經濟部產業發展署","不定期更新","政府資料開放授權條款-第1版","","免費","羅先生","0227541255#2349","2015-09-30 00:00:00","2024-09-20 09:40:52","授權說明網址: http://data.gov.tw/license","99"
"31599","大學日間學制碩博士班招生名額分配核定表","檔案資料","求學及進修","金","CSV;CSV;CSV;CSV","https://ws.moe.edu.tw/001/Upload/4/relfile/0/4770/0f036cdc-3af8-449d-a799-b59f16e2f7e2.csv;https://ws.moe.edu.tw/001/Upload/4/relfile/0/4771/b800fa8c-9862-41b6-b9fc-00ab63563378.csv;https://ws.moe.edu.tw/001/Upload/4/relfile/0/5031/46678c79-5add-4a70-87fa-01e20cffefe3.csv;https://ws.moe.edu.tw/001/Upload/4/relfile/0/5032/12e462a8-8732-4ed8-9b50-fbca887bb8ea.csv","UTF-8;UTF-8;BIG5;BIG5","原始資料","公告本部核定各學年度一般大學日間學制碩士班、碩士在職專班、博士班各院系所學位學程之招生名額","學校名稱;系所(組)名稱;108學年度碩士班量內名額-甄試入學-一般生;108學年度碩士班量內名額-甄試入學-在職生;108學年度碩士班量內名額-考試入學-一般生;108學年度碩士班量內名額-考試入學-在職生;108學年度碩士班量內核定招生名額;108學年度碩士班外加名額-甄試入學-AI;108學年度碩士班外加名額-甄試入學-資訊安全;108學年度碩士班外加名額-考試入學-AI;108學年度碩士班外加名額-考試入學-資訊安全","教育部高等教育司","不定期更新","政府資料開放授權條款-第1版","","免費","陳小姐","02-77366088","2016-05-23 00:00:00","2024-09-13 09:23:12","授權說明網址: http://data.gov.tw/license","1000;909;1000;920"
"27932","大學校院系所彙整表","檔案資料","求學及進修","金","CSV;CSV","https://ws.moe.edu.tw/001/Upload/4/relfile/0/5040/02797dd0-2c24-43f9-b3e6-8844d1a25620.csv;https://ws.moe.edu.tw/001/Upload/4/relfile/0/5041/36c6c75c-37f9-48d1-909a-66648ab66663.csv","UTF-8;UTF-8","原始資料","108學年度大學校院系所彙整表(以學門及學院分類)","學校代碼;公私立;學校體系;學校名稱;領域代碼;領域名稱;學門代碼;學門名稱;學類代碼;學類名稱;系所代碼;系所名稱;電話;電話分機;傳真;電子郵件;系所網址","教育部高等教育司","不定期更新","政府資料開放授權條款-第1版","","免費","蘇小姐","0277365882","2016-03-04 00:00:00","2024-09-12 17:30:09","授權說明網址: http://data.gov.tw/license","1000;1000"
"27929","全國大學校院及校長名錄","檔案資料","求學及進修","金","CSV","https://ws.moe.edu.tw/001/Upload/4/relfile/0/5038/55f39b31-27a0-4009-866a-ea260eb45eaf.csv","UTF-8","原始資料","提供本部主管大學校院名稱(含學校英文名稱)","序號;學校
代碼;公私立;體制;學校名稱;學校英文名稱;職稱;姓名;縣市別;第三級
行政區;郵遞
區號;學校地址;學校總機;學校傳真;網址","教育部高等教育司","不定期更新","政府資料開放授權條款-第1版","","免費","陳小姐","0277366385","2016-03-04 00:00:00","2024-09-12 17:18:44","授權說明網址: http://data.gov.tw/license","160"
"27931","大學校院教師學術專長彙整表","檔案資料","求學及進修","金","CSV","https://ws.moe.edu.tw/001/Upload/4/relfile/0/5039/83b46b95-b029-4fc3-8863-8b6c125e10d9.csv","UTF-8","原始資料","提供最近一學年度公私立大學校院各院系所聘任專兼任之各職級教師姓名、學術專長及系所連結","學校代碼;公私立;學校體制;學校名稱;領域代碼;領域名稱;學門代碼;學門名稱;學類代碼;學類名稱;系所代碼;單位名稱;專兼任;聘書
職級;教師
名稱;教師專長;系所網址","教育部高等教育司","不定期更新","政府資料開放授權條款-第1版","","免費","周小姐","0277365790","2016-03-04 00:00:00","2024-09-12 17:14:50","授權說明網址: http://data.gov.tw/license","1000"
"27980","大學進修學制學士班招生名額分配核定表","檔案資料","求學及進修","金","CSV;CSV","https://ws.moe.edu.tw/001/Upload/4/relfile/0/4733/d4e2ecd0-23a4-402e-97f4-1932b5f5fd37.csv;https://ws.moe.edu.tw/001/Upload/4/relfile/0/5030/37d1596f-e9e7-46d2-bd61-007b01ef46f0.csv","BIG5;BIG5","原始資料","一般公私立大學進修學制各院、系(組)、學位學程新生招生名額分配核定表","學校名稱;進修學制;系所(組)名稱;107核定招生名額;班數;一般單招;運動績優-甄試;運動績優-單招;原住民外加名額;備註","教育部高等教育司","不定期更新","政府資料開放授權條款-第1版","","免費","方先生","0277365879","2016-03-31 00:00:00","2024-09-12 17:10:34","授權說明網址: http://data.gov.tw/license","242;228"
"7618","國立臺灣圖書館終身學習研習班課程","檔案資料","求學及進修","無(白名單)","CSV","https://www.ntl.edu.tw/public/Attachment/261515205546.csv","BIG5","原始資料","本資料集主要提供本館開設的終身學習研習班課程。","序號;要點","國立臺灣圖書館","不定期更新","政府資料開放授權條款-第1版","https://www.ntl.edu.tw/public/Attachment/261515205546.csv","免費","余小姐","0229266888#5405","2013-12-30 00:00:00","2024-09-10 14:11:14","授權說明網址: http://data.gov.tw/license","14"
"170337","雲林縣政府113年度青年社團發展補助計畫補助名單(按月份分-8月)","檔案資料","求學及進修","白金","XLSX;CSV;XML;JSON","https://ws.yunlin.gov.tw/001/Upload/539/opendata/0/2052/28457d31-32c7-43e7-ad0f-a13d0d3bad38.xlsx;https://ws.yunlin.gov.tw/001/Upload/539/opendata/0/2052/28457d31-32c7-43e7-ad0f-a13d0d3bad38.csv;https://ws.yunlin.gov.tw/001/Upload/539/opendata/0/2052/28457d31-32c7-43e7-ad0f-a13d0d3bad38.xml;https://ws.yunlin.gov.tw/001/Upload/539/opendata/0/2052/28457d31-32c7-43e7-ad0f-a13d0d3bad38.json","UTF-8;UTF-8;UTF-8;UTF-8","系統介接程式","113年度青年社團發展補助計畫補助名單(按月份分-8月)","計畫編號;申請單位;申請補助項目;計畫總經費;自籌經費;申請補助經費;核准補助經費;核銷經費","雲林縣政府勞工處","每1月","政府資料開放授權條款-第1版","","免費","蔡小姐","05-5523622","2024-09-01 00:00:00","2024-09-04 11:03:21","","0;0;0;0"
"31871","數位機會中心營運單位","檔案資料","求學及進修","白金","CSV","https://ws.moe.edu.tw/001/Upload/9/relfile/7836/95995/6488d54a-527c-4792-88dd-c4c03532b5c8.csv","BIG5","原始資料","為配合行政院縮減數位落差政策，教育部負責規劃執行「偏鄉數位應用精進計畫」，於數位發展較慢的3、4、5級鄉鎮區設置「數位機會中心」(DOC)。DOC的設立將結合公私部門與社區民眾的力量共同執行，除了提供當地民眾數位學習與數位近用的場域，也期望透過DOC的設置提升民眾公民參與、進行數位行銷、線上自我學習，以滿足生活上數位使用的需求，進而豐富生活應用。","年度;縣市;鄉鎮區;DOC名稱;成立時間;管理單位;DOC地址;DOC類型","教育部資訊及科技教育司","不定期更新","政府資料開放授權條款-第1版","https://itaiwan.moe.gov.tw/","免費","馬先生","0277129084","2016-05-31 00:00:00","2024-08-28 09:47:17","授權說明網址: http://data.gov.tw/license","1000"
"27994","國立自然科學博物館館訊","檔案資料","求學及進修","白金","XML","https://libknowledge.nmns.edu.tw/nmnsc/nmnsPubApi?type=lib&date=1900:2030","UTF-8","原始資料","每月初發行，報導館內最新展示暨特展、活動報導、科普文摘等。2009年採紙本印刷版與電子版並行發行，歡迎友站連結推廣。","category;title;author;file","國立自然科學博物館","不定期更新","政府資料開放授權條款-第1版","http://www.nmns.edu.tw/ch/research/library/publish/","免費","張小姐","0423226940#707","2016-03-22 00:00:00","2024-08-27 21:48:14","授權說明網址: http://data.gov.tw/license","6799"
"24883","重要農業害蟲診斷圖鑑","檔案資料","求學及進修","金","JSON;CSV;XML","https://data.moa.gov.tw/Service/OpenData/AgriculturalPests.aspx?IsTransData=1&UnitId=176;https://data.moa.gov.tw/Service/OpenData/AgriculturalPests.aspx?FOTT=CSV&IsTransData=1&UnitId=176;https://data.moa.gov.tw/Service/OpenData/AgriculturalPests.aspx?FOTT=Xml&IsTransData=1&UnitId=176","UTF-8;UTF-8;UTF-8","系統介接程式","資料提供包括：電編編號、收件日期、拉丁目別、中文目別、拉丁科別、中文科別、害蟲中文名、害蟲英文名、害蟲學名、口器(1.咀嚼2.吸收)、縣市中文名、縣市英文名、鄉鎮中文名、鄉鎮英文名、鑑定者中文名、鑑定者英文名、危害_根、危害_莖、危害_葉、危害_花、危害_果、危害_整株、其他、作物代碼、作物名稱、作物學名、作物別名、作物拉丁科名、件物中文科名、圖檔等欄位資訊。","電編編號(電編編號);收件日期(收件日期);拉丁目別(拉丁目別);中文目別(中文目別);拉丁科別(拉丁科別);中文科別(中文科別);害蟲中文名(害蟲中文名);害蟲英文名(害蟲英文名);害蟲學名(害蟲學名);口器(口器);縣市中文名(縣市中文名);縣市英文名(縣市英文名);鄉鎮中文名(鄉鎮中文名);鄉鎮英文名(鄉鎮英文名);鑑定者中文名(鑑定者中文名);鑑定者英文名(鑑定者英文名);危害_根(危害_根);危害_莖(危害_莖);危害_葉(危害_葉);危害_花(危害_花);危害_果(危害_果);危害_整株(危害_整株);其他(其他);作物代碼(作物代碼);作物名稱(作物名稱);作物學名(作物學名);作物別名(作物別名);作物拉丁科名(作物拉丁科名);作物中文科名(作物中文科名);圖檔(圖檔)","農業部","不定期更新","政府資料開放授權條款-第1版","","免費","陳淑佩 小姐","04-2331-7623","2015-11-27 00:00:00","2024-08-27 16:09:52","進階搜尋請參考 https://data.moa.gov.tw/open_detail.aspx?id=176","0;0;0"
"31539","教育部補助大專校院辦理永續發展、防減災與氣候變遷調適學分學程名單","檔案資料","求學及進修","白金","CSV","https://climatechange.tw/OpenData/學分學程補助學校.csv","UTF-8","原始資料","教育部依據國家氣候變遷調適政策綱領，於101學度年起補助大專校院開設氣候變遷相關課程，自107年改以補助教學活動，鼓勵大專校院更具彈性推動氣候變遷教育。爰未持續補助此項目，資料停止更新。","學年度;學校名稱;學分學程名稱;備註","教育部資訊及科技教育司","不定期更新","政府資料開放授權條款-第1版","https://climatechange.tw/OpenData/學分學程補助學校.csv","免費","趙先生","0277129004","2016-05-20 00:00:00","2024-08-27 14:15:42","授權說明網址: http://data.gov.tw/license","24"
"147158","國立自然科學博物館科學大使名單","檔案資料","求學及進修","白金","JSON","https://web3.nmns.edu.tw/Project/OpenData/pass_lis.json","UTF-8","原始資料","為迎接2020第一屆臺灣科學節的到來，國立自然科學博物館希望號召有志於科學「學習」與「講授」的朋友們共同進行科普推廣，特別規劃「科學大使」培訓課程，由科博館各學門研究人員將豐富的研究新知化為有趣的科普知識，陪伴您走進科學探索與精彩發現的世界，也期待您能在培訓的過程中，從「理解」到「講授」，加入「科學大使」的行列，成為知識推廣的尖兵！","科學大使姓名;電子信箱;課程名稱;領域","國立自然科學博物館","不定期更新","政府資料開放授權條款-第1版","https://www.nmns.edu.tw","免費","陳奕廷","04-23226940#727","2022-01-03 00:00:00","2024-08-23 10:31:24","","111"
"168843","人文社會與產業實務創新鏈結計畫 (iLink) 補助名單(112-115年) ","檔案資料","求學及進修","白金","CSV","https://ws-proj.moe.edu.tw/001/Upload/580/relfile/13336/2474/35f9d129-28ce-45f3-b364-54372acb5402.csv","UTF-8","原始資料","教育部人文社會與產業實務創新鏈結計畫 (iLink)於112-115年執行，旨在強化大學校院人文社科領域院系與產業合作鏈結，共建人社領域產業鏈結生態系統(Eco-system)，透過人社領域課程創新、產業界參與及出題競賽等方式，結合人文價值、人社領域專業知識及業界實務/實際問題，引導人社領域學生了解產業界實務需求或實際問題，並支持所有師生提升教學能量與職能競爭能力。本資料集為計畫歷年補助名單。","編號;期別 ;類別;計畫名稱;獲補助學校名稱;執行單位 ;計畫主持人;職稱;計畫起始日;計畫截止日","教育部資訊及科技教育司","不定期更新","政府資料開放授權條款-第1版","https://www.ilink-hss.org/","免費","廖東杉","0277129020","2024-05-16 00:00:00","2024-08-16 19:24:50","","132"
"168842","第二期數位人文創新人才培育計畫補助名單(112-115年)","檔案資料","求學及進修","白金","CSV","https://ws-proj.moe.edu.tw/001/Upload/580/relfile/13336/2474/2d61a7f8-26c7-43ff-8c07-290847e64614.csv","UTF-8","原始資料","教育部為強化人社領域師生應用數位科技及量化分析技術，培養學生具備數位資訊科技技術能力(AI、區塊鏈、物聯網、大數據分析與資料探勘等)，發展具人社系院特色之數位人文系列課群，鼓勵跨域創新專題，培育具有人文敏銳感悟力、人社分析力、國際展望力、與科技知能競爭力之數位人文創新人才，特於112年至115年推動第二期數位人文創新人才培育計畫，本資料集為歷年補助名單。","編號;計畫名稱;獲補助學校名稱;執行單位 ;計畫主持人;職稱;計畫起始日;計畫截止日","教育部資訊及科技教育司","不定期更新","政府資料開放授權條款-第1版","https://sites.google.com/view/digihumanity","免費","林靜怡","0277129133","2024-05-16 00:00:00","2024-08-16 19:22:44","","16"
"40163","國立臺灣美術館-館藏圖書目錄","檔案資料","求學及進修","金","JSON;XML","https://libm7.moc.gov.tw/webopac/opendata/ntmofa.json;https://libm7.moc.gov.tw/webopac/opendata/ntmofa.xml","UTF-8;UTF-8","系統介接程式","國立臺灣美術館之資料中心館藏圖書目錄資訊，包含中外文藝術圖書等。","書名(書本名稱);作者(作者名稱);出版單位(出版單位名稱);版次(出版版本);出版年月(出版日期);標題(標題名稱);中文圖書分類法類號(中文圖書分類法類號碼);美國國會分類法類號(美國國會分類法類號碼);杜威十進分類法類號(杜威十進分類法類號碼);ISBN(ISBN號碼);ISSN(ISSN號碼);ISRC(ISRC號碼);單位(館藏單位名稱);資料來源(資料來源連結網址)","文化部","每1年","政府資料開放授權條款-第1版","","免費","詹淳汝 小姐","04-23723552#382","2016-03-02 00:00:00","2024-08-07 10:46:41","","77000;77000"
"14751","法務部調查局職員學歷統計報表","檔案資料","求學及進修","金","CSV","https://www.mjib.gov.tw/userfiles/files/06-%E4%BA%BA%E4%BA%8B%E5%AE%A4/%E6%9C%AC%E5%B1%80%E8%81%B7%E5%93%A1%E5%AD%B8%E6%AD%B7%E7%B5%B1%E8%A8%8810605.csv","BIG5","原始資料","法務部調查局105年員工學歷統計報表.","類別及職等;研究所以上;大學;專科;高中職含師範;國中以下及其他","法務部調查局","不定期更新","政府資料開放授權條款-第1版","http://www.mjib.gov.tw/userfiles/files/06-%E4%BA%BA%E4%BA%8B%E5%AE%A4/%E6%9C%AC%E5%B1%80%E8%81%B7%E5%93%A1%E5%AD%B8%E6%AD%B7%E7%B5%B1%E8%A8%8810605.csv","免費","李先生","0229112241#2416","2015-05-11 00:00:00","2024-08-05 15:27:05","原資料集類型:其他
授權說明網址: http://data.gov.tw/license","4"
"169652","雲林縣政府113年度青年社團發展補助計畫補助名單(按月份分-7月)","檔案資料","求學及進修","白金","XLSX;CSV;XML;JSON","https://ws.yunlin.gov.tw/001/Upload/539/opendata/0/2035/75450686-4b43-4cad-8892-8adc4a3c257d.xlsx;https://ws.yunlin.gov.tw/001/Upload/539/opendata/0/2035/75450686-4b43-4cad-8892-8adc4a3c257d.csv;https://ws.yunlin.gov.tw/001/Upload/539/opendata/0/2035/75450686-4b43-4cad-8892-8adc4a3c257d.xml;https://ws.yunlin.gov.tw/001/Upload/539/opendata/0/2035/75450686-4b43-4cad-8892-8adc4a3c257d.json","UTF-8;UTF-8;UTF-8;UTF-8","系統介接程式","113年度青年社團發展補助計畫補助名單(按月份分-7月)","計畫編號;申請單位;申請補助項目;計畫總經費;自籌經費;申請補助經費;核准補助經費;核銷經費","雲林縣政府勞工處","每1月","政府資料開放授權條款-第1版","","免費","蔡小姐","05-5523622","2024-08-01 00:00:00","2024-07-29 13:26:16","","0;0;0;0"
"107503","山東新華發行商出版大陸叢書","檔案資料","求學及進修","金","CSV","https://www.mjib.gov.tw/userfiles/files/OpenData/14-%E8%B3%87%E9%80%9A%E5%AE%89%E5%85%A8%E8%99%95/SDXH.csv","BIG5","原始資料","山東新華發行商出版大陸叢書資料","編號;書名;作者;發行商;發行地;發行日期;檔案","法務部調查局","不定期更新","政府資料開放授權條款-第1版","","免費","林小姐","02-29112241#2922","2019-09-04 00:00:00","2024-07-23 15:52:57","","5"
"135978","中央書店出版大陸叢書","檔案資料","求學及進修","金","CSV","https://www.mjib.gov.tw/userfiles/files/OpenData/14-%E8%B3%87%E9%80%9A%E5%AE%89%E5%85%A8%E8%99%95/center.csv","BIG5","原始資料","中央書店出版大陸叢書資料","編號;書名;作者;發行地;發行日期;檔案","法務部調查局","不定期更新","政府資料開放授權條款-第1版","","免費","林小姐","02-29112241","2021-01-06 00:00:00","2024-07-23 15:52:29","","5"
"143011","華北新華發行商出版大陸叢書","檔案資料","求學及進修","金","CSV","https://www.mjib.gov.tw/userfiles/files/OpenData/14-%E8%B3%87%E9%80%9A%E5%AE%89%E5%85%A8%E8%99%95/northnew.csv","BIG5","原始資料","華北新華發行商出版之大陸叢書","編號;書名;作者;發行地;發行日期;檔案","法務部調查局","不定期更新","政府資料開放授權條款-第1版","","免費","林卉娟","02-29112241#2922","2021-07-06 00:00:00","2024-07-23 15:52:04","","5"
"152424","新知書店發行商出版大陸叢書","檔案資料","求學及進修","金","CSV","https://www.mjib.gov.tw/userfiles/files/OpenData/14-%E8%B3%87%E9%80%9A%E5%AE%89%E5%85%A8%E8%99%95/110-4.csv","BIG5","原始資料","新知書店發行商出版大陸叢書資料","編號;書名;作者;發行地;發行日期;檔案","法務部調查局","不定期更新","政府資料開放授權條款-第1版","","免費","林卉娟","02-29112241","2022-04-29 00:00:00","2024-07-23 15:51:42","","6"
"152425","雲海發行商出版大陸叢書","檔案資料","求學及進修","金","CSV","https://www.mjib.gov.tw/userfiles/files/OpenData/14-%E8%B3%87%E9%80%9A%E5%AE%89%E5%85%A8%E8%99%95/111-1.csv","BIG5","原始資料","雲海發行商出版大陸叢書資料","編號;書名;作者;發行地;發行日期;檔案","法務部調查局","不定期更新","政府資料開放授權條款-第1版","","免費","林卉娟","02-29112241","2022-04-29 00:00:00","2024-07-23 15:50:53","","2"
"7552","國立臺灣科學教育館 中小學科學展覽會作品集","檔案資料","求學及進修","無(白名單)","CSV","https://twsf.ntsec.gov.tw/FileAtt.ashx?fcode=03112AA33A712EA99D9A6DEE4D0E61B8","UTF-8","原始資料","科學教育的普及與優質發展是國家競爭力的關鍵，而中小學科學展覽會是提昇科學教育重要基石。自民國49年開辦以來超過半世紀，提供全國中小學學生一個發表科學教育成果的平台，經過競賽，彼此觀摩、相互學習，不斷激發學生從事科學研究的興趣，已成為我國科學教育推動發展中重要的一環。","作品名稱;科展類別;屆次;組別;科別;得獎情形;學校名稱;指導老師;作者;關鍵字;摘要或動機;附件名稱","國立臺灣科學教育館","不定期更新","政府資料開放授權條款-第1版","","免費","陳小姐","0266101234#1417","2013-12-27 00:00:00","2024-07-22 15:08:53","授權說明網址: http://data.gov.tw/license","1000"
"6314","十二年國民基本教育-國中活化教學列車影片","檔案資料","求學及進修","無(白名單)","CSV","https://www.k12ea.gov.tw//files/common_unit/5b1c69eb-f3d0-4259-8d15-d02970712470/doc/國中活化教學列車影片.csv","UTF-8","原始資料","本資料集主要提供愛學網之子資料集-活化教學等資訊。","名稱;製作年份;說明;網址","教育部國民及學前教育署","不定期更新","政府資料開放授權條款-第1版","","免費","王先生","0277367498","2013-09-25 00:00:00","2024-07-18 15:24:35","授權說明網址: http://data.gov.tw/license","46"
"138901","文化生活發行商出版大陸叢書","檔案資料","求學及進修","金","CSV","https://www.mjib.gov.tw/userfiles/files/OpenData/14-%E8%B3%87%E9%80%9A%E5%AE%89%E5%85%A8%E8%99%95/110-1.csv","BIG5","原始資料","文化生活發行商出版的大陸叢書","編號;書名;作者;發行地;發行日期;檔案","法務部調查局","不定期更新","政府資料開放授權條款-第1版","","免費","林卉娟","02-29112241","2021-04-07 00:00:00","2024-07-18 15:19:28","","50"
"130958","文光書店出版叢書","檔案資料","求學及進修","金","CSV","https://www.mjib.gov.tw/userfiles/files/OpenData/14-%E8%B3%87%E9%80%9A%E5%AE%89%E5%85%A8%E8%99%95/10909.csv","BIG5","原始資料","文光書店出版叢書資料","編號;書名;作者;發行地;發行日期;檔案","法務部調查局","不定期更新","政府資料開放授權條款-第1版","","免費","林小姐","02-29112241","2020-10-12 00:00:00","2024-07-18 15:18:49","","9"
"118931","生活發行商出版叢書","檔案資料","求學及進修","金","CSV","https://www.mjib.gov.tw/userfiles/files/OpenData/14-%E8%B3%87%E9%80%9A%E5%AE%89%E5%85%A8%E8%99%95/life.csv","BIG5","原始資料","生活發行商出版叢書資料","編號;書名;作者;發行地;發行日期;檔案","法務部調查局","不定期更新","政府資料開放授權條款-第1版","","免費","林小姐","02-29112241 #2922","2020-03-12 00:00:00","2024-07-18 15:17:06","","19"
"162055","文化供應社出版大陸叢書","檔案資料","求學及進修","金","CSV","https://www.mjib.gov.tw/userfiles/files/OpenData/%E6%96%87%E5%8C%96%E4%BE%9B%E6%87%89%E7%A4%BE%E5%87%BA%E7%89%88%E5%A4%A7%E9%99%B8%E5%8F%A2%E6%9B%B8.csv","BIG5","原始資料","文化供應社出版大陸叢書資料","編號;書名;作者;發行地;發行日期;檔案","法務部調查局","不定期更新","政府資料開放授權條款-第1版","","免費","林卉娟","02-29112241","2023-05-05 00:00:00","2024-07-18 15:16:36","","4"
"127849","現代出版社發行叢書","檔案資料","求學及進修","金","CSV","https://www.mjib.gov.tw/userfiles/files/OpenData/14-%E8%B3%87%E9%80%9A%E5%AE%89%E5%85%A8%E8%99%95/now.csv","BIG5","原始資料","現代出版社發行叢書資料","編號;書名;作者;發行地;發行日期;檔案","法務部調查局","不定期更新","政府資料開放授權條款-第1版","","免費","林小姐","02-29112241","2020-07-02 00:00:00","2024-07-18 15:13:39","","3"
"6230","十二年國民基本教育-適性輔導影片","檔案資料","求學及進修","無(白名單)","CSV;CSV","https://www.k12ea.gov.tw//files/common_unit/fd23c3f5-ab64-4a96-9489-f49d4e78aa75/doc/十二年國教適性輔導影片.csv;https://www.k12ea.gov.tw//files/common_unit/ef5d228c-0eed-4a49-81a3-ab9d4950366d/doc/十二年國教適性輔導影片_104.csv","UTF-8;UTF-8","原始資料","愛學網之子資料集-適性輔導","名稱;製作年分;說明;網址;","教育部國民及學前教育署","不定期更新","政府資料開放授權條款-第1版","","免費","王小姐","0437061324","2013-08-30 00:00:00","2024-07-18 14:44:28","授權說明網址: http://data.gov.tw/license","25;10"
"40152","國立臺灣文學館-館藏圖書目錄","檔案資料","求學及進修","金","JSON;XML","https://libm7.moc.gov.tw/webopac/opendata/nmtl.json;https://libm7.moc.gov.tw/webopac/opendata/nmtl.xml","UTF-8;UTF-8","系統介接程式","國立臺灣文學館之館藏圖書目錄資訊","書名(書本名稱);作者(作者名稱);出版單位(出版單位名稱);版次(出版版本);出版年月(出版日期);標題(標題名稱);中文圖書分類法類號(中文圖書分類法類號碼);美國國會分類法類號(美國國會分類法類號碼);杜威十進分類法類號(杜威十進分類法類號碼);ISBN(ISBN號碼);ISSN(ISSN號碼);ISRC(ISRC號碼);單位(館藏單位名稱);資料來源(資料來源連結網址)","文化部","每1年","政府資料開放授權條款-第1版","","免費","丁千惠 小姐","06-221-7201#2202","2016-03-03 00:00:00","2024-07-17 16:10:36","","44600;44600"
"162057","亞東圖書館出版大陸叢書","檔案資料","求學及進修","金","CSV","https://www.mjib.gov.tw/userfiles/files/OpenData/%E6%96%87%E5%8C%96%E4%BE%9B%E6%87%89%E7%A4%BE%E5%87%BA%E7%89%88%E5%A4%A7%E9%99%B8%E5%8F%A2%E6%9B%B8.csv","BIG5","原始資料","亞東圖書館出版大陸叢書資料","編號;書名;作者;發行地;發行日期;檔案","法務部調查局","不定期更新","政府資料開放授權條款-第1版","","免費","林卉娟","02-29112241","2023-05-05 00:00:00","2024-07-17 15:23:09","","4"
"46720","交通安全教育評鑑得獎名單","檔案資料","求學及進修","白金","CSV","https://www.k12ea.gov.tw//files/common_unit/c45a8943-74d5-4cd7-80cf-5a9d2f53081e/doc/交通安全教育評鑑得獎名單.csv","UTF-8","原始資料","提供交通安全教育評鑑得獎名單","項次;學年度;學校;評比","教育部國民及學前教育署","不定期更新","政府資料開放授權條款-第1版","","免費","鄭先生","0437061346","2017-06-26 00:00:00","2024-07-17 14:18:17","授權說明網址: http://data.gov.tw/license","59"
"99668","國立公共資訊圖書館討論小間空間數量","檔案資料","求學及進修","金","XML","https://www.nlpi.edu.tw/opendata/3f45f972-4c7a-462b-9034-fabecd508b26?format=xml","UTF-8","原始資料","本資料集主要提供本館討論小間空間數量及概況","討論小間名稱;所在樓層;最低使用人數;可容納人數","國立公共資訊圖書館","不定期更新","政府資料開放授權條款-第1版","","免費","陳小姐","04-22625100#1153","2019-03-08 00:00:00","2024-07-16 18:05:49","","8"
"112849","北新書局出版叢書","檔案資料","求學及進修","金","CSV","https://www.mjib.gov.tw/userfiles/files/OpenData/14-%E8%B3%87%E9%80%9A%E5%AE%89%E5%85%A8%E8%99%95/nn.csv","BIG5","原始資料","北新書局出版叢書資料","編號;書名;作者;發行商;發行地;發行日期;檔案","法務部調查局","不定期更新","政府資料開放授權條款-第1版","","免費","林小姐","02-29112241#2922","2019-12-06 00:00:00","2024-07-16 16:11:36","","4"
"94876","台灣中油公司人力資源處訓練所數位學習成效資訊","檔案資料","求學及進修","白金","CSV","https://www3.cpc.com.tw/opendata_A60/人力資源處訓練所_數位學習成效資訊.csv","UTF-8","原始資料","訓練所提供年度elearning課程閱讀使用人次及ishare場次和人數等資料","年度;中油E學院課程閱讀人次;中油E學院使用人次;ishare場次;ishare人次","台灣中油股份有限公司","每1年","政府資料開放授權條款-第1版","","免費","曾先生","(05)2282168#5215","2018-11-19 00:00:00","2024-07-12 09:24:31","授權說明網址:https://data.gov.tw/license","9"
"161506","海洋科普繪本創作徵選活動獲獎名單","檔案資料","求學及進修","白金","CSV","https://ws.moe.edu.tw/001/Upload/3/relfile/7829/88740/6a161052-04cb-4a44-a70e-b59923781508.csv","UTF-8","原始資料","教育部舉辦海洋科普繪本創作徵選活動，強化推動海洋教育。","屆次;年度;組別;獎項;作品名稱;學校名稱;創作者;指導教師;公布日期","教育部綜合規劃司","每4年","政府資料開放授權條款-第1版","https://ws.moe.edu.tw/001/Upload/3/relfile/7829/88740/6a161052-04cb-4a44-a70e-b59923781508.csv","免費","高冠如","02-77365716","2023-04-06 00:00:00","2024-07-08 13:58:53","","66"
"161507","海洋詩創作徵選活動獲獎名單","檔案資料","求學及進修","白金","CSV","https://ws.moe.edu.tw/001/Upload/3/relfile/7829/88739/a6dc0a82-ad9d-48ca-aa99-7e06904ab39f.csv","UTF-8","原始資料","教育部舉辦海洋詩創作徵選活動，強化推動海洋教育","屆次;年度;組別;獎項;作品名稱;學校名稱;作者;指導教師;公布日期","教育部綜合規劃司","每4年","政府資料開放授權條款-第1版","https://ws.moe.edu.tw/001/Upload/3/relfile/7829/88739/a6dc0a82-ad9d-48ca-aa99-7e06904ab39f.csv","免費","高冠如","02-7736-5716","2023-04-06 00:00:00","2024-07-08 13:58:37","","185"
"91552","教育部人文及社會科學知識跨界應用能力培育計畫歷年獲補助清單","檔案資料","求學及進修","白金","CSV","https://ws-proj.moe.edu.tw/001/Upload/580/relfile/13336/2474/bdd1eae6-db24-4896-9e78-19753c65966e.csv","UTF-8","原始資料","教育部人文及社會科學知識跨界應用能力培育計畫透過向下扎根及跨國培育方式，養成人文社科基礎及研究人才，鼓勵人文社科博士論文改寫專書，推動編纂主題論文集，充實優質教學資源，提升研究及教學品質，並針對人文社科學生需求，建構實作模擬場域及提供實作機會，協助了解產業發展及運作，培育學生將專業知識應用於產業及社會創新，培養解決職場及社會真實問題的能力，一方面增進人文社科學生就業競爭力，達成學用合一；一方面以人文底蘊，為科技創造新價值，促進人文與科技跨領域合作，培育國家可用人才。
計畫全程自2015年8月1日起至2019年1月31日止，分年實施：
1.第1年計畫：自2015年8月1日起至2017年1月31日止，為期18個月，前6個月得為跨域共創課程規劃期，自105年2月1日起開課。
2.第2年計畫：自2017年2月1日起至2018年1月31日止，為期12個月。
3.第3年計畫：自2018年2月1日起至2019年1月31日止，為期12個月。
本資料集提供本計畫歷年（2015-2019）獲補助清單。","序號;年度;計畫編號;計畫名稱;執行單位;計畫主持人;職稱;計畫起始日;計畫截止日","教育部資訊及科技教育司","不定期更新","政府資料開放授權條款-第1版","https://proj.moe.edu.tw/HSS-2/","免費","黃小姐","0277129104","2019-03-10 00:00:00","2024-07-02 18:01:12","本計畫期程為104-107年，名單停止更新。","30"
"91551","教育部大學學習生態系統創新計畫歷年獲補助清單","檔案資料","求學及進修","白金","CSV","https://ws-proj.moe.edu.tw/001/Upload/580/relfile/13336/2474/e3cefd1c-99c8-4c2f-b2c9-2f19a426b0b2.csv","UTF-8","原始資料","教育部為引導大學校院以彈性自主、開放協作及互惠共榮為核心理念，創新教育體制，轉化學習生態，發展大學與城市共生共榮之教育型態與經營策略，特推動「大學學習生態系統創新計畫」，本資料集提供歷年（105年-107年）獲補助學校名單。","序號;年度;分期;類別;計畫名稱;執行單位;計畫起始日;計畫截止日","教育部資訊及科技教育司","不定期更新","政府資料開放授權條款-第1版","","免費","金小姐","02-77129102","2019-03-10 00:00:00","2024-07-02 17:59:43","","65"
"48685","教育部中小學磨課師課程創新教學應用計畫通過名單（104-105學年）","檔案資料","求學及進修","白金","CSV","https://ws-proj.moe.edu.tw/001/Upload/580/relfile/13336/2474/27300672-28aa-42fa-9c49-f8575cc2df6e.csv","UTF-8","原始資料","教育部為以MOOCs課程平臺資源運用為基礎，建立教師輔導機制，鼓勵並協助國中小教師積極參與教學與學習模式的創新，將「翻轉教室｣的情境具體實踐於教學現場，引導學生自主學習並促進同儕學習，於104-105學年推動「國中小學磨課師課程創新教學應用計畫」，全程自一百零四年八月一日至一百零六年七月三十一日，分期實施。
(一)	第一期計畫：自一百零四年八月一日至一百零五年七月三十一日止，為期十二個月。
(二)	第二期計畫：自一百零五年八月一日至一百零六年七月三十一日止，為期十二個月。
本資料集提供獲補助學校名單。","序號;學年度;計畫編號;計畫名稱;執行學校;計畫起始日;計畫截止日","教育部資訊及科技教育司","不定期更新","政府資料開放授權條款-第1版","","免費","廖先生","0277129020","2017-07-21 00:00:00","2024-07-02 17:55:56","更新頻率說明: 停止更新
授權說明網址: https://data.gov.tw/license","83"
"32270","議題導向跨領域敘事力課群發展計畫（子2A類）歷年獲補助名單","檔案資料","求學及進修","白金","CSV","https://ws-proj.moe.edu.tw/001/Upload/580/relfile/13336/2474/a9851bc2-955b-4bac-b81e-133dd648c91c.csv","UTF-8","原始資料","教育部為培養學生具備綜合敘事、多元想像及問題解決能力，運用跨領域合作、場域實踐為策略，發展以利他精神為核心、多元敘事為載體之創新課程機制及模組，並鼓勵教師透過共學社群之經營與連結，強化議題導向跨領域師資軟實力，形成兼具教學與研發能量之議題導向敘事力教學團隊。特推動「議題導向跨領域敘事力計畫」，包含子計畫1「議題導向跨院系敘事力新創課程發展計畫」及子計畫2「議題導向跨領域敘事力課群暨教師社群發展計畫」，子計畫2分A類課群發展、B類教學社群培力等補助類型。
本資料集提供「議題導向跨領域敘事力課群發展計畫」（子2A類）歷年獲補助名單（108-110年）。","編號;年度;計畫名稱;補助學校;執行單位;計畫主持人;計畫起始日;計畫截止日","教育部資訊及科技教育司","不定期更新","政府資料開放授權條款-第1版","https://www.facebook.com/ioancd/;https://aderp.tw/index.php","免費","黃小姐","02-77129104","2016-12-22 00:00:00","2024-06-29 09:46:23","授權說明網址: https://data.gov.tw/license","55"
"169172","雲林縣政府113年度青年社團發展補助計畫補助名單(按月份分-6月)","檔案資料","求學及進修","白金","XLSX;CSV;XML;JSON","https://ws.yunlin.gov.tw/001/Upload/539/opendata/15369/2013/cae5d658-f811-44cd-afa6-01795a0e0c72.xlsx;https://ws.yunlin.gov.tw/001/Upload/539/opendata/15369/2013/cae5d658-f811-44cd-afa6-01795a0e0c72.csv;https://ws.yunlin.gov.tw/001/Upload/539/opendata/15369/2013/cae5d658-f811-44cd-afa6-01795a0e0c72.xml;https://ws.yunlin.gov.tw/001/Upload/539/opendata/15369/2013/cae5d658-f811-44cd-afa6-01795a0e0c72.json","UTF-8;UTF-8;UTF-8;UTF-8","系統介接程式","113年度青年社團發展補助計畫補助名單(按月份分-6月)","計畫編號;申請單位;申請補助項目;計畫總經費;自籌經費;申請補助經費;核准補助經費;核銷經費","雲林縣政府勞工處","每1月","政府資料開放授權條款-第1版","","免費","蔡小姐","05-5523622","2024-07-01 00:00:00","2024-06-28 16:53:20","","0;0;0;0"
"32579","機器人創意競賽參賽資料","檔案資料","求學及進修","白金","CSV","https://www.ida.gov.tw/opendata/04/MMID32579.csv","UTF-8","原始資料","經濟部產發署即日起開放「機器人創意競賽歷年得獎名單」資料集，歡迎各界多加利用
為鼓勵大專院校投入機器人技術開發和實作應用，經濟部工業局於97年起開始辦理機器人創意競賽，103年起導入國產關鍵組件應用，強化國內企業與學界技術交流合作，協助降低學用落差、缺少產業機器人應用經驗等問題，藉此提升在校學子技術職能。
為提供民眾、企業及各相關機構瞭解本競賽參賽及獲獎隊伍資訊，並配合政府推動資料開放措施，即日起開放「機器人創意競賽歷年得獎名單」資料集下載，內容包含機器人創意競賽參賽學校系所、指導老師、參賽學生、競賽隊名、名次等，歡迎各界多加利用。","年度;學校;機關代碼;系所;指導老師;參賽學生;競賽隊名;名次","經濟部產業發展署","不定期更新","政府資料開放授權條款-第1版","","免費","蔡小姐","0227541255#2128","2016-06-30 00:00:00","2024-06-14 15:38:54","授權說明網址: http://data.gov.tw/license","130"
"168644","雲林縣政府113年度青年社團發展補助計畫補助名單(按月份分-3月)","檔案資料","求學及進修","白金","XLSX;CSV;XML;JSON","https://ws.yunlin.gov.tw/001/Upload/539/opendata/0/1974/1fe25b8d-d08a-49a4-aede-47a81282daa7.xlsx;https://ws.yunlin.gov.tw/001/Upload/539/opendata/0/1974/1fe25b8d-d08a-49a4-aede-47a81282daa7.csv;https://ws.yunlin.gov.tw/001/Upload/539/opendata/0/1974/1fe25b8d-d08a-49a4-aede-47a81282daa7.xml;https://ws.yunlin.gov.tw/001/Upload/539/opendata/0/1974/1fe25b8d-d08a-49a4-aede-47a81282daa7.json","UTF-8;UTF-8;UTF-8;UTF-8","系統介接程式","113年度青年社團發展補助計畫補助名單(按月份分-3月)","計畫編號;申請單位;申請補助項目;計畫總經費;自籌經費;申請補助經費;核准補助經費;核銷經費","雲林縣政府勞工處","每1月","政府資料開放授權條款-第1版","","免費","蔡小姐","05-5523622","2024-05-06 00:00:00","2024-06-08 13:43:10","","0;0;0;0"
"168645","雲林縣政府113年度青年社團發展補助計畫補助名單(按月份分-4月)","檔案資料","求學及進修","白金","XLSX;CSV;XML;JSON","https://ws.yunlin.gov.tw/001/Upload/539/opendata/0/1975/fa8d0dce-a4bc-40cc-8df5-7d9e59cd0f94.xlsx;https://ws.yunlin.gov.tw/001/Upload/539/opendata/0/1975/fa8d0dce-a4bc-40cc-8df5-7d9e59cd0f94.csv;https://ws.yunlin.gov.tw/001/Upload/539/opendata/0/1975/fa8d0dce-a4bc-40cc-8df5-7d9e59cd0f94.xml;https://ws.yunlin.gov.tw/001/Upload/539/opendata/0/1975/fa8d0dce-a4bc-40cc-8df5-7d9e59cd0f94.json","UTF-8;UTF-8;UTF-8;UTF-8","系統介接程式","113年度青年社團發展補助計畫補助名單(按月份分-3月)","計畫編號;申請單位;申請補助項目;計畫總經費;自籌經費;申請補助經費;核准補助經費;核銷經費","雲林縣政府勞工處","每1月","政府資料開放授權條款-第1版","","免費","蔡小姐","05-5523622","2024-05-06 00:00:00","2024-06-08 13:42:53","","0;0;0;0"
"168542","雲林縣政府113年度青年社團發展補助計畫補助名單(按月份分-1月)","檔案資料","求學及進修","白金","XLSX;CSV;XML;JSON","https://ws.yunlin.gov.tw/001/Upload/539/opendata/0/1972/6ff6fd89-6457-46d2-8473-1d00cc78de8e.xlsx;https://ws.yunlin.gov.tw/001/Upload/539/opendata/0/1972/6ff6fd89-6457-46d2-8473-1d00cc78de8e.csv;https://ws.yunlin.gov.tw/001/Upload/539/opendata/0/1972/6ff6fd89-6457-46d2-8473-1d00cc78de8e.xml;https://ws.yunlin.gov.tw/001/Upload/539/opendata/0/1972/6ff6fd89-6457-46d2-8473-1d00cc78de8e.json","UTF-8;UTF-8;UTF-8;UTF-8","系統介接程式","113年度青年社團發展補助計畫補助名單(按月份分-1月)","計畫編號;申請單位;申請補助項目;計畫總經費;自籌經費;申請補助經費;核准補助經費;核銷經費","雲林縣政府勞工處","每1月","政府資料開放授權條款-第1版","","免費","蔡小姐","05-5523622","2024-05-06 00:00:00","2024-06-08 13:42:29","","0;0;0;0"
"168996","雲林縣政府113年度青年社團發展補助計畫補助名單(按月份分-5月)","檔案資料","求學及進修","白金","XLSX;CSV;XML;JSON","https://ws.yunlin.gov.tw/001/Upload/539/opendata/0/2003/4d0d1e05-80a6-40d0-a82e-70d1e957dc51.xlsx;https://ws.yunlin.gov.tw/001/Upload/539/opendata/0/2003/4d0d1e05-80a6-40d0-a82e-70d1e957dc51.csv;https://ws.yunlin.gov.tw/001/Upload/539/opendata/0/2003/4d0d1e05-80a6-40d0-a82e-70d1e957dc51.xml;https://ws.yunlin.gov.tw/001/Upload/539/opendata/0/2003/4d0d1e05-80a6-40d0-a82e-70d1e957dc51.json","UTF-8;UTF-8;UTF-8;UTF-8","系統介接程式","113年度青年社團發展補助計畫補助名單(按月份分-5月)","計畫編號;申請單位;申請補助項目;計畫總經費;自籌經費;申請補助經費;核准補助經費;核銷經費","雲林縣政府勞工處","每1月","政府資料開放授權條款-第1版","","免費","蔡小姐","05-5523622","2024-06-07 00:00:00","2024-06-08 13:42:15","","0;0;0;0"
"168643","雲林縣政府113年度青年社團發展補助計畫補助名單(按月份分-2月)","檔案資料","求學及進修","白金","XLSX;CSV;XML;JSON","https://ws.yunlin.gov.tw/001/Upload/539/opendata/15369/1973/54216532-cfdc-4ebe-b0c4-573cb35450d8.xlsx;https://ws.yunlin.gov.tw/001/Upload/539/opendata/15369/1973/54216532-cfdc-4ebe-b0c4-573cb35450d8.csv;https://ws.yunlin.gov.tw/001/Upload/539/opendata/15369/1973/54216532-cfdc-4ebe-b0c4-573cb35450d8.xml;https://ws.yunlin.gov.tw/001/Upload/539/opendata/15369/1973/54216532-cfdc-4ebe-b0c4-573cb35450d8.json","UTF-8;UTF-8;UTF-8;UTF-8","系統介接程式","113年度青年社團發展補助計畫補助名單(按月份分-2月)","計畫編號;申請單位;申請補助項目;計畫總經費;自籌經費;申請補助經費;核准補助經費;核銷經費","雲林縣政府勞工處","每1月","政府資料開放授權條款-第1版","","免費","蔡小姐","05-5523622","2024-05-06 00:00:00","2024-06-08 13:42:03","","0;0;0;0"
"165897","雲林縣政府112年度青年社團發展補助計畫補助名單","檔案資料","求學及進修","銀","XLSX;CSV;XML;JSON","https://ws.yunlin.gov.tw/001/Upload/539/opendata/15369/1735/c3fb9290-5190-4fd1-b546-1a7988c20a64.xlsx;https://ws.yunlin.gov.tw/001/Upload/539/opendata/15369/1735/c3fb9290-5190-4fd1-b546-1a7988c20a64.csv;https://ws.yunlin.gov.tw/001/Upload/539/opendata/15369/1735/c3fb9290-5190-4fd1-b546-1a7988c20a64.xml;https://ws.yunlin.gov.tw/001/Upload/539/opendata/15369/1735/c3fb9290-5190-4fd1-b546-1a7988c20a64.json","UTF-8;UTF-8;UTF-8;UTF-8","系統介接程式","112年度青年社團發展補助計畫補助名單","計畫編號;申請單位;申請補助項目;計畫總經費;自籌經費;申請補助經費;核准補助經費;核銷經費","雲林縣政府勞工處","每1年","政府資料開放授權條款-第1版","","免費","蔡小姐","05-5523622","2023-09-27 00:00:00","2024-06-08 13:41:48","","0;0;0;0"
"32273","教育部多元文化語境之英文學習革新課程計畫-全校型計畫通過名單(104-106年)","檔案資料","求學及進修","白金","CSV","https://ws-proj.moe.edu.tw/001/Upload/580/relfile/13336/2474/07efa005-c58f-4b66-a381-f923a63e0590.csv","UTF-8","原始資料","大學校院提升學生英語溝通表達能力，並深化專業知識及多元文化之學習，建構優質脈絡化英語及文化之學習環境，以培育世界公民為目標，教育部於「基礎語文及多元文化能力培育計畫」下設子計畫：「多元文化語境之英文學習革新課程計畫」。
本資料集提供教育部多元文化語境之英文學習革新課程計畫-全校型計畫通過名單。
本計畫全程自2015年度至2018年度止，分年實施：
第1年：為期12個月，自2015年8月1日至2016年7月31日止。
第2年：為期12個月，自2016年8月1日至2017年7月31日止。
第3年：為期18個月，自2017年8月1日至2019年1月31日止。","序號;年度;計畫編號;計畫名稱;執行學校;執行單位","教育部資訊及科技教育司","不定期更新","政府資料開放授權條款-第1版","https://proj.moe.edu.tw/HSS-1/","免費","黃小姐","02-77129104","2016-12-22 00:00:00","2024-05-21 18:12:45","授權說明網址: http://data.gov.tw/license","29"
"32272","教育部全校型中文閱讀書寫課程革新推動計畫-全校型計畫通過名單","檔案資料","求學及進修","白金","CSV","https://ws-proj.moe.edu.tw/001/Upload/580/relfile/13336/2474/fd9e9537-40fa-4636-ad7d-3034c58222eb.csv","UTF-8","原始資料","為鼓勵大學校院提升學生書寫及表達能力，透過蘊涵社會共同情感及價值之文學文本，開拓其對於生命關照、社會關懷、族群與世界之宏觀視野，並強化教師教學品質，於「基礎語文及多元文化能力培育計畫」設立子計畫「全校型中文閱讀書寫課程革新推動計畫」。
本資料集提供全校型中文閱讀書寫課程革新推動計畫-全校型計畫2015-2018年通過名單。
本計畫全程自2015年度至2018年度止，分年實施： 第1年：為期12個月，自2015年8月1日至2016年7月31日止。 第2年：為期12個月，自2016年8月1日至2017年7月31日止。 第3年：為期18個月，自2017年8月1日至2019年1月31日止。","序號;年度;計畫編號;計畫名稱;學校名稱;執行單位","教育部資訊及科技教育司","不定期更新","政府資料開放授權條款-第1版","https://hss.edu.tw/","免費","黃小姐","02-77129104","2016-12-22 00:00:00","2024-05-21 18:07:00","授權說明網址: https://data.gov.tw/license","28"
"107817","教育部議題導向敘事力教學社群團隊培力計畫歷年獲補助名單","檔案資料","求學及進修","白金","CSV","https://ws-proj.moe.edu.tw/001/Upload/580/relfile/13336/2474/7762c2d7-4da8-4d20-a33f-e043d23b8186.csv","UTF-8","原始資料","教育部為培養學生具備綜合敘事、多元想像及問題解決能力，運用跨領域合作、場域實踐為策略，發展以利他精神為核心、多元敘事為載體之創新課程機制及模組，並鼓勵教師透過共學社群之經營與連結，強化議題導向跨領域師資軟實力，形成兼具教學與研發能量之議題導向敘事力教學團隊。特推動「議題導向跨領域敘事力計畫」，包含子計畫1「議題導向跨院系敘事力新創課程發展計畫」及子計畫2「議題導向跨領域敘事力課群暨教師社群發展計畫」，子計畫2分A類課群發展、B類教學社群培力等補助類型。本資料集提供子計畫2的B類「教學社群培力」歷年獲補助名單。","序號;年度;計畫名稱;補助學校;執行單位;計畫主持人;計畫起始日;計畫截止日","教育部資訊及科技教育司","不定期更新","開放字型授權條款 OFL-1.1","https://proj.moe.edu.tw/hss/","免費","黃小姐","0277129104","2020-01-16 00:00:00","2024-05-21 17:38:12","教育部人文社會科學相關領域計畫入口網：https://proj.moe.edu.tw/hss/","43"
"91553","教育部數位人文社會科學教學創新計畫歷年獲補助清單（107年至110年）","檔案資料","求學及進修","白金","CSV","https://ws-proj.moe.edu.tw/001/Upload/580/relfile/13336/2474/dc760e45-453b-49f7-9bef-40de3c441596.csv","UTF-8","原始資料","教育部鼓勵及引導大學校院運用大數據及數位科技工具，導入人文社會科學教學創新，培育具備邏輯思考、問題解決與實作能力之跨領域創新人才，特於107年至110年推動「數位人文社會科學教學創新計畫」，本資料集提供歷年獲補助清單。","序號;學年度;類別;計畫編號;計畫名稱;主持人;職稱;單位;預計開課時間;計畫起始日;計畫截止日","教育部資訊及科技教育司","不定期更新","政府資料開放授權條款-第1版","http://www.dhcreate.nccu.edu.tw/index.html","免費","廖先生","02-77129020","2019-03-10 00:00:00","2024-05-21 17:34:49","本計畫執行期程為107-110年。","180"
"107803","教育部人文社會與科技前瞻人才培育計畫歷年獲補助名單","檔案資料","求學及進修","白金","CSV","https://ws-proj.moe.edu.tw/001/Upload/580/relfile/13336/2474/51e655c7-7823-4773-9d51-cf2fc81c9a16.csv","UTF-8","原始資料","教育部為鼓勵大學校院透過適當環境與機制之營造、鼓勵研教合一之跨域師資、推動共享之教師成長社群等方式，以科技前瞻議題為主軸，培養人文及社會科學領域學生體察未來趨勢變化，以具備知識創新、融通、整合及應用之能力，特於108年至111年推動「人文社會與科技前瞻人才培育計畫」，本資料集提供歷年獲補助名單。
","序號;年度;類別;計畫名稱;學校;執行單位;計畫主持人;職稱;計畫起始日;計畫截止日","教育部資訊及科技教育司","不定期更新","政府資料開放授權條款-第1版","https://ufo-edu.web2.ncku.edu.tw/;https://proj.moe.edu.tw/UFO/","免費","金小姐","02-77129102","2020-01-16 00:00:00","2024-05-21 17:31:50","原計畫網站https://ufo-edu.web2.ncku.edu.tw/
備份網站 https://proj.moe.edu.tw/UFO/","39"
"114582","議題導向跨院系敘事力新創課程發展計畫（子1）歷年獲補助名單","檔案資料","求學及進修","白金","CSV","https://ws-proj.moe.edu.tw/001/Upload/580/relfile/13336/2474/c45ae987-a666-4939-b1ea-6ca468fc9bd5.csv","UTF-8","原始資料","教育部為培養學生具備綜合敘事、多元想像及問題解決能力，運用跨領域合作、場域實踐為策略，發展以利他精神為核心、多元敘事為載體之創新課程機制及模組，並鼓勵教師透過共學社群之經營與連結，強化議題導向跨領域師資軟實力，形成兼具教學與研發能量之議題導向敘事力教學團隊。特推動「議題導向跨領域敘事力計畫」，包含子計畫1「議題導向跨院系敘事力新創課程發展計畫」及子計畫2「議題導向跨領域敘事力課群暨教師社群發展計畫」，子計畫2分A類課群發展、B類教學社群培力等補助類型。
本項資料為子計畫1「議題導向跨院系敘事力新創課程發展計畫」之歷年獲補助清單。","編號;年度;計畫名稱;補助學校;計畫主持人;計畫起始日;計畫截止日","教育部資訊及科技教育司","不定期更新","政府資料開放授權條款-第1版","https://proj.moe.edu.tw/hss/;","免費","黃小姐","02-77129104","2020-01-22 00:00:00","2024-05-21 17:28:36","教育部人文社會科學相關領域計畫入口網：https://proj.moe.edu.tw/hss/","26"
"168841","素養導向高教學習創新計畫（XPlorer，探索者計畫）第1、2期獲補助名單(111-114年)","檔案資料","求學及進修","白金","CSV","https://ws-proj.moe.edu.tw/001/Upload/580/relfile/13336/2474/de46b055-7580-4549-821f-c1d351eed80c.csv","UTF-8","原始資料","教育部素養導向高教學習創新計畫又稱XPlorer探索者計畫，旨在協助學生自高中至大學的適應、定向，並透過新生課程、舊課翻新與規劃未來學習藍圖，培養學生具備運用科技工具進行自主探索，讓學生在大學關鍵的第一年即能明確理解學習的意義感，穩定學習表現；同時，盤點素養導向學習在大學校院所面臨的真實挑戰，並透過突破性、試辦性且具擴散價值的方案及課程再造。本計畫於111至114年分2期推動推動，本資料集為1、2期獲補助名單。","編號;年度;期別 ;類別;計畫名稱;補助學校;計畫起始日;計畫截止日","教育部資訊及科技教育司","不定期更新","政府資料開放授權條款-第1版","https://uxplorer21.wixsite.com/xplorer/","免費","廖東杉","0277129020","2024-05-16 00:00:00","2024-05-21 14:18:00","","29"
"168506","南投縣公立及非營利幼兒園2歲專班名冊","檔案資料","求學及進修","金","CSV","https://data.nantou.gov.tw/dataset/55834e48-f414-4b9a-8b80-441ca9a4ebd1/resource/9511a5d9-06dd-4df5-8f4b-5d8d0ed6e0f8/download/113051301.csv","UTF-8","系統介接程式","南投縣公立及非營利幼兒園","編號;鄉鎮;幼兒園名稱;負責人/園長;幼兒園電話;傳真;總和班級;核定人數;實際人數;郵地區號;幼兒園住址","南投縣政府","不定期更新","政府資料開放授權條款-第1版","","免費","王心宜","049-2222106#1382","2024-05-01 00:00:00","2024-05-13 23:00:07","","0"
"168508","南投縣設置特殊班型之學校名冊(資賦優異班)","檔案資料","求學及進修","金","CSV","https://data.nantou.gov.tw/dataset/e2a7ceea-e0e4-4674-a442-ff54718aaad9/resource/d87b154b-a566-47da-93f3-0ef05040574d/download/113032612.csv","BIG5","系統介接程式","資賦優異班","編號;鄉鎮;學校;類別;班級數;電話;學校地址;學校網址","南投縣政府","不定期更新","政府資料開放授權條款-第1版","","免費","連晉仁","049-2391080","2024-05-01 00:00:00","2024-05-02 23:00:03","","0"
"38376","南投縣各級學校基本資料","檔案資料","求學及進修","金","CSV","https://data.nantou.gov.tw/dataset/23a2c6be-417e-4627-89d4-4189e91fa7a3/resource/226a97df-26f3-4676-95f0-d4ae918fce9d/download/201802121222492.csv","其他","系統介接程式","南投縣各級學校名錄","使用單位;住址;電話;傳真;網路電話","南投縣政府","不定期更新","政府資料開放授權條款-第1版","","免費","李淑瑜","049-2222106#1303","2016-01-01 00:00:00","2024-05-01 23:00:08","","0"
"123587","新北市補校業務資訊","檔案資料","求學及進修","無(白名單)","CSV","https://data.ntpc.gov.tw/api/datasets/2793d073-7051-4514-9a70-cbf5ea8b356b/csv/file","UTF-8","系統介接程式","提供新北市國小至國中有辦理補校業務之學校資訊。","r_name(名稱);r_grade(年級);r_address(地址);r_phone(電話);r_fax(傳真)","新北市政府教育局","不定期更新","政府資料開放授權條款-第1版","","免費","蔡青芳","2590","2014-12-24 00:00:00","2024-05-01 17:00:46","OpenAPI文件下載: https://data.ntpc.gov.tw/api/v1/openapi/units/1050000","70"
"87300","中央研究院太平洋鄰里協會歷年會議地點及主題","檔案資料","求學及進修","金","ODS","https://its.sinica.edu.tw/archives/057a51e788db347c","其他","原始資料","提供太平洋鄰里協會歷年會議地點及主題","年份Year;城市City;國家Country;會場Venue;會議主題MainTheme","資訊服務處","不定期更新","政府資料開放授權條款-第1版","https://www.pnclink.org/","免費","陳小姐","02-2652-1885 #309","2018-07-09 00:00:00","2024-02-26 17:31:25","","32"
"87299","中央研究院太平洋鄰里協會歷年年會主題演講","檔案資料","求學及進修","金","ODS","https://its.sinica.edu.tw/archives/9dd63a4fe6921193","其他","原始資料","提供太平洋鄰里協會年會暨聯合會議主題演講影片連結","年份Year;主題講者Keynote Speaker;單位Affiliation;演講主題Speech Title;網址URL","資訊服務處","不定期更新","政府資料開放授權條款-第1版","http://pnclink.org/","免費","陳小姐","02-2652-1885 #309","2018-07-09 00:00:00","2024-02-26 17:22:13","","111"
"56065","歷年中華函授學校學生入學人數─教育程度別","檔案資料","求學及進修","白金","CSV","https://www.ocac.gov.tw/OCAC/File/Attach/442888/File_81722.csv","UTF-8","原始資料","本資料主要是93-105年中華函授學校學生入學人數－教育程度別，中華函授學校自105年起停止招生，爰不再更新資料。","民國年;大專以上學校畢（肄）業;高級中學畢（肄）業;初級中學畢（肄）業;小學畢（肄）業;人數","僑務委員會","不定期更新","政府資料開放授權條款-第1版","","免費","陳先生","02-23272684","2017-10-09 00:00:00","2024-02-19 09:25:29","","12"
"6293","函授教育入學及結業學生人數","檔案資料","求學及進修","無(白名單)","CSV","https://www.ocac.gov.tw/OCAC/File/Attach/1251/File_1938.csv","UTF-8","原始資料","為推展海外華文教育，增加僑胞終身學習機會，本會函校前開設有華文教師、文史藝術、華語文應用、農工、商業及管理、家庭與兒童、餐飲、電腦資訊及中小學進修等9門學科、79種函授教育課程，本資料集主要內容包括各洲函授學校學生入學及結業人數；另函校105年起停止招生，爰不再更新資料。","民國年;類別;亞洲;美洲;歐洲;大洋洲;非洲;人數","僑務委員會","不定期更新","政府資料開放授權條款-第1版","","免費","陳先生","02-23272684","2013-09-06 00:00:00","2024-02-19 09:23:46","授權說明網址: http://data.gov.tw/license","16"
"46781","歷年中華函授學校學生入學人次─按修習科別及地區別","檔案資料","求學及進修","白金","CSV","https://www.ocac.gov.tw/OCAC/File/Attach/436756/File_75772.csv","UTF-8","原始資料","本資料集主要是歷年中華函授學校學生入學人次－按修習科別及地區別。因網路選課每人選讀科數無上限，函授選課每人最多4門課，爰採人次統計;另中華函授學校自105年起停止招生，爰不再更新資料。","民國年;科別;亞洲;北美洲;中南美洲;歐洲;大洋洲;非洲;人數","僑務委員會","不定期更新","政府資料開放授權條款-第1版","","免費","陳先生","02-23272684","2017-07-03 00:00:00","2024-02-19 09:22:44","授權說明網址: http://data.gov.tw/license","51"
"56022","中華函授學校學生入學人數─性別及年齡別","檔案資料","求學及進修","白金","CSV","https://www.ocac.gov.tw/OCAC/File/Attach/442869/File_81707.csv","UTF-8","原始資料","本資料主要是93-105年中華函授學校學生入學人數－性別及年齡別，中華函授學校自105年起停止招生，爰不再更新資料。","民國年;年齡段;人數","僑務委員會","不定期更新","政府資料開放授權條款-第1版","","免費","陳先生","02-23272684","2017-10-09 00:00:00","2024-02-19 08:54:17","","84"
"56063","歷年中華函授學校學生入學人數─職業別","檔案資料","求學及進修","白金","CSV","https://www.ocac.gov.tw/OCAC/File/Attach/442886/File_81721.csv","UTF-8","原始資料","本資料主要是101-105年中華函授學校學生入學人數－職業別，中華函授學校自105年起停止招生，爰不再更新資料。","民國年;職業別;人數","僑務委員會","不定期更新","政府資料開放授權條款-第1版","","免費","陳先生","02-23272684","2017-10-09 00:00:00","2024-02-06 11:29:15","","12"
"167376","112年新竹縣政府公務人員參訓人數","檔案資料","求學及進修","白金","XLSX;CSV;XML;JSON","https://ws.hsinchu.gov.tw/001/Upload/1/opendata/8774/2373/50847b1e-8599-467f-a87c-bf7a146c96a6.xlsx;https://ws.hsinchu.gov.tw/001/Upload/1/opendata/8774/2373/50847b1e-8599-467f-a87c-bf7a146c96a6.csv;https://ws.hsinchu.gov.tw/001/Upload/1/opendata/8774/2373/50847b1e-8599-467f-a87c-bf7a146c96a6.xml;https://ws.hsinchu.gov.tw/001/Upload/1/opendata/8774/2373/50847b1e-8599-467f-a87c-bf7a146c96a6.json","UTF-8;BIG5;UTF-8;UTF-8","系統介接程式","公務人員參訓人數","序號;類別;課程名稱;日期;時間;人數","人事處","不定期更新","政府資料開放授權條款-第1版","","免費","王柔婷|女士","03-5518101#3825","2024-01-22 00:00:00","2024-01-22 11:11:02","","0;0;0;0"
"166223","法務部及所屬機關112年度委外電腦教育訓練課程表","檔案資料","求學及進修","白金","CSV","https://www.moj.gov.tw/2204/2771/2773/189385/","BIG5","原始資料","112年度委外電腦教育訓練課程名稱、區域及起迄日","機關名稱;機關代碼;區域;課程名稱;開課啟始日期;開課結束日期","法務部資訊處","不定期更新","政府資料開放授權條款-第1版","","免費","黃雅君","02-21910189#7460","2023-11-08 00:00:00","2023-11-08 17:34:30","","0"
"89256","中央研究院國際事務處各類講座","檔案資料","求學及進修","金","ODS","https://dia.sinica.edu.tw/archives/abfcb2fe373ccd76","其他","原始資料","國際事務處各類講座及必修課程","名稱;lecture","國際事務處","不定期更新","政府資料開放授權條款-第1版","https://dia.sinica.edu.tw/pages/1605;https://dia.sinica.edu.tw/pages/1616","免費","陳小姐","02-27871414","2018-08-07 00:00:00","2023-10-05 17:26:51","","4"
"93605","中央研究院國際研究生學程(TIGP)歷年招生、錄取、報到人數彙整表","檔案資料","求學及進修","金","ODS","https://dia.sinica.edu.tw/archives/23d7d55718cc0a55","其他","原始資料","國際研究生學程歷年招生、錄取、報到人數彙整表","年份;申請人數;錄取人數;錄取率(％);報到人數;報到率(％)","國際事務處","不定期更新","政府資料開放授權條款-第1版","","免費","沈小姐","02-27879-8050","2018-10-16 00:00:00","2023-10-05 17:11:29","","23"
"90860","中央研究院知識饗宴系列電子書","檔案資料","求學及進修","金","ODS","https://sec.sinica.edu.tw/archives/3de6ff3419113d46","其他","原始資料","知識饗宴系列電子書","書名;電子書連結","秘書處","不定期更新","政府資料開放授權條款-第1版","","免費","高先生","02-27899415","2018-09-07 00:00:00","2023-09-26 18:53:56","","13"
"91557","中央研究院人文組知識饗宴科普講座","檔案資料","求學及進修","金","ODS","https://sec.sinica.edu.tw/archives/e57b929553bb9c47","其他","原始資料","中央研究院人文組知識饗宴","日期;主講人;講題;主持人;影音連結","秘書處","不定期更新","政府資料開放授權條款-第1版","","免費","高先生","02-27899415","2018-09-18 00:00:00","2023-09-26 15:09:19","已停更","35"
"91599","中央研究院生命組知識饗宴科普講座","檔案資料","求學及進修","金","ODS","https://sec.sinica.edu.tw/archives/98d6daa609075f7e","其他","原始資料","生命組知識饗宴科普講座","日期;主講人;講題;主持人;影音連結","秘書處","不定期更新","政府資料開放授權條款-第1版","","免費","高先生","02-27899415","2018-09-19 00:00:00","2023-09-26 15:08:52","已停更","35"
"90602","屏東縣各國民中學基本學區範圍","檔案資料","求學及進修","金","CSV","https://www-ws.pthg.gov.tw/Upload/2015pthg/0/relfile/0/0/eb08940f-7148-4d25-849a-fd429d03e2ff.csv","UTF-8","系統介接程式","各國民中學基本學區範圍(屏東縣)","area(鄉鎮市);name(學校名稱);School District(學區);remark(備註)","教育處","不定期更新","政府資料開放授權條款-第1版","","免費","花淑卿 女士","(08)7320415#3631","2018-09-04 00:00:00","2023-08-31 18:47:36","","40"
"90604","屏東縣教育基金會名冊","檔案資料","求學及進修","金","CSV","https://www-ws.pthg.gov.tw/Upload/2015pthg/0/relfile/0/0/f31ac3ed-57e3-4c8f-a6ed-cc54cc4ff5d2.csv","UTF-8","系統介接程式","屏東縣教育基金會中文名稱及會址","organization name(教育基金會中文名稱);address(會址);director(董事長)","教育處","不定期更新","政府資料開放授權條款-第1版","","免費","劉以翎 女士","08-7320415#3641","2018-09-04 00:00:00","2023-08-31 18:35:34","","34"
"90608","屏東縣特殊教育班","檔案資料","求學及進修","金","CSV","https://www-ws.pthg.gov.tw/Upload/2015pthg/0/relfile/0/0/908f8754-33b4-4abc-b10a-aa48397c7e70.csv","UTF-8","系統介接程式","特殊教育班學校及班級類型","name(學校名稱);style(班級類型);stage(教育階段);class(班級數);student(學生數);teacher(教師數)","教育處","不定期更新","政府資料開放授權條款-第1版","","免費","林桂霞 女士","7320415#3659","2018-09-04 00:00:00","2023-08-31 18:18:38","","163"
"90601","屏東縣各國民小學基本學區範圍","檔案資料","求學及進修","金","CSV","https://www-ws.pthg.gov.tw/Upload/2015pthg/0/relfile/0/0/c60e9865-6620-4131-aa2d-236943575264.csv","UTF-8","系統介接程式","各國民小學基本學區範圍(屏東縣)
","area(鄉鎮市);name(學校名稱);School District(學區);remark(備註)","教育處","不定期更新","政府資料開放授權條款-第1版","","免費","花淑卿 女士","7320415#3631","2018-09-04 00:00:00","2023-08-31 18:13:54","","191"
"90598","屏東縣社區互助教保服務中心名錄","檔案資料","求學及進修","金","CSV","https://www-ws.pthg.gov.tw/Upload/2015pthg/0/relfile/0/0/7afab6d8-1d04-46e3-bd8b-e9eaa094ff06.csv","UTF-8","系統介接程式","屏東縣內社區(部落)互助教保服務中心所在鄉、中心名稱、電話及住址。","No(順號);Towns(市鄉鎮);Type(類型);Name(園名);Tel(電話);Address(住址)","教育處","不定期更新","政府資料開放授權條款-第1版","","免費","林春光 先生","08-7320415#3661","2018-09-04 00:00:00","2023-08-31 17:55:56","","5"
"147271","屏東縣非營利幼兒園名錄","檔案資料","求學及進修","金","CSV","https://www-ws.pthg.gov.tw/Upload/2015pthg/0/relfile/0/0/a987b061-fc27-4b27-999d-6ebe5b1c94cb.csv","UTF-8","系統介接程式","屏東縣內非營利幼兒園所在鄉市鎮、園名、電話及住址。","Towns(市鄉鎮);Type(類型);Name(園名);Tel(電話);Address(住址)","教育處","不定期更新","政府資料開放授權條款-第1版","","免費","林春光 先生","08-7320415#3661","2018-09-04 00:00:00","2023-08-30 14:22:14","","4"
"147272","屏東縣私立幼兒園名錄","檔案資料","求學及進修","金","CSV","https://www-ws.pthg.gov.tw/Upload/2015pthg/0/relfile/0/0/42b8b746-48e1-41f1-a21a-f0e6f2569205.csv","UTF-8","系統介接程式","屏東縣內私立幼兒園所在鄉市鎮、園名、電話及住址。","Towns(市鄉鎮);Type(類型);Name(園名);Tel(電話);Address(住址)","教育處","不定期更新","政府資料開放授權條款-第1版","","免費","林春光 先生","08-7320415#3661","2018-09-04 00:00:00","2023-08-30 14:02:22","","129"
"147273","屏東縣鄉鎮立幼兒園名錄","檔案資料","求學及進修","金","CSV","https://www-ws.pthg.gov.tw/Upload/2015pthg/0/relfile/0/0/a309f0a8-7461-4ba0-96ae-0227e5b600b6.csv","UTF-8","系統介接程式","屏東縣內所有鄉鎮立幼兒園及其分班電話及住址。","No(順號);Towns(市鄉鎮);Type(類型);Name(園名);Tel(電話);Address(住址)","教育處","不定期更新","政府資料開放授權條款-第1版","","免費","林春光 先生","08-7320415#3661","2018-09-04 00:00:00","2023-08-30 13:58:37","","42"
"147274","屏東縣國小附設幼兒園名錄","檔案資料","求學及進修","金","CSV","https://www-ws.pthg.gov.tw/Upload/2015pthg/0/relfile/0/0/786256c1-e887-4f97-8dd5-5fee84f1d65c.csv","UTF-8","系統介接程式","屏東縣內公立國民小學附設幼兒園之名稱、聯絡電話及住址。","No(順號);Towns(市鄉鎮);Type(類型);Name(園名);Tel(電話);Address(住址)","教育處","不定期更新","政府資料開放授權條款-第1版","","免費","林春光 先生","08-7320415#3649","2018-09-04 00:00:00","2023-08-30 13:55:56","","110"
"155887","屏東縣公共圖書館名冊","檔案資料","求學及進修","金","CSV","https://www-ws.pthg.gov.tw/Upload/2015pthg/0/relfile/0/0/11466d45-384d-4b9d-aa0d-375eb6ed4084.csv","UTF-8","系統介接程式","屏東縣內公立圖書館位置及電話","id(編號);name(名稱);address(地址);TEL(電話)","文化處","不定期更新","政府資料開放授權條款-第1版","","免費","陳貞瑜 女士","08-7227699#1033","2018-06-19 00:00:00","2023-08-30 13:40:16","","36"
"29862","發布本部分析後畢業生畢業後第三年之就業概況","檔案資料","求學及進修","白金","ZIP","https://udb.moe.edu.tw/udata/FileDownload/STU_N190000_E05","UTF-8","原始資料","大專畢業可工作人口中主要工作有薪資所得者之平均月薪及已投入職場比率-按學門(博士)、 大專畢業生可工作人口中主要工作有薪資所得者之平均月薪及已投入職場比率-按學類、大專畢業生可工作人口中主要工作有薪資所得者之已投入職場比率-按學校、99學年度畢業生102年薪資年學門人數少於30人清單","學門代碼;學門名稱;99學年度畢業生102薪資年博士未滿35歲平均薪資;99學年度畢業生102薪資年博士35歲以上平均薪資;99學年度畢業生103薪資年博士未滿35歲平均薪資;99學年度畢業生103薪資年博士35歲以上平均薪資;100學年度畢業生103薪資年博士未滿35歲平均薪資;100學年度畢業生103薪資年博士35歲以上平均薪資;99學年度畢業生102薪資年博士未滿35歲已投入職場比率%;99學年度畢業生102薪資年博士35歲以上已投入職場比率%;99學年度畢業生103薪資年博士未滿35歲已投入職場比率%;99學年度畢業生103薪資年博士35歲以上已投入職場比率%;100學年度畢業生103薪資年博士未滿35歲已投入職場比率%;100學年度畢業生103薪資年博士35歲以上已投入職場比率%;99學年度畢業生102年薪資年等級別;99學年度畢業生102年薪資年學制別;99學年度畢業生102年薪資年學門代碼;99學年度畢業生102年薪資年學門名稱;99學年度畢業生103年薪資年等級別;99學年度畢業生103年薪資年學制別;99學年度畢業生103年薪資年學門代碼;99學年度畢業生103年薪資年學門名稱;100學年度畢業生103年薪資年等級別;100學年度畢業生103年薪資年學制別;100學年度畢業生103年薪資年學門代碼;100學年度畢業生103年薪資年學門名稱;學校代碼;學校名稱;99學年度畢業生102薪資年博士未滿35歲;99學年度畢業生102薪資年博士35歲以上;99學年度畢業生102薪資年碩士日間學制;99學年度畢業生102薪資年碩士在職專班;99學年度畢業生102薪資年學士日間學制;99學年度畢業生102薪資年學士進修學制;99學年度畢業生102薪資年專科日間學制;99學年度畢業生102薪資年專科進修學制;99學年度畢業生103薪資年博士未滿35歲;99學年度畢業生103薪資年博士35歲以上;99學年度畢業生103薪資年碩士日間學制;99學年度畢業生103薪資年碩士在職專班;99學年度畢業生103薪資年學士日間學制;99學年度畢業生103薪資年學士進修學制;99學年度畢業生103薪資年專科日間學制;99學年度畢業生103薪資年專科進修學制;100學年度畢業生103薪資年博士未滿35歲;100學年度畢業生103薪資年博士35歲以上;100學年度畢業生103薪資年碩士日間學制;100學年度畢業生103薪資年碩士在職專班;100學年度畢業生103薪資年學士日間學制;100學年度畢業生103薪資年學士進修學制;100學年度畢業生103薪資年專科日間學制;100學年度畢業生103薪資年專科進修學制;99學年度畢業生102年薪資年學校代碼;99學年度畢業生102年薪資年學校名稱;99學年度畢業生102年薪資年體系別;99學年度畢業生102年薪資年公私立;99學年度畢業生102年薪資年畢業年;99學年度畢業生102年薪資年薪資年;99學年度畢業生103年薪資年學校代碼;99學年度畢業生103年薪資年學校名稱;99學年度畢業生103年薪資年體系別;99學年度畢業生103年薪資年公私立;99學年度畢業生103年薪資年畢業年;99學年度畢業生103年薪資年薪資年;100學年度畢業生103年薪資年學校代碼;100學年度畢業生103年薪資年學校名稱;100學年度畢業生103年薪資年體系別;100學年度畢業生103年薪資年公私立;100學年度畢業生103年薪資年畢業年;100學年度畢業生103年薪資年薪資年;代碼;學門學類;99學年度畢業生102年已投入職場比率_碩士_日間學制_平均月薪;99學年度畢業生102年已投入職場比率_碩士_日間學制_已投入職場比率%;99學年度畢業生102年已投入職場比率_碩士_在職專班_平均月薪;99學年度畢業生102年已投入職場比率_碩士_在職專班_已投入職場比率%;99學年度畢業生102年已投入職場比率_學士_日間學制_平均月薪;99學年度畢業生102年已投入職場比率_學士_日間學制_已投入職場比率%;99學年度畢業生102年已投入職場比率_學士_進修學制_平均月薪;99學年度畢業生102年已投入職場比率_學士_進修學制_已投入職場比率%;99學年度畢業生102年已投入職場比率_專科_日間學制_平均月薪;99學年度畢業生102年已投入職場比率_專科_日間學制_已投入職場比率%;99學年度畢業生102年已投入職場比率_專科_進修學制_平均月薪;99學年度畢業生102年已投入職場比率_專科_進修學制_已投入職場比率%;99學年度畢業生103年已投入職場比率_碩士_日間學制_平均月薪;99學年度畢業生103年已投入職場比率_碩士_日間學制_已投入職場比率%;99學年度畢業生103年已投入職場比率_碩士_在職專班_平均月薪;99學年度畢業生103年已投入職場比率_碩士_在職專班_已投入職場比率%;99學年度畢業生103年已投入職場比率_學士_日間學制_平均月薪;99學年度畢業生103年已投入職場比率_學士_日間學制_已投入職場比率%;99學年度畢業生103年已投入職場比率_學士_進修學制_平均月薪;99學年度畢業生103年已投入職場比率_學士_進修學制_已投入職場比率%;99學年度畢業生103年已投入職場比率_專科_日間學制_平均月薪;99學年度畢業生103年已投入職場比率_專科_日間學制_已投入職場比率%;99學年度畢業生103年已投入職場比率_專科_進修學制_平均月薪;99學年度畢業生103年已投入職場比率_專科_進修學制_已投入職場比率%;100學年度畢業生103年已投入職場比率_碩士_日間學制_平均月薪;100學年度畢業生103年已投入職場比率_碩士_日間學制_已投入職場比率%;100學年度畢業生103年已投入職場比率_碩士_在職專班_平均月薪;100學年度畢業生103年已投入職場比率_碩士_在職專班_已投入職場比率%;100學年度畢業生103年已投入職場比率_學士_日間學制_平均月薪;100學年度畢業生103年已投入職場比率_學士_日間學制_已投入職場比率%;100學年度畢業生103年已投入職場比率_學士_進修學制_平均月薪;100學年度畢業生103年已投入職場比率_學士_進修學制_已投入職場比率%;100學年度畢業生103年已投入職場比率_專科_日間學制_平均月薪;100學年度畢業生103年已投入職場比率_專科_日間學制_已投入職場比率%;100學年度畢業生103年已投入職場比率_專科_進修學制_平均月薪;100學年度畢業生103年已投入職場比率_專科_進修學制_已投入職場比率%;99學年度畢業生102年薪資年學類人數少於30人清單_等級別;99學年度畢業生102年薪資年學類人數少於30人清單_學制別;99學年度畢業生102年薪資年學類人數少於30人清單_學門代碼;99學年度畢業生102年薪資年學類人數少於30人清單_學門名稱;99學年度畢業生102年薪資年學類人數少於30人清單_學類代碼;99學年度畢業生102年薪資年學類人數少於30人清單_學類名稱;99學年度畢業生103年薪資年學類人數少於30人清單_等級別;99學年度畢業生103年薪資年學類人數少於30人清單_學制別;99學年度畢業生103年薪資年學類人數少於30人清單_學門代碼;99學年度畢業生103年薪資年學類人數少於30人清單_學門名稱;99學年度畢業生103年薪資年學類人數少於30人清單_學類代碼;99學年度畢業生103年薪資年學類人數少於30人清單_學類名稱;100學年度畢業生103年薪資年學類人數少於30人清單_等級別;100學年度畢業生103年薪資年學類人數少於30人清單_學制別;100學年度畢業生103年薪資年學類人數少於30人清單_學門代碼;100學年度畢業生103年薪資年學類人數少於30人清單_學門名稱;100學年度畢業生103年薪資年學類人數少於30人清單_學類代碼;100學年度畢業生103年薪資年學類人數少於30人清單_學類名稱","教育部技術及職業教育司","不定期更新","政府資料開放授權條款-第1版","","免費","王小姐","0277366199","2016-04-13 00:00:00","2023-07-31 17:36:43","授權說明網址: http://data.gov.tw/license","701"
"41622","將教育部校園學術倫理教育與機制發展計畫發展之學術倫理數位課程列為研究所新生必修之大學校院名單","檔案資料","求學及進修","白金","CSV","https://ws-proj.moe.edu.tw/001/Upload/580/relfile/13336/2474/7fee894f-5243-420a-8332-4cc19888aab7.csv","UTF-8","原始資料","教育部校園學術倫理教育與機制發展計畫規劃每年開發本土化學術倫理教育課程單元，發展各種屬性學術倫理課程教材，逐年建構出「基礎」、「進階」與「學門領域」之學術倫理課程內涵，並將課程內容轉化為數位教材，放置於「臺灣學術倫理教育資源中心」(網址為https://ethics.nctu.edu.tw)，無償供各界使用，目前已有40所大學完成學則修訂，將此數位課程納入全校必修。","已完成學則修訂列為必修學校名單;全面推動學年度;全面推動起始日","教育部資訊及科技教育司","不定期更新","政府資料開放授權條款-第1版","https://proj.moe.edu.tw/HSS-3","免費","廖先生","0277129020","2016-12-23 00:00:00","2023-07-31 00:06:59","計畫結束，停止更新。
授權說明網址: https://data.gov.tw/license","105"
"41626","教育部科學人文跨科際人才培育計畫歷年跨科際課程獲補助名單（101-104年）","檔案資料","求學及進修","白金","CSV","https://ws-proj.moe.edu.tw/001/Upload/580/relfile/13336/2474/04e02242-996f-41fd-959d-a0e29d1bdc53.csv","UTF-8","原始資料","教育部於101-104年推動「科學人文跨科際人才培育計畫」，以社會、人文、科學(SHS)跨科際溝通人才培育為宗旨，以大學高年級及研究生為主要對象，發展問題導向、行動導向及研究型學習課程，並以深度聽、說、讀、寫與互動表達溝通、交流活動作為學習手段。實施策略為：開發科學人文跨科際導向跨校、院之典範課程(或課群、學程)，以及校或院本課程(或課群、學程)，針對社會所面臨重要問題，辦理跨科際主題導向課程、課群及學程發展計畫。課程計畫分為主題導向課程群組發展計畫(A類)、主題導向微型課程群組發展計畫（微A類），以及問題解決導向或研究學習導向專業課程計畫(B類)。本名單為101至103學年獲補助計畫。","序號;年度;類別;計畫名稱;執行單位","教育部資訊及科技教育司","不定期更新","政府資料開放授權條款-第1版","https://shs.ntu.edu.tw/","免費","金小姐","0277129102","2016-12-23 00:00:00","2023-07-30 16:18:34","更新頻率說明: 計畫結束，已停止更新
授權說明網址: https://data.gov.tw/license","89"
"36371","蒙藏課程辦理明細表","檔案資料","求學及進修","金","CSV","https://themefile.culture.tw/file/2018-08-16/f86e8878-afcc-4e45-94e9-fb724974cc45/%E8%92%99%E8%97%8F%E8%AA%B2%E7%A8%8B%E8%BE%A6%E7%90%86%E6%98%8E%E7%B4%B0%E8%A1%A8.csv","UTF-8","系統介接程式","蒙藏課程辦理之歷史資料","項次;名稱;時間;地點;參加人次","文化部","不定期更新","政府資料開放授權條款-第1版","","免費","黃靖智 先生","02-2356-6447","2016-09-21 00:00:00","2023-07-28 14:39:50","","9"
"38349","南投縣公共圖書館地址、電話表","檔案資料","求學及進修","金","CSV","https://data.nantou.gov.tw/dataset/a4518974-48bb-4bea-951a-a44adb0df2ea/resource/276c8554-38e7-43c1-a4d2-ab2567fe9464/download/20230309153053.csv","BIG5","系統介接程式","南投縣公私立圖書館開館時間、地址及電話","名稱;開館時間;連絡電話;地址;公私立別;網址","南投縣政府","不定期更新","政府資料開放授權條款-第1版","","免費","詹憲昌","049-2221619轉301","2016-01-01 00:00:00","2023-07-28 14:04:07","","0"
"25287","臺文館台灣現代詩網路聯盟-104年9月至12月最新作品目錄","檔案資料","求學及進修","白金","CSV","https://cloud.culture.tw/h_upload_ccacloud/peom-10409-12-new.csv","UTF-8","系統介接程式","國立臺灣文學館台灣現代詩網路聯盟-104年9月至12月最新作品目錄","詩名;部落格名稱;相關網頁發布時間;相關網頁;資料來源網址","文化部","不定期更新","政府資料開放授權條款-第1版","","免費","洪彩圓 小姐","06-2217201#2211","2015-12-15 00:00:00","2023-07-28 10:12:26","","25"
"25286","臺文館台灣e散文-104年7月至12月最新作品目錄","檔案資料","求學及進修","白金","CSV","https://cloud.culture.tw/h_upload_ccacloud/essay-10407-12-new.csv","UTF-8","系統介接程式","國立臺灣文學館之台灣e散文-104年7月至12月最新作品目錄","散文名;部落格名稱;相關網頁發布時間;相關網頁;資料來源網址","文化部","不定期更新","政府資料開放授權條款-第1版","","免費","洪彩圓 小姐","06-2217201#2211","2015-12-15 00:00:00","2023-07-28 10:12:11","","22"
"6224","實體書店","檔案資料","求學及進修","無(白名單)","JSON;XML","https://cloud.culture.tw/frontsite/trans/emapOpenDataAction.do?method=exportEmapJson&typeId=M;https://cloud.culture.tw/frontsite/trans/emapOpenDataAction.do?method=exportEmapXML&typeId=M","UTF-8;UTF-8","系統介接程式","文化部收錄特色書店的資料。
","groupTypeName(群組類別);mainTypeName(主類別);mainTypePK(mainTypePK);name(名稱);name_eng(名稱英文);representImage(代表圖像);intro(簡介);intro_eng(簡介英文);areaCode(郵遞區號);cityName(縣市);address(地址);longitude(經度);latitude(緯度);hitRate(點閱數)","文化部","每1年","政府資料開放授權條款-第1版","","免費","陳怡君 小姐","02-85126472","2013-07-08 00:00:00","2023-07-27 17:37:20","符合OAS標準之API說明文件網址 https://opendata.culture.tw/openData/openApi/emapJsonM ,符合OAS標準之API說明文件網址 https://opendata.culture.tw/openData/openApi/emapXMLM","50;50"
"15699","111年6月10日，舉辦「國際及兩岸專題系列演講—臺灣在美中科技戰的角色」","檔案資料","求學及進修","金","JSON","https://www.moj.gov.tw/2204/2771/2773/149722/","UTF-8","原始資料","合作交流活動","資料名稱;資料連結;資料日期","法務部國際及兩岸法律司","不定期更新","政府資料開放授權條款-第1版","","免費","林先生","21910189*7212","2015-06-03 00:00:00","2023-07-25 14:31:31","","1"
"7547","國立臺灣圖書館臺灣學系列講座資料集","檔案資料","求學及進修","無(白名單)","CSV","https://www.ntl.edu.tw/public/Attachment/27189272826.csv","UTF-8","原始資料","本資料集主要提供國立臺灣圖書館為加強推廣與深化臺灣學研究，辦理臺灣學系列講座之場次、時間、主講人、主講人職稱、講題、時間、地點、線上演講廳授權等訊息。","年度;場次;日期;主講人;職 稱;講題;地點;線上演講廳授權","國立臺灣圖書館","不定期更新","政府資料開放授權條款-第1版","http://www.ntl.edu.tw/ct.asp?xItem=14222&ctNode=472&mp=1","免費","陳先生","0229266888#4221","2013-12-27 00:00:00","2023-07-24 16:51:47","授權說明網址: http://data.gov.tw/license","89"
"160527","111年新竹縣政府公務人員參訓人數","檔案資料","求學及進修","白金","XLSX;CSV;XML;JSON","https://ws.hsinchu.gov.tw/001/Upload/1/opendata/8774/1940/99a740c7-d754-454c-8abe-b3737fd63adb.xlsx;https://ws.hsinchu.gov.tw/001/Upload/1/opendata/8774/1940/99a740c7-d754-454c-8abe-b3737fd63adb.csv;https://ws.hsinchu.gov.tw/001/Upload/1/opendata/8774/1940/99a740c7-d754-454c-8abe-b3737fd63adb.xml;https://ws.hsinchu.gov.tw/001/Upload/1/opendata/8774/1940/99a740c7-d754-454c-8abe-b3737fd63adb.json","UTF-8;BIG5;UTF-8;UTF-8","系統介接程式","公務人員參訓人數","編號;類別;課程名稱;日期;時間;人數","人事處","不定期更新","政府資料開放授權條款-第1版","","免費","許立欣|先生","03-5518101#3822","2023-01-18 00:00:00","2023-07-11 14:10:37","","0;0;0;0"
"148037","110年新竹縣政府公務人員參訓人數","檔案資料","求學及進修","白金","XLSX;CSV;XML;JSON","https://ws.hsinchu.gov.tw/001/Upload/1/opendata/8774/1601/d3b71bc1-f8ce-4a79-a269-27849ffdbc84.xlsx;https://ws.hsinchu.gov.tw/001/Upload/1/opendata/8774/1601/d3b71bc1-f8ce-4a79-a269-27849ffdbc84.csv;https://ws.hsinchu.gov.tw/001/Upload/1/opendata/8774/1601/d3b71bc1-f8ce-4a79-a269-27849ffdbc84.xml;https://ws.hsinchu.gov.tw/001/Upload/1/opendata/8774/1601/d3b71bc1-f8ce-4a79-a269-27849ffdbc84.json","UTF-8;BIG5;UTF-8;UTF-8","系統介接程式","公務人員參訓人數","編號;類別;課程名稱;日期;時間;人數","人事處","不定期更新","政府資料開放授權條款-第1版","","免費","王鈴玫|女士","03-5518101#3827","2022-02-07 00:00:00","2023-07-11 14:10:35","","0;0;0;0"
"136489","109年新竹縣政府公務人員參訓人數","檔案資料","求學及進修","金","XLSX;CSV;XML;JSON","https://ws.hsinchu.gov.tw/001/Upload/1/opendata/8774/1153/e1fbabf8-e3f8-46c6-b77c-ba42935a19b5.xlsx;https://ws.hsinchu.gov.tw/001/Upload/1/opendata/8774/1153/e1fbabf8-e3f8-46c6-b77c-ba42935a19b5.csv;https://ws.hsinchu.gov.tw/001/Upload/1/opendata/8774/1153/e1fbabf8-e3f8-46c6-b77c-ba42935a19b5.xml;https://ws.hsinchu.gov.tw/001/Upload/1/opendata/8774/1153/e1fbabf8-e3f8-46c6-b77c-ba42935a19b5.json","UTF-8;BIG5;UTF-8;UTF-8","系統介接程式","統計109年新竹縣政府辦理之公務人員訓練課程及參訓人數","編號;類別;課程名稱;日期;時間;人數","人事處","不定期更新","政府資料開放授權條款-第1版","","免費","曾意倫|女士","03-5518101#3821","2021-01-20 00:00:00","2023-07-11 14:10:33","","0;0;0;0"
"114545","108年新竹縣政府公務人員參訓人數","檔案資料","求學及進修","白金","XLSX;CSV;XML;JSON","https://ws.hsinchu.gov.tw/001/Upload/1/opendata/8774/656/cbc5f6b8-7dce-4baf-b9d7-cd8b8d126b7e.xlsx;https://ws.hsinchu.gov.tw/001/Upload/1/opendata/8774/656/cbc5f6b8-7dce-4baf-b9d7-cd8b8d126b7e.csv;https://ws.hsinchu.gov.tw/001/Upload/1/opendata/8774/656/cbc5f6b8-7dce-4baf-b9d7-cd8b8d126b7e.xml;https://ws.hsinchu.gov.tw/001/Upload/1/opendata/8774/656/cbc5f6b8-7dce-4baf-b9d7-cd8b8d126b7e.json","UTF-8;BIG5;UTF-8;UTF-8","系統介接程式","108年新竹縣政府公務人員參訓人數列表","編號;類別;課程名稱;日期;時間;人數","人事處","不定期更新","政府資料開放授權條款-第1版","","免費","廖|女士","03-5518101#3821","2020-01-15 00:00:00","2023-07-11 14:10:31","","0;0;0;0"
"109392","105年新竹縣政府公務人員參訓人數","檔案資料","求學及進修","白金","XLSX;CSV;XML;JSON","https://ws.hsinchu.gov.tw/001/Upload/1/opendata/8774/399/4b3570ee-89de-485d-9afb-423800ed1b35.xlsx;https://ws.hsinchu.gov.tw/001/Upload/1/opendata/8774/399/4b3570ee-89de-485d-9afb-423800ed1b35.csv;https://ws.hsinchu.gov.tw/001/Upload/1/opendata/8774/399/4b3570ee-89de-485d-9afb-423800ed1b35.xml;https://ws.hsinchu.gov.tw/001/Upload/1/opendata/8774/399/4b3570ee-89de-485d-9afb-423800ed1b35.json","UTF-8;BIG5;UTF-8;UTF-8","系統介接程式","105年新竹縣政府公務人員參訓人數列表","編號;日期;時間;課程名稱;參加人數","人事處","不定期更新","政府資料開放授權條款-第1版","","免費","廖小姐|女士","03-5518101#3821","2019-10-14 00:00:00","2023-07-11 11:40:36","","0;0;0;0"
"109393","106年新竹縣政府公務人員參訓人數","檔案資料","求學及進修","白金","XLSX;CSV;XML;JSON","https://ws.hsinchu.gov.tw/001/Upload/1/opendata/8774/401/5ebf004b-765b-4940-af11-ed78f1062bb7.xlsx;https://ws.hsinchu.gov.tw/001/Upload/1/opendata/8774/401/5ebf004b-765b-4940-af11-ed78f1062bb7.csv;https://ws.hsinchu.gov.tw/001/Upload/1/opendata/8774/401/5ebf004b-765b-4940-af11-ed78f1062bb7.xml;https://ws.hsinchu.gov.tw/001/Upload/1/opendata/8774/401/5ebf004b-765b-4940-af11-ed78f1062bb7.json","UTF-8;BIG5;UTF-8;UTF-8","系統介接程式","新竹縣106年公務人員參訓人數","編號;日期;時間;課程名稱;參加人數","人事處","不定期更新","政府資料開放授權條款-第1版","","免費","廖|女士","03-5518101#3821","2019-10-14 00:00:00","2023-07-11 11:40:34","","0;0;0;0"
"109394","107年新竹縣政府公務人員參訓人數","檔案資料","求學及進修","白金","XLSX;CSV;XML;JSON","https://ws.hsinchu.gov.tw/001/Upload/1/opendata/8774/402/58cb9bed-7ad7-4b47-8685-6a9f3a51a323.xlsx;https://ws.hsinchu.gov.tw/001/Upload/1/opendata/8774/402/58cb9bed-7ad7-4b47-8685-6a9f3a51a323.csv;https://ws.hsinchu.gov.tw/001/Upload/1/opendata/8774/402/58cb9bed-7ad7-4b47-8685-6a9f3a51a323.xml;https://ws.hsinchu.gov.tw/001/Upload/1/opendata/8774/402/58cb9bed-7ad7-4b47-8685-6a9f3a51a323.json","UTF-8;BIG5;UTF-8;UTF-8","系統介接程式","107年新竹縣政府公務人員參訓人數列表","編號;日期;時間;課程名稱;參加人數","人事處","不定期更新","政府資料開放授權條款-第1版","","免費","廖|女士","03-5518101#3821","2019-10-14 00:00:00","2023-07-11 11:40:32","","0;0;0;0"
"42468","104年新竹縣政府公務人員參訓人數","檔案資料","求學及進修","白金","XLSX;CSV;XML;JSON","https://ws.hsinchu.gov.tw/001/Upload/1/opendata/8774/23/e76cac90-a7fa-4203-86b4-dd2c0240d31c.xlsx;https://ws.hsinchu.gov.tw/001/Upload/1/opendata/8774/23/e76cac90-a7fa-4203-86b4-dd2c0240d31c.csv;https://ws.hsinchu.gov.tw/001/Upload/1/opendata/8774/23/e76cac90-a7fa-4203-86b4-dd2c0240d31c.xml;https://ws.hsinchu.gov.tw/001/Upload/1/opendata/8774/23/e76cac90-a7fa-4203-86b4-dd2c0240d31c.json","UTF-8;BIG5;UTF-8;UTF-8","系統介接程式","104年新竹縣政府公務人員參訓人數統計表","編號;日期;時間;課程名稱;參加人數","人事處","不定期更新","政府資料開放授權條款-第1版","","免費","廖小姐|女士","03-5518101#3821","2016-03-08 13:22:10","2023-07-11 09:17:36","","0;0;0;0"
"23375","法務部司法官學院圖書室圖書資訊查詢系統","檔案資料","求學及進修","金","JSON","https://www.tpi.moj.gov.tw/media/325235/lib.json","UTF-8","原始資料","法務部司法官訓練所(102年7月1日改制為法務部司法官學院)於民國62年始設立圖書室，以建立法律專門圖書館為鵠的，積極擬訂年度增書計畫，逐年採購國內、外書刊、雜誌並蒐集、影印國內、外過期之刊物，與各圖書館建立館際合作，對外開放，供學術界及司法界同仁參閱使用。同時持續維護建置書目資料庫、圖書目次和期刊目次系統資料庫，以供讀者於線上檢索館藏資源。","系統名稱;圖書查詢;查詢位址","法務部司法官學院","不定期更新","政府資料開放授權條款-第1版","https://www.library.tw/tpimoj_opac/index.aspx","免費","林小姐","0227331047#1316","2015-10-12 00:00:00","2023-07-07 08:51:33","更新頻率說明: 書目資料庫每周更新
授權說明網址: http://data.gov.tw/license","1"
"30573","私立大專校院學校財務相關比率","檔案資料","求學及進修","金","CSV","https://ws.moe.edu.tw/001/Upload/4/relfile/0/4762/4c4784ce-4307-47c3-a0a6-9eff2f8202f7.csv","BIG5","原始資料","1.提供私立大專校院重要財務比率分析資料。
2.與大專校院校務資訊公開平臺之「財2-5.私立學校財務相關比率-以『校』統計」資料來源相同。
3.自106學年度起停止適用。","學年度;設立別;學校類別;學校統計處代碼;學校名稱;營運能力-累積餘絀比率燈號;營運能力-累積餘絀比率(%)數值;營運能力-資產效益比率燈號;營運能力-資產效益比率(%)數值;營運能力-學雜費收入變動率燈號;營運能力-學雜費收入變動率(%)數值;償債能力-現金流量比率燈號;償債能力-現金流量比率(%)數值;償債能力-速動比率燈號;償債能力-速動比率(%)數值;財務結構-負債變動率燈號;財務結構-負債變動率(%)數值;其他-舉債指數","教育部高等教育司","不定期更新","政府資料開放授權條款-第1版","https://udb.moe.edu.tw/DetailReportList/%E8%B2%A1%E5%8B%99%E9%A1%9E/AccountingPrivateFinanceRatio/Index","免費","張小姐","02-77365960","2016-04-14 00:00:00","2023-06-28 15:06:54","授權說明網址: http://data.gov.tw/license","112"
"30665","公立大專校院學校財務相關比率","檔案資料","求學及進修","金","CSV","https://ws.moe.edu.tw/001/Upload/4/relfile/0/4761/c67b7e32-8057-4d99-bc0e-0c3124a53ce6.csv","UTF-8","原始資料","1.提供公立大專校院學校財務相關比率資料。
2.與大專校院校務資訊公開平臺之「財1-5.國立學校財務相關比率-以『校』統計」資料來源相同。","年度;設立別;學校類別;學校統計處代碼;基金名稱;學雜費收入占總收入比率(%)(財務結構，註1);負債占總資產比率(%)(財務結構允當性);速動比率(%)(短期償債能力);營運活動淨現金流量占流動負債比率(%)(指學校營運產生的主要收支現金賸餘，用以償還流動負債之能力)","教育部高等教育司","不定期更新","政府資料開放授權條款-第1版","https://udb.moe.edu.tw/DetailReportList/%E8%B2%A1%E5%8B%99%E9%A1%9E/AccountingPublicFinanceRatio/Index","免費","許小姐","02-77365952","2016-04-19 00:00:00","2023-06-28 15:06:16","更新頻率說明: 每年10月
授權說明網址: http://data.gov.tw/license","146"
"26213","私立大專校院學校各項資本支出情形","檔案資料","求學及進修","金","CSV","https://ws.moe.edu.tw/001/Upload/4/relfile/0/4747/db9fb7a6-52a9-4cb8-b8fc-b7ee8eb40187.csv","UTF-8","原始資料","1.提供私立大專校院學校各項資本支出情形
（1）包含機械儀器及設備、圖書及博物、無形資產、土地及土地改良物、房屋及建築、其他動產及不動產。
（2）本表之各項金額數據以新臺幣「千元」為統計單位。
（3）105學年度決算尚未備查者：中國文化大學、明道大學。106學年度決算尚未備查者：中國文化大學、明道大學、亞太學校財團法人亞太創意技術學院。
2.與大專校院校務資訊公開平臺之「財2-8.私立學校各項資本支出情形-以『校』統計」資料相同。","學年度;設立別;學校類別;學校統計處代碼;學校名稱;機械儀器及設備(單位：千元);圖書及博物(單位：千元);無形資產(單位：千元);土地及土地改良物(單位：千元);房屋及建築(單位：千元);其他動產及不動產(單位：千元);合計 (單位：千元)","教育部高等教育司","不定期更新","政府資料開放授權條款-第1版","","免費","張小姐","02-77365960","2016-01-06 00:00:00","2023-06-28 11:57:53","更新頻率說明: 每年10月
授權說明網址: http://data.gov.tw/license","332"
"26202","私立大專校院學校各項收入情形","檔案資料","求學及進修","金","CSV","https://ws.moe.edu.tw/001/Upload/4/relfile/0/4742/c92f9af7-cf90-4cce-907e-5a48d72d0e68.csv","UTF-8","原始資料","1.提供私立大專校院學校各項收入情形。
(1)收入係指學校之學雜費收入、推廣及產學收入、補助收入、受贈收入、利息收入、投資、基金及附屬機構收益及其他收入等分類及合計。
(2)其他收入係指主要為試務費收入、住宿費收入及財產交易賸餘等收入。
(3)本表之各項金額數據以新臺幣「千元」為統計單位。
(4)105學年度決算尚未備查者：中國文化大學、明道大學。106學年度決算尚未備查者：中國文化大學、明道大學、亞太學校財團法人亞太創意技術學院。
2.與大專校院校務資訊公開平臺之「財2-6.私立學校各項收入情形-以『校』統計」資料相同。","學年度;設立別;學校類別;學校統計處代碼;學校名稱;學雜費收入金額(單位：千元);學雜費收入(%);推廣及產學收入金額(單位：千元);推廣及產學收入(%);補助收入金額(單位：千元);補助收入(%);受贈收入金額(單位：千元);受贈收入(%);利息收入金額(單位：千元);利息收入(%);投資、基金及附屬機構收益金額(單位：千元);投資、基金及附屬機構收益(%);其他收入金額(單位：千元);其他收入(%);合計金額(單位：千元);合計(%)","教育部高等教育司","不定期更新","政府資料開放授權條款-第1版","","免費","張小姐","02-77365960","2016-01-06 00:00:00","2023-06-28 11:55:46","更新頻率說明: 每年10月
授權說明網址: http://data.gov.tw/license","332"
"18749","大學校院遠距課程開設情形","檔案資料","求學及進修","金","CSV","https://ws.moe.edu.tw/001/Upload/4/relfile/0/5051/8f8f0105-b5bb-424e-9921-acd69358eda6.csv","UTF-8","原始資料","依據大學校院課程資源網資料提供，內容為108學年度大學校院遠距課程開設情形","開課年度;開課學期;校名;課程名稱;系所名稱;年級;學分數;學制;必選修;總修課人數","教育部高等教育司","不定期更新","政府資料開放授權條款-第1版","","免費","賴小姐","0277365769","2015-08-05 00:00:00","2023-06-01 11:10:52","更新頻率說明: 每學期
授權說明網址: http://data.gov.tw/license","1296"
"24729","大專校院建立跨國學位合作(雙聯學制)校數","檔案資料","求學及進修","金","CSV","https://ws.moe.edu.tw/001/Upload/4/relfile/0/4740/4fba6d15-0b29-486b-9b52-d1eb33162a2e.csv","UTF-8","原始資料","1.提供大專校院與國外大學建立跨國（境）學合作（雙聯學制）校數統計。
2.與大專校院校務資訊公開平臺之「學11.學校建立跨國學位合作（雙聯學制）之校數-以『校』統計」資料相同。
","學年度;設立別;學校類別;學校統計處代碼;學校名稱;合作學校國家(地區)別;合作學校國家(地區)區域別;與國外及兩岸學校建立姊妹校數(109.02新增);建立跨國(境)學位合作(雙聯學制)學校數;與國外及兩岸學校進行學術合作交流計畫之件數(109.02新增)","教育部高等教育司","不定期更新","政府資料開放授權條款-第1版","","免費","莊小姐","02-77365991","2015-11-23 00:00:00","2023-06-01 10:55:55","更新頻率說明: 每年10月　
授權說明網址: http://data.gov.tw/license","4755"
"43274","大學碩士在職專班新生招生名額分配核定表","檔案資料","求學及進修","金","CSV","https://ws.moe.edu.tw/001/Upload/4/relfile/0/5033/9d0622bf-4f07-4dca-a88a-a4dbe49d082c.csv","BIG5","原始資料","求學及進修: 係指各種學習、教育等相關資料集","學校名稱;系所(組)名稱;量內名額-一般;量內名額-教師在職進修-未分組;量內名額-教師在職進修-高中職;量內名額-教師在職進修-國中;量內名額-教師在職進修-國小;量內名額-數位學習;量內名額-小計;外加名額-AI;外加名額-資訊安全;資通訊擴充名額;備註","教育部高等教育司","不定期更新","政府資料開放授權條款-第1版","","免費","陳小姐","0277366088","2017-02-15 00:00:00","2023-06-01 10:10:11","授權說明網址: http://data.gov.tw/license","773"
"25660","國際企業經營班海外派訓合作單位資訊","檔案資料","求學及進修","白金","CSV","https://www.trade.gov.tw/OpenData/getOpenData.aspx?oid=E0B240A0E26217A8","UTF-8","原始資料","基於培養能於海外獨立作業之行銷業務經理人為目標，國際企業經營班自民國76年開始辦理，已培訓4,413名結業校友，目前設有新竹光復、東山校區、台中校區及105年將成立之高雄校區，該班以外語與經貿課程為兩個主軸貫穿培訓，與國內大學研究所不同，因此頗受企業的重視與歡迎。目前設有兩年期英語組、日語組、歐亞語組（德、法、西、葡、俄、韓、阿、印尼、越南）及一年期英語組，並提供88年至105年派訓合作資訊。至於兩年期歐亞語組，第一年於新竹校區完成經貿、英語及第二外語基礎課程後，第二年分赴歐、韓、約旦等國學習主修之語言。學員將學習與生活融為一體，以提升語言學習效果。","培訓語組;派訓地點;派訓學校;合作年份;語言培訓分級制度;網站連結","經濟部國際貿易署","不定期更新","政府資料開放授權條款-第1版","","免費","黃小姐","0223977324","2015-12-30 00:00:00","2023-04-19 17:34:56","授權說明網址: http://data.gov.tw/license","9"
"25696","大學日間學制學士班招生名額","檔案資料","求學及進修","金","CSV;CSV","https://ws.moe.edu.tw/001/Upload/4/relfile/0/4727/6be3cd75-2337-4c3d-8791-e9ff67a7041c.csv;https://ws.moe.edu.tw/001/Upload/4/relfile/0/5029/f4ecb25b-d393-4d35-a6d7-dae34299d72d.csv","BIG5;BIG5","原始資料","提供大學日間學制學士班招生名額","學校名稱;系所(組)名稱;107學年度核定招生名額;班數;大學多元入學-考試分發入學;大學多元入學-繁星推薦入學;大學多元入學-個人申請入學-一般;大學多元入學-個人申請入學-青年儲蓄帳戶組;四技二專-甄選入學;四技二專-登記分發入學;四技二專-技優入學;四技二專-青年儲蓄帳戶組;運動績優-甄試;運動績優-單獨招生;單獨招生-全校單招;單獨招生-學系單招;單獨招生-特殊選才;單獨招生-其他;外加名額-大學多元入學-繁星推薦入學;外加名額-大學多元入學-個人申請入學;外加名額-大學多元入學-單獨招生;外加名額-四技二專技優入學","教育部高等教育司","每年","政府資料開放授權條款-第1版","","免費","陳小姐","0277365892","2016-01-06 00:00:00","2021-03-23 14:58:08","授權說明網址: http://data.gov.tw/license","1819;1775"
"26206","大學、技專校院各系所延修生數","檔案資料","求學及進修","金","CSV","https://ws.moe.edu.tw/001/Upload/4/relfile/0/4744/a4420739-30ba-472f-a0f5-e5ecd622cb47.csv","UTF-8","原始資料","1.大學、技專校院各系所(學士班、碩士班、博士班)延修生數。
2.與大專校院校務資訊公開平臺之「學4.日間學士班以下申請延長修業年限之延修生數-以『系(所)』統計」資料相同。","學年度;設立別;學校類別;學校統計處代碼;學校名稱;系所代碼;系所名稱;學制班別;性別;申請延長修業年限因素之學生人數-小計;申請延長修業年限因素之學生人數-因畢業學分未修滿因素;申請延長修業年限因素之學生人數-因未通過畢業門檻(條件)因素;申請延長修業年限因素之學生人數-因修讀雙主修因素;申請延長修業年限因素之學生人數-因修讀輔系因素;申請延長修業年限因素之學生人數-因修讀跨校學位因素;申請延長修業年限因素之學生人數-因出國學習因素;申請延長修業年限因素之學生人數-因修讀教育學程(學分學程)因素;申請延長修業年限因素之學生人數-其他因素","教育部高等教育司","每年","政府資料開放授權條款-第1版","","免費","蘇小姐","02-77365882","2016-01-06 00:00:00","2021-03-23 14:58:05","更新頻率說明: 每年10月
授權說明網址: http://data.gov.tw/license","15459"
"26238","大學、技專校院各校退學人數","檔案資料","求學及進修","金","CSV","https://ws.moe.edu.tw/001/Upload/4/relfile/0/4758/b3052b5f-c0b0-4484-beda-c43a56fd317a.csv","UTF-8","原始資料","1.大專校院各校(學士班、碩士班、博士班)退學人數。
2.與大專校院校務資訊公開平臺之「學14-2.退學人數-以『校(含學制班別)』統計」資料來源相同。","學年度;學期;設立別;學校類別;學校統計處代碼;學校名稱;學制班別;性別;在學學生數;退學人數小計;因學業成績退學人數;因操行成績退學人數;因志趣不合退學人數;因逾期未註冊退學人數;因休學逾期未復學退學人數;因懷孕退學人數;因育嬰退學人數;因病退學人數;因工作需求退學人數;因經濟困難退學人數;因生涯規劃退學人數;其他(不含死亡)退學人數","教育部高等教育司","每年","政府資料開放授權條款-第1版","https://udb.moe.edu.tw/DetailReportList/%E5%AD%B8%E7%94%9F%E9%A1%9E/StatUniversityDropOutStudent/Index","免費","蘇小姐","02-77365882","2016-01-06 00:00:00","2021-03-23 14:57:37","更新頻率說明: 每年10月
授權說明網址: http://data.gov.tw/license","8015"
"33207","全國大學校院名錄(含學校英文名稱)","檔案資料","求學及進修","金","CSV","https://ws.moe.edu.tw/001/Upload/4/relfile/0/5038/55f39b31-27a0-4009-866a-ea260eb45eaf.csv","UTF-8","原始資料","全國大學校院名錄(含學校英文名稱)","序號;學校
代碼;公私立;體制;學校名稱;學校英文名稱;職稱;姓名;縣市別;第三級
行政區;郵遞
區號;學校地址;學校總機;學校傳真;網址","教育部高等教育司","每年","政府資料開放授權條款-第1版","","免費","蘇小姐","0277365882","2016-07-15 00:00:00","2021-03-23 14:57:21","授權說明網址: http://data.gov.tw/license","160"
"37602","港澳專科以上認可學校名冊","檔案資料","求學及進修","金","CSV;CSV;CSV","https://ws.moe.edu.tw/001/Upload/4/relfile/0/4773/60120ffe-165d-448d-b4c8-e594571247c0.csv;https://ws.moe.edu.tw/001/Upload/4/relfile/0/4774/e26bffce-902c-4848-b3e1-ece770f5614e.csv;https://ws.moe.edu.tw/001/Upload/4/relfile/0/4775/3852e55e-33ce-432e-a99a-49e01f4258b3.csv","UTF-8;UTF-8;UTF-8","原始資料","港、澳專科以上認可學校名冊","院校名稱;聯絡地址;連絡網址","教育部高等教育司","每年","政府資料開放授權條款-第1版","","免費","陳小姐","02-77365903","2016-10-17 00:00:00","2021-03-23 14:57:20","更新頻率說明: 依照政府政策或相關教學合作模式，如有需要才變動
授權說明網址: http://data.gov.tw/license","16;11;4"

